status,local_path,original,timestamp,mimetype,bytes,sha256,archive_url,error
cached,wp-content/plugins/elementor/assets/css/frontend-lite.min__q_9127f93745.css,https://joinkuliner.com/wp-content/plugins/elementor/assets/css/frontend-lite.min.css?ver=3.19.4,20240229105348,text/css,118630,3c9ef71cb1059c3b6059b62872bb1cb9eaea460b73ecd5431a8b3fe719a131d7,https://web.archive.org/web/20240229105348id_/https://joinkuliner.com/wp-content/plugins/elementor/assets/css/frontend-lite.min.css?ver=3.19.4,
cached,wp-content/plugins/elementor/assets/css/frontend.min__q_36fa1be129.css,https://joinkuliner.com/wp-content/plugins/elementor/assets/css/frontend.min.css?ver=3.29.2,20250809111631,text/css,53358,5271312dc4effacd655d0b5ef75554749698885a487bf4612b64cd9e9505b54b,https://web.archive.org/web/20250809111631id_/https://joinkuliner.com/wp-content/plugins/elementor/assets/css/frontend.min.css?ver=3.29.2,
cached,wp-content/plugins/elementor/assets/css/frontend.min__q_b24ef37983.css,https://joinkuliner.com/wp-content/plugins/elementor/assets/css/frontend.min.css?ver=3.29.0,20250609032755,text/css,53358,5271312dc4effacd655d0b5ef75554749698885a487bf4612b64cd9e9505b54b,https://web.archive.org/web/20250609032755id_/https://joinkuliner.com/wp-content/plugins/elementor/assets/css/frontend.min.css?ver=3.29.0,
cached,wp-content/plugins/elementor/assets/css/widget-heading.min__q_36fa1be129.css,https://joinkuliner.com/wp-content/plugins/elementor/assets/css/widget-heading.min.css?ver=3.29.2,20250809111555,text/css,600,7b34f1c226a162148905e9269385e05387570331bcdd4d65d4a7df5c731ecb5d,https://web.archive.org/web/20250809111555id_/https://joinkuliner.com/wp-content/plugins/elementor/assets/css/widget-heading.min.css?ver=3.29.2,
cached,wp-content/plugins/elementor/assets/css/widget-heading.min__q_b24ef37983.css,https://joinkuliner.com/wp-content/plugins/elementor/assets/css/widget-heading.min.css?ver=3.29.0,20250609032839,text/css,600,7b34f1c226a162148905e9269385e05387570331bcdd4d65d4a7df5c731ecb5d,https://web.archive.org/web/20250609032839id_/https://joinkuliner.com/wp-content/plugins/elementor/assets/css/widget-heading.min.css?ver=3.29.0,
cached,wp-content/plugins/elementor/assets/css/widget-image.min__q_36fa1be129.css,https://joinkuliner.com/wp-content/plugins/elementor/assets/css/widget-image.min.css?ver=3.29.2,20250809111531,text/css,254,704815e96e1b8e84733520b7f46bbcfd1a065e0b1890dbfc3429a620f034bae9,https://web.archive.org/web/20250809111531id_/https://joinkuliner.com/wp-content/plugins/elementor/assets/css/widget-image.min.css?ver=3.29.2,
cached,wp-content/plugins/elementor/assets/css/widget-image.min__q_b24ef37983.css,https://joinkuliner.com/wp-content/plugins/elementor/assets/css/widget-image.min.css?ver=3.29.0,20250609032821,text/css,254,704815e96e1b8e84733520b7f46bbcfd1a065e0b1890dbfc3429a620f034bae9,https://web.archive.org/web/20250609032821id_/https://joinkuliner.com/wp-content/plugins/elementor/assets/css/widget-image.min.css?ver=3.29.0,
cached,wp-content/plugins/elementor/assets/js/frontend-modules.min__q_36fa1be129.js,https://joinkuliner.com/wp-content/plugins/elementor/assets/js/frontend-modules.min.js?ver=3.29.2,20250809111606,application/javascript,48393,454e41f5c4f3b318bcf8a71a296121220e4912eff7fa43c0896de0f6936b72de,https://web.archive.org/web/20250809111606id_/https://joinkuliner.com/wp-content/plugins/elementor/assets/js/frontend-modules.min.js?ver=3.29.2,
cached,wp-content/plugins/elementor/assets/js/frontend-modules.min__q_b24ef37983.js,https://joinkuliner.com/wp-content/plugins/elementor/assets/js/frontend-modules.min.js?ver=3.29.0,20250610020615,text/javascript,48393,454e41f5c4f3b318bcf8a71a296121220e4912eff7fa43c0896de0f6936b72de,https://web.archive.org/web/20250610020615id_/https://joinkuliner.com/wp-content/plugins/elementor/assets/js/frontend-modules.min.js?ver=3.29.0,
cached,wp-content/plugins/elementor/assets/js/frontend.min__q_36fa1be129.js,https://joinkuliner.com/wp-content/plugins/elementor/assets/js/frontend.min.js?ver=3.29.2,20250809111554,application/javascript,32876,ca1f7ccb6ebf20e7d08cadca4fc3444686f39303e9f08a555e37b5a603e85d13,https://web.archive.org/web/20250809111554id_/https://joinkuliner.com/wp-content/plugins/elementor/assets/js/frontend.min.js?ver=3.29.2,
cached,wp-content/plugins/elementor/assets/js/frontend.min__q_6714388ba2.js,https://joinkuliner.com/wp-content/plugins/elementor/assets/js/frontend.min.js?ver=3.23.3,20241204052218,text/javascript,40249,22c3050a6e8a667b2fbc0a74647a3bac6bbeee4f7b3e70499209b915ac736083,https://web.archive.org/web/20241204052218id_/https://joinkuliner.com/wp-content/plugins/elementor/assets/js/frontend.min.js?ver=3.23.3,
cached,wp-content/plugins/elementor/assets/js/webpack.runtime.min__q_36fa1be129.js,https://joinkuliner.com/wp-content/plugins/elementor/assets/js/webpack.runtime.min.js?ver=3.29.2,20250809111633,application/javascript,5700,fdbac8131b3ff1d5b523a0d8f1373ee03f0d4fac66b8928645adb243841b7bac,https://web.archive.org/web/20250809111633id_/https://joinkuliner.com/wp-content/plugins/elementor/assets/js/webpack.runtime.min.js?ver=3.29.2,
cached,wp-content/plugins/elementor/assets/js/webpack.runtime.min__q_6714388ba2.js,https://joinkuliner.com/wp-content/plugins/elementor/assets/js/webpack.runtime.min.js?ver=3.23.3,20241204061251,text/javascript,4997,02caeda898063a8981b1a6c8afe31a8d12b51e88842338b3c3506771e29af8d9,https://web.archive.org/web/20241204061251id_/https://joinkuliner.com/wp-content/plugins/elementor/assets/js/webpack.runtime.min.js?ver=3.23.3,
cached,wp-content/plugins/elementor/assets/lib/animations/animations.min__q_01229d24c0.css,https://joinkuliner.com/wp-content/plugins/elementor/assets/lib/animations/animations.min.css?ver=3.19.2,20240226043304,text/css,18468,fe513ef974b767510d0a2b9f1b4d3afa53185b89ab617c869e5e3d6db960192c,https://web.archive.org/web/20240226043304id_/https://joinkuliner.com/wp-content/plugins/elementor/assets/lib/animations/animations.min.css?ver=3.19.2,
cached,wp-content/plugins/elementor/assets/lib/animations/animations.min__q_1c11837ab9.css,https://joinkuliner.com/wp-content/plugins/elementor/assets/lib/animations/animations.min.css?ver=3.18.1,20231211144823,text/css,18468,fe513ef974b767510d0a2b9f1b4d3afa53185b89ab617c869e5e3d6db960192c,https://web.archive.org/web/20231211144823id_/https://joinkuliner.com/wp-content/plugins/elementor/assets/lib/animations/animations.min.css?ver=3.18.1,
cached,wp-content/plugins/elementor/assets/lib/animations/animations.min__q_6714388ba2.css,https://joinkuliner.com/wp-content/plugins/elementor/assets/lib/animations/animations.min.css?ver=3.23.3,20241204040934,text/css,18468,fe513ef974b767510d0a2b9f1b4d3afa53185b89ab617c869e5e3d6db960192c,https://web.archive.org/web/20241204040934id_/https://joinkuliner.com/wp-content/plugins/elementor/assets/lib/animations/animations.min.css?ver=3.23.3,
cached,wp-content/plugins/elementor/assets/lib/animations/animations.min__q_9127f93745.css,https://joinkuliner.com/wp-content/plugins/elementor/assets/lib/animations/animations.min.css?ver=3.19.4,20240229105350,text/css,18468,fe513ef974b767510d0a2b9f1b4d3afa53185b89ab617c869e5e3d6db960192c,https://web.archive.org/web/20240229105350id_/https://joinkuliner.com/wp-content/plugins/elementor/assets/lib/animations/animations.min.css?ver=3.19.4,
cached,wp-content/plugins/elementor/assets/lib/eicons/css/elementor-icons.min__q_b7b370a493.css,https://joinkuliner.com/wp-content/plugins/elementor/assets/lib/eicons/css/elementor-icons.min.css?ver=5.40.0,20250609032801,text/css,21178,21a164281fdc206afa21ab7f24757702fed6f16d7c5d4824d31179201cfb48ee,https://web.archive.org/web/20250609032801id_/https://joinkuliner.com/wp-content/plugins/elementor/assets/lib/eicons/css/elementor-icons.min.css?ver=5.40.0,
cached,wp-content/plugins/elementor/assets/lib/font-awesome/css/fontawesome.min__q_8dca8df803.css,https://joinkuliner.com/wp-content/plugins/elementor/assets/lib/font-awesome/css/fontawesome.min.css?ver=5.15.3,20250810063552,text/css,58071,fafc4160788beca657ec3e3041976281fb6d54a0e82bb4d22a433f7c6bb8b1d6,https://web.archive.org/web/20250810063552id_/https://joinkuliner.com/wp-content/plugins/elementor/assets/lib/font-awesome/css/fontawesome.min.css?ver=5.15.3,
cached,wp-content/plugins/elementor/assets/lib/font-awesome/css/regular.min__q_8dca8df803.css,https://joinkuliner.com/wp-content/plugins/elementor/assets/lib/font-awesome/css/regular.min.css?ver=5.15.3,20241204052304,text/css,677,eea3d6ccda7f6503078cce9dc41176c1357af1c93a5b3625131ef7cf21c9d7c4,https://web.archive.org/web/20241204052304id_/https://joinkuliner.com/wp-content/plugins/elementor/assets/lib/font-awesome/css/regular.min.css?ver=5.15.3,
cached,wp-content/plugins/elementor/assets/lib/swiper/v8/css/swiper.min__q_fd55fa22b7.css,https://joinkuliner.com/wp-content/plugins/elementor/assets/lib/swiper/v8/css/swiper.min.css?ver=8.4.5,20241204153729,text/css,16471,c57e64fcb72bddafa9c38de574441c3e69ac6c961df96b0cad34da83658bd196,https://web.archive.org/web/20241204153729id_/https://joinkuliner.com/wp-content/plugins/elementor/assets/lib/swiper/v8/css/swiper.min.css?ver=8.4.5,
cached,wp-content/plugins/elementor/assets/lib/waypoints/waypoints.min__q_1df6fb7fb2.js,https://joinkuliner.com/wp-content/plugins/elementor/assets/lib/waypoints/waypoints.min.js?ver=4.0.2,20241204041102,text/javascript,12198,214674cc77aba35ab3567b88e2739fd08e8e96c61d279559ad61874069683ea0,https://web.archive.org/web/20241204041102id_/https://joinkuliner.com/wp-content/plugins/elementor/assets/lib/waypoints/waypoints.min.js?ver=4.0.2,
cached,wp-content/plugins/google-analytics-for-wordpress/assets/js/frontend-gtag.min__q_619d20a61c.js,https://joinkuliner.com/wp-content/plugins/google-analytics-for-wordpress/assets/js/frontend-gtag.min.js?ver=8.22.0,20231211143205,application/javascript,11689,d7bdba02afa8c04c13f280c71a50f8c8186c883711c5dabbd13566dd738bff0a,https://web.archive.org/web/20231211143205id_/https://joinkuliner.com/wp-content/plugins/google-analytics-for-wordpress/assets/js/frontend-gtag.min.js?ver=8.22.0,
cached,wp-content/plugins/google-analytics-for-wordpress/assets/js/frontend-gtag.min__q_b09cbbe337.js,https://joinkuliner.com/wp-content/plugins/google-analytics-for-wordpress/assets/js/frontend-gtag.min.js?ver=8.23.1,20231226145520,application/javascript,11689,d7bdba02afa8c04c13f280c71a50f8c8186c883711c5dabbd13566dd738bff0a,https://web.archive.org/web/20231226145520id_/https://joinkuliner.com/wp-content/plugins/google-analytics-for-wordpress/assets/js/frontend-gtag.min.js?ver=8.23.1,
cached,wp-content/plugins/pro-elements/assets/css/frontend-lite.min__q_266757c82d.css,https://joinkuliner.com/wp-content/plugins/pro-elements/assets/css/frontend-lite.min.css?ver=3.21.2,20241204083158,text/css,11052,1bbf52873467c0e252a46206a194680d6be4e9c4398a6f3bc400f3a68faf6820,https://web.archive.org/web/20241204083158id_/https://joinkuliner.com/wp-content/plugins/pro-elements/assets/css/frontend-lite.min.css?ver=3.21.2,
cached,wp-content/plugins/pro-elements/assets/css/frontend.min__q_266757c82d.css,https://joinkuliner.com/wp-content/plugins/pro-elements/assets/css/frontend.min.css?ver=3.21.2,20250609032738,text/css,456375,67a82ddc9338e8d4015d03b6df0b15a3082039b4d9df0ef767610f9387130f81,https://web.archive.org/web/20250609032738id_/https://joinkuliner.com/wp-content/plugins/pro-elements/assets/css/frontend.min.css?ver=3.21.2,
cached,wp-content/plugins/pro-elements/assets/js/elements-handlers.min__q_266757c82d.js,https://joinkuliner.com/wp-content/plugins/pro-elements/assets/js/elements-handlers.min.js?ver=3.21.2,20241204043132,text/javascript,38281,47b06ac513553f711400896d5d19ff1ffa6e27ebea096026a3e3210ddf6b559e,https://web.archive.org/web/20241204043132id_/https://joinkuliner.com/wp-content/plugins/pro-elements/assets/js/elements-handlers.min.js?ver=3.21.2,
cached,wp-content/plugins/pro-elements/assets/js/frontend.min__q_266757c82d.js,https://joinkuliner.com/wp-content/plugins/pro-elements/assets/js/frontend.min.js?ver=3.21.2,20241204053323,text/javascript,25065,0ad4303d2dbf8f5db7dfc78d82cb9d5a8bd39f5f6d8bfc82f6e08b7c87ea5873,https://web.archive.org/web/20241204053323id_/https://joinkuliner.com/wp-content/plugins/pro-elements/assets/js/frontend.min.js?ver=3.21.2,
cached,wp-content/plugins/pro-elements/assets/js/webpack-pro.runtime.min__q_266757c82d.js,https://joinkuliner.com/wp-content/plugins/pro-elements/assets/js/webpack-pro.runtime.min.js?ver=3.21.2,20241204041435,text/javascript,5824,a76b141f651d500ab9d25232ec34bc341b5a9a930ee22e626f82990e02aae913,https://web.archive.org/web/20241204041435id_/https://joinkuliner.com/wp-content/plugins/pro-elements/assets/js/webpack-pro.runtime.min.js?ver=3.21.2,
cached,wp-content/plugins/wpforms-lite/assets/js/integrations/elementor/frontend.min__q_16adaa8c2c.js,https://joinkuliner.com/wp-content/plugins/wpforms-lite/assets/js/integrations/elementor/frontend.min.js?ver=1.8.5.2,20231211144825,application/javascript,771,2dea57483641f8762937dfd9b09126a9b21c88bd3d7486186003e0bbb9043145,https://web.archive.org/web/20231211144825id_/https://joinkuliner.com/wp-content/plugins/wpforms-lite/assets/js/integrations/elementor/frontend.min.js?ver=1.8.5.2,
cached,wp-content/plugins/zox-alp/scripts/jquery.sticky-kit.min__q_3f6afc87ec.js,https://joinkuliner.com/wp-content/plugins/zox-alp//scripts/jquery.sticky-kit.min.js?ver=6.8.1,20250609032551,text/javascript,2798,8e8230f2d1e6e230d63f5bd3091ea092eb8d1f447b5f6c84c5b776cf4f50a65d,https://web.archive.org/web/20250609032551id_/https://joinkuliner.com/wp-content/plugins/zox-alp//scripts/jquery.sticky-kit.min.js?ver=6.8.1,
cached,wp-content/plugins/zox-alp/scripts/jquery.sticky-kit.min__q_40bced49b0.js,https://joinkuliner.com/wp-content/plugins/zox-alp//scripts/jquery.sticky-kit.min.js?ver=6.7.2,20250403074547,text/javascript,2798,8e8230f2d1e6e230d63f5bd3091ea092eb8d1f447b5f6c84c5b776cf4f50a65d,https://web.archive.org/web/20250403074547id_/https://joinkuliner.com/wp-content/plugins/zox-alp//scripts/jquery.sticky-kit.min.js?ver=6.7.2,
cached,wp-content/plugins/zox-alp/scripts/jquery.sticky-kit.min__q_f0c832bf2c.js,https://joinkuliner.com/wp-content/plugins/zox-alp//scripts/jquery.sticky-kit.min.js?ver=6.6.1,20241204035036,text/javascript,2798,8e8230f2d1e6e230d63f5bd3091ea092eb8d1f447b5f6c84c5b776cf4f50a65d,https://web.archive.org/web/20241204035036id_/https://joinkuliner.com/wp-content/plugins/zox-alp//scripts/jquery.sticky-kit.min.js?ver=6.6.1,
cached,wp-content/plugins/zox-alp/scripts/jquery.waypoints.min__q_3f6afc87ec.js,https://joinkuliner.com/wp-content/plugins/zox-alp//scripts/jquery.waypoints.min.js?ver=6.8.1,20250609032611,text/javascript,10478,42656c5a534309426b3c5452b07c4013df29165e754e36e51d724ad962bebc1f,https://web.archive.org/web/20250609032611id_/https://joinkuliner.com/wp-content/plugins/zox-alp//scripts/jquery.waypoints.min.js?ver=6.8.1,
cached,wp-content/plugins/zox-alp/scripts/jquery.waypoints.min__q_40bced49b0.js,https://joinkuliner.com/wp-content/plugins/zox-alp//scripts/jquery.waypoints.min.js?ver=6.7.2,20250403074548,text/javascript,10478,42656c5a534309426b3c5452b07c4013df29165e754e36e51d724ad962bebc1f,https://web.archive.org/web/20250403074548id_/https://joinkuliner.com/wp-content/plugins/zox-alp//scripts/jquery.waypoints.min.js?ver=6.7.2,
cached,wp-content/plugins/zox-alp/scripts/jquery.waypoints.min__q_f0c832bf2c.js,https://joinkuliner.com/wp-content/plugins/zox-alp//scripts/jquery.waypoints.min.js?ver=6.6.1,20241204043116,text/javascript,10478,42656c5a534309426b3c5452b07c4013df29165e754e36e51d724ad962bebc1f,https://web.archive.org/web/20241204043116id_/https://joinkuliner.com/wp-content/plugins/zox-alp//scripts/jquery.waypoints.min.js?ver=6.6.1,
cached,wp-content/themes/zox-news-child/font-awesome/css/all__q_3f6afc87ec.css,https://joinkuliner.com/wp-content/themes/zox-news-child/font-awesome/css/all.css?ver=6.8.1,20250904180258,text/css,73577,0cb8cc3fee4275e182236ab19c3aae55274f43aa0ffde9c0510d8d59fcf8e5dc,https://web.archive.org/web/20250904180258id_/https://joinkuliner.com/wp-content/themes/zox-news-child/font-awesome/css/all.css?ver=6.8.1,
cached,wp-content/themes/zox-news-child/font-awesome/css/all__q_f0c832bf2c.css,https://joinkuliner.com/wp-content/themes/zox-news-child/font-awesome/css/all.css?ver=6.6.1,20241204175742,text/css,73577,0cb8cc3fee4275e182236ab19c3aae55274f43aa0ffde9c0510d8d59fcf8e5dc,https://web.archive.org/web/20241204175742id_/https://joinkuliner.com/wp-content/themes/zox-news-child/font-awesome/css/all.css?ver=6.6.1,
cached,wp-content/themes/zox-news-child/style__q_f92429cc51.css,https://joinkuliner.com/wp-content/themes/zox-news-child/style.css?ver=1.1.0,20250904181230,text/css,546,334b209cc22693d004730734ed783c39635f37a04f625c450be70cfb2c69172c,https://web.archive.org/web/20250904181230id_/https://joinkuliner.com/wp-content/themes/zox-news-child/style.css?ver=1.1.0,
cached,wp-content/themes/zox-news/css/media-queries__q_3f6afc87ec.css,https://joinkuliner.com/wp-content/themes/zox-news/css/media-queries.css?ver=6.8.1,20250904180444,text/css,125461,54a154c7cfb58f84d9cf10cf29aa979b4a0bbef7058ea7faf05baec4cccd33da,https://web.archive.org/web/20250904180444id_/https://joinkuliner.com/wp-content/themes/zox-news/css/media-queries.css?ver=6.8.1,
cached,wp-content/themes/zox-news/css/media-queries__q_40bced49b0.css,https://joinkuliner.com/wp-content/themes/zox-news/css/media-queries.css?ver=6.7.2,20250403074558,text/css,125461,54a154c7cfb58f84d9cf10cf29aa979b4a0bbef7058ea7faf05baec4cccd33da,https://web.archive.org/web/20250403074558id_/https://joinkuliner.com/wp-content/themes/zox-news/css/media-queries.css?ver=6.7.2,
cached,wp-content/themes/zox-news/css/media-queries__q_f0c832bf2c.css,https://joinkuliner.com/wp-content/themes/zox-news/css/media-queries.css?ver=6.6.1,20250810231923,text/css,125461,54a154c7cfb58f84d9cf10cf29aa979b4a0bbef7058ea7faf05baec4cccd33da,https://web.archive.org/web/20250810231923id_/https://joinkuliner.com/wp-content/themes/zox-news/css/media-queries.css?ver=6.6.1,
cached,wp-content/themes/zox-news/css/reset__q_3f6afc87ec.css,https://joinkuliner.com/wp-content/themes/zox-news/css/reset.css?ver=6.8.1,20250904182920,text/css,1082,a56add0a0fe88ca8ad47ea3def87d8d5934976680db80c6530c0b28529854f0b,https://web.archive.org/web/20250904182920id_/https://joinkuliner.com/wp-content/themes/zox-news/css/reset.css?ver=6.8.1,
cached,wp-content/themes/zox-news/css/reset__q_40bced49b0.css,https://joinkuliner.com/wp-content/themes/zox-news/css/reset.css?ver=6.7.2,20250403074557,text/css,1082,a56add0a0fe88ca8ad47ea3def87d8d5934976680db80c6530c0b28529854f0b,https://web.archive.org/web/20250403074557id_/https://joinkuliner.com/wp-content/themes/zox-news/css/reset.css?ver=6.7.2,
cached,wp-content/themes/zox-news/css/reset__q_f0c832bf2c.css,https://joinkuliner.com/wp-content/themes/zox-news/css/reset.css?ver=6.6.1,20241204043827,text/css,1082,a56add0a0fe88ca8ad47ea3def87d8d5934976680db80c6530c0b28529854f0b,https://web.archive.org/web/20241204043827id_/https://joinkuliner.com/wp-content/themes/zox-news/css/reset.css?ver=6.6.1,
cached,wp-content/themes/zox-news/font-awesome/css/all__q_a8982f8e66.css,https://joinkuliner.com/wp-content/themes/zox-news/font-awesome/css/all.css?ver=6.4.3,20240401152935,text/css,73577,0cb8cc3fee4275e182236ab19c3aae55274f43aa0ffde9c0510d8d59fcf8e5dc,https://web.archive.org/web/20240401152935id_/https://joinkuliner.com/wp-content/themes/zox-news/font-awesome/css/all.css?ver=6.4.3,
cached,wp-content/themes/zox-news/js/flexslider__q_3f6afc87ec.js,https://joinkuliner.com/wp-content/themes/zox-news/js/flexslider.js?ver=6.8.1,20250609032518,text/javascript,22038,71e84f4b3a46857e0ee497d4890e8a90ba4889e3c72d3c39a1ea7f78c1f8065b,https://web.archive.org/web/20250609032518id_/https://joinkuliner.com/wp-content/themes/zox-news/js/flexslider.js?ver=6.8.1,
cached,wp-content/themes/zox-news/js/flexslider__q_40bced49b0.js,https://joinkuliner.com/wp-content/themes/zox-news/js/flexslider.js?ver=6.7.2,20250403074550,text/javascript,22038,71e84f4b3a46857e0ee497d4890e8a90ba4889e3c72d3c39a1ea7f78c1f8065b,https://web.archive.org/web/20250403074550id_/https://joinkuliner.com/wp-content/themes/zox-news/js/flexslider.js?ver=6.7.2,
cached,wp-content/themes/zox-news/js/flexslider__q_f0c832bf2c.js,https://joinkuliner.com/wp-content/themes/zox-news/js/flexslider.js?ver=6.6.1,20250812011620,application/javascript,22038,71e84f4b3a46857e0ee497d4890e8a90ba4889e3c72d3c39a1ea7f78c1f8065b,https://web.archive.org/web/20250812011620id_/https://joinkuliner.com/wp-content/themes/zox-news/js/flexslider.js?ver=6.6.1,
cached,wp-content/themes/zox-news/js/jquery.infinitescroll.min__q_3f6afc87ec.js,https://joinkuliner.com/wp-content/themes/zox-news/js/jquery.infinitescroll.min.js?ver=6.8.1,20250904180610,application/javascript,21705,002d4e61d6efae0d93d62d4c12576e427302f32361e675aaffa3691ecd9ae17d,https://web.archive.org/web/20250904180610id_/https://joinkuliner.com/wp-content/themes/zox-news/js/jquery.infinitescroll.min.js?ver=6.8.1,
cached,wp-content/themes/zox-news/js/jquery.infinitescroll.min__q_40bced49b0.js,https://joinkuliner.com/wp-content/themes/zox-news/js/jquery.infinitescroll.min.js?ver=6.7.2,20250403074551,text/javascript,21705,002d4e61d6efae0d93d62d4c12576e427302f32361e675aaffa3691ecd9ae17d,https://web.archive.org/web/20250403074551id_/https://joinkuliner.com/wp-content/themes/zox-news/js/jquery.infinitescroll.min.js?ver=6.7.2,
cached,wp-content/themes/zox-news/js/jquery.infinitescroll.min__q_f0c832bf2c.js,https://joinkuliner.com/wp-content/themes/zox-news/js/jquery.infinitescroll.min.js?ver=6.6.1,20241204052348,text/javascript,21705,002d4e61d6efae0d93d62d4c12576e427302f32361e675aaffa3691ecd9ae17d,https://web.archive.org/web/20241204052348id_/https://joinkuliner.com/wp-content/themes/zox-news/js/jquery.infinitescroll.min.js?ver=6.6.1,
cached,wp-content/themes/zox-news/js/retina__q_3f6afc87ec.js,https://joinkuliner.com/wp-content/themes/zox-news/js/retina.js?ver=6.8.1,20250904181430,application/javascript,3104,22fd357442cefcbf238c5e06af21e4546e7207b0b7745de9720707f6c8218eba,https://web.archive.org/web/20250904181430id_/https://joinkuliner.com/wp-content/themes/zox-news/js/retina.js?ver=6.8.1,
cached,wp-content/themes/zox-news/js/retina__q_f0c832bf2c.js,https://joinkuliner.com/wp-content/themes/zox-news/js/retina.js?ver=6.6.1,20241204052304,text/javascript,3104,22fd357442cefcbf238c5e06af21e4546e7207b0b7745de9720707f6c8218eba,https://web.archive.org/web/20241204052304id_/https://joinkuliner.com/wp-content/themes/zox-news/js/retina.js?ver=6.6.1,
cached,wp-content/themes/zox-news/js/scripts__q_3f6afc87ec.js,https://joinkuliner.com/wp-content/themes/zox-news/js/scripts.js?ver=6.8.1,20250905040320,application/javascript,127088,37d7fadf2ddf536ba61d7926dae0c936f2986bc6cecc30116978c41b20365113,https://web.archive.org/web/20250905040320id_/https://joinkuliner.com/wp-content/themes/zox-news/js/scripts.js?ver=6.8.1,
cached,wp-content/themes/zox-news/js/scripts__q_40bced49b0.js,https://joinkuliner.com/wp-content/themes/zox-news/js/scripts.js?ver=6.7.2,20250403074549,text/javascript,127088,37d7fadf2ddf536ba61d7926dae0c936f2986bc6cecc30116978c41b20365113,https://web.archive.org/web/20250403074549id_/https://joinkuliner.com/wp-content/themes/zox-news/js/scripts.js?ver=6.7.2,
cached,wp-content/themes/zox-news/js/scripts__q_f0c832bf2c.js,https://joinkuliner.com/wp-content/themes/zox-news/js/scripts.js?ver=6.6.1,20250810185344,application/javascript,127088,37d7fadf2ddf536ba61d7926dae0c936f2986bc6cecc30116978c41b20365113,https://web.archive.org/web/20250810185344id_/https://joinkuliner.com/wp-content/themes/zox-news/js/scripts.js?ver=6.6.1,
cached,wp-content/themes/zox-news/style__q_3f6afc87ec.css,https://joinkuliner.com/wp-content/themes/zox-news/style.css?ver=6.8.1,20250904181744,text/css,139760,2c115741ce2f8c7156c28b144254ceac1f15db045a63e71587b5aa34c7c2d57c,https://web.archive.org/web/20250904181744id_/https://joinkuliner.com/wp-content/themes/zox-news/style.css?ver=6.8.1,
cached,wp-content/themes/zox-news/style__q_40bced49b0.css,https://joinkuliner.com/wp-content/themes/zox-news/style.css?ver=6.7.2,20250403074554,text/css,139760,2c115741ce2f8c7156c28b144254ceac1f15db045a63e71587b5aa34c7c2d57c,https://web.archive.org/web/20250403074554id_/https://joinkuliner.com/wp-content/themes/zox-news/style.css?ver=6.7.2,
cached,wp-content/themes/zox-news/style__q_f0c832bf2c.css,https://joinkuliner.com/wp-content/themes/zox-news/style.css?ver=6.6.1,20250810184918,text/css,139760,2c115741ce2f8c7156c28b144254ceac1f15db045a63e71587b5aa34c7c2d57c,https://web.archive.org/web/20250810184918id_/https://joinkuliner.com/wp-content/themes/zox-news/style.css?ver=6.6.1,
cached,wp-content/uploads/2023/11/rendang-1-100x67.jpg,https://joinkuliner.com/wp-content/uploads/2023/11/rendang-1-100x67.jpg,20231211143149,image/jpeg,3315,ba03aa74f7c3e49317d4d5c3857d89ce830c0cd0b235d7e229fba8ebe3e0934a,https://web.archive.org/web/20231211143149id_/https://joinkuliner.com/wp-content/uploads/2023/11/rendang-1-100x67.jpg,
cached,wp-content/uploads/2023/11/rendang-1-150x100.jpg,https://joinkuliner.com/wp-content/uploads/2023/11/rendang-1-150x100.jpg,20231211143145,image/jpeg,5921,8750a485cf020e57441c38ac6d10823115eec832b4a8cd59576913706eab6157,https://web.archive.org/web/20231211143145id_/https://joinkuliner.com/wp-content/uploads/2023/11/rendang-1-150x100.jpg,
cached,wp-content/uploads/2023/11/rendang-1-250x167.jpg,https://joinkuliner.com/wp-content/uploads/2023/11/rendang-1-250x167.jpg,20231211143146,image/jpeg,13221,b1c546366111445a2f1fd45689aaa7af4e296eb7664543fce8e03a8c16d60f83,https://web.archive.org/web/20231211143146id_/https://joinkuliner.com/wp-content/uploads/2023/11/rendang-1-250x167.jpg,
cached,wp-content/uploads/2023/11/rendang-1-400x267.jpg,https://joinkuliner.com/wp-content/uploads/2023/11/rendang-1-400x267.jpg,20231211143145,image/jpeg,27575,359bded027dca25bc865d219cabbdc3776a4f30c57b2602ea0b11ac2e189c4e9,https://web.archive.org/web/20231211143145id_/https://joinkuliner.com/wp-content/uploads/2023/11/rendang-1-400x267.jpg,
cached,wp-content/uploads/2023/11/rendang-1-500x333.jpg,https://joinkuliner.com/wp-content/uploads/2023/11/rendang-1-500x333.jpg,20231211143147,image/jpeg,39427,8675c2ffb782707dd2a6fd08bc792cc5b1543ae8e8d8d31a132d6310f2b4f7c5,https://web.archive.org/web/20231211143147id_/https://joinkuliner.com/wp-content/uploads/2023/11/rendang-1-500x333.jpg,
cached,wp-content/uploads/2023/11/rendang-1-50x33.jpg,https://joinkuliner.com/wp-content/uploads/2023/11/rendang-1-50x33.jpg,20231211143146,image/jpeg,1507,2ffd6ecd925ce3cc0f9471410a23367ae8e7c6c8fbcd005a0213ffbbf929797e,https://web.archive.org/web/20231211143146id_/https://joinkuliner.com/wp-content/uploads/2023/11/rendang-1-50x33.jpg,
cached,wp-content/uploads/2023/11/rendang-1-550x367.jpg,https://joinkuliner.com/wp-content/uploads/2023/11/rendang-1-550x367.jpg,20231211143150,image/jpeg,45412,583e0667b27d1d735190b38bf55126c7c072e766812ac449b2e61355ec8cb2dc,https://web.archive.org/web/20231211143150id_/https://joinkuliner.com/wp-content/uploads/2023/11/rendang-1-550x367.jpg,
cached,wp-content/uploads/2023/11/rendang-1-650x434.jpg,https://joinkuliner.com/wp-content/uploads/2023/11/rendang-1-650x434.jpg,20231211143144,image/jpeg,59420,e7a29b206d19068e605b61d046043e7a6e5a063c2f9b16eee21029bc2cb4ca36,https://web.archive.org/web/20231211143144id_/https://joinkuliner.com/wp-content/uploads/2023/11/rendang-1-650x434.jpg,
cached,wp-content/uploads/2023/11/rendang-1-768x512.jpg,https://joinkuliner.com/wp-content/uploads/2023/11/rendang-1-768x512.jpg,20231211143144,image/jpeg,76696,82093df500561dc5e08aab46d32d6d745f31c8b3bed04f44fcf19d53bf981ca2,https://web.archive.org/web/20231211143144id_/https://joinkuliner.com/wp-content/uploads/2023/11/rendang-1-768x512.jpg,
cached,wp-content/uploads/2023/11/rendang-1-800x534.jpg,https://joinkuliner.com/wp-content/uploads/2023/11/rendang-1-800x534.jpg,20231211143146,image/jpeg,81321,7d28daf1716b5f5ffc8f5cad7005cd5eb0d0c5f17f3e07ce3e87955215af874d,https://web.archive.org/web/20231211143146id_/https://joinkuliner.com/wp-content/uploads/2023/11/rendang-1-800x534.jpg,
cached,wp-content/uploads/2023/11/rendang-1.jpg,https://joinkuliner.com/wp-content/uploads/2023/11/rendang-1.jpg,20231211143144,image/jpeg,126469,7c02f31e781b77c9fff844a5bf13ea5a30ee13081a96e9d3a8c63a51340598cd,https://web.archive.org/web/20231211143144id_/https://joinkuliner.com/wp-content/uploads/2023/11/rendang-1.jpg,
cached,wp-content/uploads/2023/11/tteobbokki.jpg,https://joinkuliner.com/wp-content/uploads/2023/11/tteobbokki.jpg,20231211143226,image/jpeg,41807,6ee522548a981b1c5d109baf7b7d38c2bab09afa2827ba9bd86279d3506f7ebc,https://web.archive.org/web/20231211143226id_/https://joinkuliner.com/wp-content/uploads/2023/11/tteobbokki.jpg,
cached,wp-content/uploads/2023/12/kuliner-natal-100x49.jpg,https://joinkuliner.com/wp-content/uploads/2023/12/kuliner-natal-100x49.jpg,20231228083213,image/jpeg,3113,b450ce8359b2b28cb58a6f9bf4f33df3f78183596538faf20c171384359daddd,https://web.archive.org/web/20231228083213id_/https://joinkuliner.com/wp-content/uploads/2023/12/kuliner-natal-100x49.jpg,
cached,wp-content/uploads/2023/12/kuliner-natal-150x74.jpg,https://joinkuliner.com/wp-content/uploads/2023/12/kuliner-natal-150x74.jpg,20231228083250,image/jpeg,5428,aa183406115fdf6ee9e669c8bc839a7a020b3abc3dcfccaf026a9d5ec0f056e2,https://web.archive.org/web/20231228083250id_/https://joinkuliner.com/wp-content/uploads/2023/12/kuliner-natal-150x74.jpg,
cached,wp-content/uploads/2023/12/kuliner-natal-200x99.jpg,https://joinkuliner.com/wp-content/uploads/2023/12/kuliner-natal-200x99.jpg,20231228083212,image/jpeg,8377,c587533543003cf355416d19b96b8922b3fefdfec396130364ffe983979c346a,https://web.archive.org/web/20231228083212id_/https://joinkuliner.com/wp-content/uploads/2023/12/kuliner-natal-200x99.jpg,
cached,wp-content/uploads/2023/12/kuliner-natal-250x124.jpg,https://joinkuliner.com/wp-content/uploads/2023/12/kuliner-natal-250x124.jpg,20231228083333,image/jpeg,11838,2c75859a43bbe954be15f324afead3d13e15972af0b1ee6254360f39152dc711,https://web.archive.org/web/20231228083333id_/https://joinkuliner.com/wp-content/uploads/2023/12/kuliner-natal-250x124.jpg,
cached,wp-content/uploads/2023/12/kuliner-natal-300x148.jpg,https://joinkuliner.com/wp-content/uploads/2023/12/kuliner-natal-300x148.jpg,20231228083212,image/jpeg,15556,ade83a70b639a974d488afbf35d7b5cbf73e7687cc10743e6e2bd03b15900a55,https://web.archive.org/web/20231228083212id_/https://joinkuliner.com/wp-content/uploads/2023/12/kuliner-natal-300x148.jpg,
cached,wp-content/uploads/2023/12/kuliner-natal-350x173.jpg,https://joinkuliner.com/wp-content/uploads/2023/12/kuliner-natal-350x173.jpg,20231228083313,image/jpeg,20124,e8ef5d177c9c2b8ad8d4521fed64e47a1bb0bf12fe443c0774d1de30fc8af2a2,https://web.archive.org/web/20231228083313id_/https://joinkuliner.com/wp-content/uploads/2023/12/kuliner-natal-350x173.jpg,
cached,wp-content/uploads/2023/12/kuliner-natal-400x198.jpg,https://joinkuliner.com/wp-content/uploads/2023/12/kuliner-natal-400x198.jpg,20231228083302,image/jpeg,23423,54bd206022ddb0c228891ae25010356f3af7b0ccf746d3306e04047f7ef0a152,https://web.archive.org/web/20231228083302id_/https://joinkuliner.com/wp-content/uploads/2023/12/kuliner-natal-400x198.jpg,
cached,wp-content/uploads/2023/12/kuliner-natal-450x222.jpg,https://joinkuliner.com/wp-content/uploads/2023/12/kuliner-natal-450x222.jpg,20231228083320,image/jpeg,28374,d5eb26c1979e34c996b08f2882cc0d71fe8524d6289e14b27ea476cf0cfd84d2,https://web.archive.org/web/20231228083320id_/https://joinkuliner.com/wp-content/uploads/2023/12/kuliner-natal-450x222.jpg,
cached,wp-content/uploads/2023/12/kuliner-natal-500x247.jpg,https://joinkuliner.com/wp-content/uploads/2023/12/kuliner-natal-500x247.jpg,20231228083156,image/jpeg,32979,97cb4d8b747b8fc83ae6a37e262575290e03cfd6005b8a0ca5bf266c4d2b4364,https://web.archive.org/web/20231228083156id_/https://joinkuliner.com/wp-content/uploads/2023/12/kuliner-natal-500x247.jpg,
cached,wp-content/uploads/2023/12/kuliner-natal-50x25.jpg,https://joinkuliner.com/wp-content/uploads/2023/12/kuliner-natal-50x25.jpg,20231228083214,image/jpeg,1398,a5ef6acd3038ebfd8088e60158d5d6ca3ee85c5e7bbe3738cddb66cdf0eadf75,https://web.archive.org/web/20231228083214id_/https://joinkuliner.com/wp-content/uploads/2023/12/kuliner-natal-50x25.jpg,
cached,wp-content/uploads/2023/12/kuliner-natal-550x272.jpg,https://joinkuliner.com/wp-content/uploads/2023/12/kuliner-natal-550x272.jpg,20231228083340,image/jpeg,37646,994cab738bda2ca788a0017199b324bb56a255d231391f2ccea92b6a7a9dc6fa,https://web.archive.org/web/20231228083340id_/https://joinkuliner.com/wp-content/uploads/2023/12/kuliner-natal-550x272.jpg,
cached,wp-content/uploads/2023/12/kuliner-natal-650x321.jpg,https://joinkuliner.com/wp-content/uploads/2023/12/kuliner-natal-650x321.jpg,20231228083213,image/jpeg,48554,169d0c28233c563efcac79b36c3d2be15129d669dd5ade721e090b25dd6be2b7,https://web.archive.org/web/20231228083213id_/https://joinkuliner.com/wp-content/uploads/2023/12/kuliner-natal-650x321.jpg,
cached,wp-content/uploads/2023/12/kuliner-natal.jpg,https://joinkuliner.com/wp-content/uploads/2023/12/kuliner-natal.jpg,20231228083213,image/jpeg,44596,363ae42fc1ccffac46c251527ac121cdbdd0f42653da0413871196cdf37893dd,https://web.archive.org/web/20231228083213id_/https://joinkuliner.com/wp-content/uploads/2023/12/kuliner-natal.jpg,
cached,wp-content/uploads/elementor/css/global__q_0834748bf8.css,https://joinkuliner.com/wp-content/uploads/elementor/css/global.css?ver=1709203199,20240229105349,text/css,9475,60e3083dd987ec50c560bf8219fd9dfb1a6f3b546c405be9218448f7e0bb9368,https://web.archive.org/web/20240229105349id_/https://joinkuliner.com/wp-content/uploads/elementor/css/global.css?ver=1709203199,
cached,wp-content/uploads/elementor/css/global__q_82c9cf0f69.css,https://joinkuliner.com/wp-content/uploads/elementor/css/global.css?ver=1701964333,20231228083111,text/css,9475,60e3083dd987ec50c560bf8219fd9dfb1a6f3b546c405be9218448f7e0bb9368,https://web.archive.org/web/20231228083111id_/https://joinkuliner.com/wp-content/uploads/elementor/css/global.css?ver=1701964333,
cached,wp-content/uploads/elementor/css/global__q_b5fa93087b.css,https://joinkuliner.com/wp-content/uploads/elementor/css/global.css?ver=1716404259,20241204040639,text/css,40376,58b812f2ee80d7718cd23b6a5c3dd505a19dda8ef81ef1961e5585b47b66344e,https://web.archive.org/web/20241204040639id_/https://joinkuliner.com/wp-content/uploads/elementor/css/global.css?ver=1716404259,
cached,wp-content/uploads/elementor/css/post-126__q_fcf9b97746.css,https://joinkuliner.com/wp-content/uploads/elementor/css/post-126.css?ver=1716406057,20250609055640,text/css,106,b04704c2295cbf77527fad4a032fed3a255b005be2ef8ad59bcbc83f5601b633,https://web.archive.org/web/20250609055640id_/https://joinkuliner.com/wp-content/uploads/elementor/css/post-126.css?ver=1716406057,
cached,wp-content/uploads/elementor/css/post-1911__q_0b1ce14f31.css,https://joinkuliner.com/wp-content/uploads/elementor/css/post-1911.css?ver=1716405003,20241204053942,text/css,11245,d5f41cda88abeee298d67d0678ba4da22320fdaff784d8581cc6f9080f0361ee,https://web.archive.org/web/20241204053942id_/https://joinkuliner.com/wp-content/uploads/elementor/css/post-1911.css?ver=1716405003,
cached,wp-content/uploads/elementor/css/post-331__q_43d02a2b86.css,https://joinkuliner.com/wp-content/uploads/elementor/css/post-331.css?ver=1701964328,20231228083110,text/css,1142,188112542b25798cf5334d1dbaf2e6a5ca848038ffb4ad4c834caf1bcecf4955,https://web.archive.org/web/20231228083110id_/https://joinkuliner.com/wp-content/uploads/elementor/css/post-331.css?ver=1701964328,
cached,wp-content/uploads/elementor/css/post-331__q_7d8f030392.css,https://joinkuliner.com/wp-content/uploads/elementor/css/post-331.css?ver=1716404258,20241204052640,text/css,1205,0a4e41a09670a8c8a052411d74046894ec5174ce36065f0d319c3b7215eba85e,https://web.archive.org/web/20241204052640id_/https://joinkuliner.com/wp-content/uploads/elementor/css/post-331.css?ver=1716404258,
cached,wp-content/uploads/elementor/css/post-331__q_d060cffe0c.css,https://joinkuliner.com/wp-content/uploads/elementor/css/post-331.css?ver=1709203198,20240229105348,text/css,1142,188112542b25798cf5334d1dbaf2e6a5ca848038ffb4ad4c834caf1bcecf4955,https://web.archive.org/web/20240229105348id_/https://joinkuliner.com/wp-content/uploads/elementor/css/post-331.css?ver=1709203198,
cached,wp-content/uploads/elementor/css/post-331__q_fbeeab0133.css,https://joinkuliner.com/wp-content/uploads/elementor/css/post-331.css?ver=1707326243,20240302040814,text/css,1142,188112542b25798cf5334d1dbaf2e6a5ca848038ffb4ad4c834caf1bcecf4955,https://web.archive.org/web/20240302040814id_/https://joinkuliner.com/wp-content/uploads/elementor/css/post-331.css?ver=1707326243,
cached,wp-content/uploads/elementor/css/post-634__q_0b707cc90e.css,https://joinkuliner.com/wp-content/uploads/elementor/css/post-634.css?ver=1703662528,20231228083111,text/css,12143,58693ae3b4c14f16e6c8622f4f21769de2a713ea192d6ba2f6ae9ed723db0839,https://web.archive.org/web/20231228083111id_/https://joinkuliner.com/wp-content/uploads/elementor/css/post-634.css?ver=1703662528,
cached,wp-content/uploads/elementor/css/post-634__q_2c142f5545.css,https://joinkuliner.com/wp-content/uploads/elementor/css/post-634.css?ver=1709204007,20240229105348,text/css,12143,58693ae3b4c14f16e6c8622f4f21769de2a713ea192d6ba2f6ae9ed723db0839,https://web.archive.org/web/20240229105348id_/https://joinkuliner.com/wp-content/uploads/elementor/css/post-634.css?ver=1709204007,
cached,wp-content/uploads/elementor/css/post-634__q_753c981083.css,https://joinkuliner.com/wp-content/uploads/elementor/css/post-634.css?ver=1707326244,20240226043310,text/css,12143,58693ae3b4c14f16e6c8622f4f21769de2a713ea192d6ba2f6ae9ed723db0839,https://web.archive.org/web/20240226043310id_/https://joinkuliner.com/wp-content/uploads/elementor/css/post-634.css?ver=1707326244,
cached,wp-content/uploads/elementor/google-fonts/css/roboto__q_bb566a67ac.css,https://joinkuliner.com/wp-content/uploads/elementor/google-fonts/css/roboto.css?ver=1742271026,20250609032900,text/css,107244,34040356a9efe9b6f28b920866b753a8454f2ecfde9c62018d6c79bf76389a3d,https://web.archive.org/web/20250609032900id_/https://joinkuliner.com/wp-content/uploads/elementor/google-fonts/css/roboto.css?ver=1742271026,
cached,wp-content/uploads/elementor/google-fonts/css/robotoslab__q_8aeb99d408.css,https://joinkuliner.com/wp-content/uploads/elementor/google-fonts/css/robotoslab.css?ver=1742271032,20250609032811,text/css,24885,299ba8cab78336bd29568b8eb13f39e0f4d6c1885cd788bfc6c710ebf7388162,https://web.archive.org/web/20250609032811id_/https://joinkuliner.com/wp-content/uploads/elementor/google-fonts/css/robotoslab.css?ver=1742271032,
cached,wp-includes/css/dashicons.min__q_8570b55ce0.css,https://joinkuliner.com/wp-includes/css/dashicons.min.css?ver=6.4.2,20231211143145,text/css,59016,c21e5a2b32c47bc5f9d9efc97bc0e29fd081946d1d3ebffc5621cfafb1d3960e,https://web.archive.org/web/20231211143145id_/https://joinkuliner.com/wp-includes/css/dashicons.min.css?ver=6.4.2,
cached,wp-includes/css/dashicons.min__q_a8982f8e66.css,https://joinkuliner.com/wp-includes/css/dashicons.min.css?ver=6.4.3,20240226043145,text/css,59016,c21e5a2b32c47bc5f9d9efc97bc0e29fd081946d1d3ebffc5621cfafb1d3960e,https://web.archive.org/web/20240226043145id_/https://joinkuliner.com/wp-includes/css/dashicons.min.css?ver=6.4.3,
cached,wp-includes/css/dist/block-library/style.min__q_8570b55ce0.css,https://joinkuliner.com/wp-includes/css/dist/block-library/style.min.css?ver=6.4.2,20231211143146,text/css,110035,698b89c0da3d319754d6a837b5e6d4e6a42dc402d9ffd7559b8c4cb29c644340,https://web.archive.org/web/20231211143146id_/https://joinkuliner.com/wp-includes/css/dist/block-library/style.min.css?ver=6.4.2,
cached,wp-includes/css/dist/block-library/style.min__q_f0c832bf2c.css,https://joinkuliner.com/wp-includes/css/dist/block-library/style.min.css?ver=6.6.1,20241204043625,text/css,112419,885c89e82436cfa3d0a0a5a9b2f6be6e1503457c810cc88ed2c09b4570ae9fd6,https://web.archive.org/web/20241204043625id_/https://joinkuliner.com/wp-includes/css/dist/block-library/style.min.css?ver=6.6.1,
cached,wp-includes/js/comment-reply.min__q_8570b55ce0.js,https://joinkuliner.com/wp-includes/js/comment-reply.min.js?ver=6.4.2,20231211143148,application/javascript,2981,e174a58a503ab84b3d1b9de12fd3895788204485170f1289e445f7b5b98ec789,https://web.archive.org/web/20231211143148id_/https://joinkuliner.com/wp-includes/js/comment-reply.min.js?ver=6.4.2,
cached,wp-includes/js/comment-reply.min__q_a8982f8e66.js,https://joinkuliner.com/wp-includes/js/comment-reply.min.js?ver=6.4.3,20240229105354,application/javascript,2981,e174a58a503ab84b3d1b9de12fd3895788204485170f1289e445f7b5b98ec789,https://web.archive.org/web/20240229105354id_/https://joinkuliner.com/wp-includes/js/comment-reply.min.js?ver=6.4.3,
cached,wp-includes/js/comment-reply.min__q_f0c832bf2c.js,https://joinkuliner.com/wp-includes/js/comment-reply.min.js?ver=6.6.1,20241204040101,text/javascript,2981,e174a58a503ab84b3d1b9de12fd3895788204485170f1289e445f7b5b98ec789,https://web.archive.org/web/20241204040101id_/https://joinkuliner.com/wp-includes/js/comment-reply.min.js?ver=6.6.1,
cached,wp-includes/js/dist/hooks.min__q_349b227c8f.js,https://joinkuliner.com/wp-includes/js/dist/hooks.min.js?ver=4d63a3d491d11ffd8ac6,20250609032845,text/javascript,4776,9a1e0d38b691f1d22a92cff65ec0439b428170ac39a4493c7ecb06d5585f56a3,https://web.archive.org/web/20250609032845id_/https://joinkuliner.com/wp-includes/js/dist/hooks.min.js?ver=4d63a3d491d11ffd8ac6,
cached,wp-includes/js/dist/i18n.min__q_43f8f00866.js,https://joinkuliner.com/wp-includes/js/dist/i18n.min.js?ver=5e580eb46a90c2b997e6,20241204043615,text/javascript,9141,f313d12ea6124bd28fc4a6b7163d253bb83d5aeab5edce594880c5c3df475cbc,https://web.archive.org/web/20241204043615id_/https://joinkuliner.com/wp-includes/js/dist/i18n.min.js?ver=5e580eb46a90c2b997e6,
cached,wp-includes/js/jquery/jquery-migrate.min__q_ed1ec5e4c7.js,https://joinkuliner.com/wp-includes/js/jquery/jquery-migrate.min.js?ver=3.4.1,20241204052828,text/javascript,13577,5274f11e6fb32ae0cf2dfb9f8043272865c397a7c4223b4cfa7d50ea52fbde89,https://web.archive.org/web/20241204052828id_/https://joinkuliner.com/wp-includes/js/jquery/jquery-migrate.min.js?ver=3.4.1,
cached,wp-includes/js/jquery/jquery.min__q_c8a53ae4de.js,https://joinkuliner.com/wp-includes/js/jquery/jquery.min.js?ver=3.7.1,20241204035740,text/javascript,87553,cb6f2d32c49d1c2b25e9ffc9aaafa3f83075346c01bcd4ae6eb187392a4292cf,https://web.archive.org/web/20241204035740id_/https://joinkuliner.com/wp-includes/js/jquery/jquery.min.js?ver=3.7.1,
cached,wp-includes/js/jquery/ui/core.min__q_7fcce33fae.js,https://joinkuliner.com/wp-includes/js/jquery/ui/core.min.js?ver=1.13.3,20241204055059,text/javascript,21464,7e84c9f8d71bc6eb2dac2fce59a6caea62da51ffa8cf56b41806f59386ab1322,https://web.archive.org/web/20241204055059id_/https://joinkuliner.com/wp-includes/js/jquery/ui/core.min.js?ver=1.13.3,
cached,wp-includes/js/thickbox/thickbox__q_8570b55ce0.css,https://joinkuliner.com/wp-includes/js/thickbox/thickbox.css?ver=6.4.2,20231211143147,text/css,2659,b390a3efe231d9f38b3a706a5765a2a2f0817e761f60a27556171e9a276980e3,https://web.archive.org/web/20231211143147id_/https://joinkuliner.com/wp-includes/js/thickbox/thickbox.css?ver=6.4.2,
cached,wp-includes/js/thickbox/thickbox__q_a8982f8e66.css,https://joinkuliner.com/wp-includes/js/thickbox/thickbox.css?ver=6.4.3,20240226043146,text/css,2659,b390a3efe231d9f38b3a706a5765a2a2f0817e761f60a27556171e9a276980e3,https://web.archive.org/web/20240226043146id_/https://joinkuliner.com/wp-includes/js/thickbox/thickbox.css?ver=6.4.3,
cached,wp-includes/js/wp-util.min__q_8570b55ce0.js,https://joinkuliner.com/wp-includes/js/wp-util.min.js?ver=6.4.2,20231211144820,application/javascript,1426,3bc6467a95cec8fa516c6f5f69e1301e37e16f9bb1046fe7756729249f901b95,https://web.archive.org/web/20231211144820id_/https://joinkuliner.com/wp-includes/js/wp-util.min.js?ver=6.4.2,
cached,wp-includes/js/wp-util.min__q_a8982f8e66.js,https://joinkuliner.com/wp-includes/js/wp-util.min.js?ver=6.4.3,20240401154408,application/javascript,1426,3bc6467a95cec8fa516c6f5f69e1301e37e16f9bb1046fe7756729249f901b95,https://web.archive.org/web/20240401154408id_/https://joinkuliner.com/wp-includes/js/wp-util.min.js?ver=6.4.3,
downloaded,5-franchise-makanan-terbesar-di-indonesia.bin,https://joinkuliner.com/5-franchise-makanan-terbesar-di-indonesia/,20240525084327,unk,1536,60dd799ad49889fa77fbfd397df997996fa356ca2e223eba578d2d9bc70ece70,https://web.archive.org/web/20240525084327id_/https://joinkuliner.com/5-franchise-makanan-terbesar-di-indonesia/,
downloaded,_queries/home__q_333ab41fce.html,https://joinkuliner.com/?s=%7Bsearch_term_string%7D,20250403074540,text/html,84366,2508123bdf59b4b5241d231be4b3edcde9bbfab56d785efd924f882ba897801e,https://web.archive.org/web/20250403074540id_/https://joinkuliner.com/?s=%7Bsearch_term_string%7D,
downloaded,_queries/home__q_5092ac2f46.html,https://joinkuliner.com/?s=hidangan+indonesia,20231226145517,text/html,100308,9d9b67a1ff74114ec687beb36cb81858fd4c733863ff47b397a2114583d507cc,https://web.archive.org/web/20231226145517id_/https://joinkuliner.com/?s=hidangan+indonesia,
downloaded,_queries/home__q_a0f1490a20.html,https://joinkuliner.com/?s,20231211143147,text/html,96376,4d4c6e2b194cffcaf0695bf0f7f7eabe143253db3cab76c93e0edb58546bb473,https://web.archive.org/web/20231211143147id_/https://joinkuliner.com/?s,
downloaded,_queries/login__q_01236f3ca9.html,https://joinkuliner.com/login/?redirect_to=https%3A%2F%2Fjoinkuliner.com%2Freview%2Freview-di-ketupat-sayur-betawi-bang-iis-kemanggisan%2F,20250806152213,text/html,10051,11a9231fc44bc8c0fbf283500343f42a27624b25e82e66887abe0a66a385c5c6,https://web.archive.org/web/20250806152213id_/https://joinkuliner.com/login/?redirect_to=https%3A%2F%2Fjoinkuliner.com%2Freview%2Freview-di-ketupat-sayur-betawi-bang-iis-kemanggisan%2F,
downloaded,_queries/login__q_01ee1e02ce.html,https://joinkuliner.com/login/?redirect_to=https%3A%2F%2Fjoinkuliner.com%2Fkuliner%2Fsoto-cakhar-kelezatan-yang-merayakan-warisan-kuliner-nusantara%2F,20250906222645,text/html,10075,60e3cb48569ac4ad3cc3788486ac03cb482a5491418aec5e48a7ca9e8ccdc13d,https://web.archive.org/web/20250906222645id_/https://joinkuliner.com/login/?redirect_to=https%3A%2F%2Fjoinkuliner.com%2Fkuliner%2Fsoto-cakhar-kelezatan-yang-merayakan-warisan-kuliner-nusantara%2F,
downloaded,_queries/login__q_028b8b7771.html,https://joinkuliner.com/login/?redirect_to=https%3A%2F%2Fjoinkuliner.com%2Ftips%2Fmakanan-sehari-hari-membonsankan-hidup-sehat-dimulai-dari-dapur-anda%2F,20250906235517,text/html,10081,910be22deca34e0861089e9c12f32a2406ceb12cb44f56e69667ef04bcb28871,https://web.archive.org/web/20250906235517id_/https://joinkuliner.com/login/?redirect_to=https%3A%2F%2Fjoinkuliner.com%2Ftips%2Fmakanan-sehari-hari-membonsankan-hidup-sehat-dimulai-dari-dapur-anda%2F,
downloaded,_queries/login__q_0450829433.html,https://joinkuliner.com/login/?redirect_to=https%3A%2F%2Fjoinkuliner.com%2Ftips%2Fmenggali-potensi-kesuksesan-bisnis-franchise-coffee-shop%2F,20250906224955,text/html,10057,51d03c1f3432582cf90450da375bd248a28ac090120a7ff8b3e174228f03f3c8,https://web.archive.org/web/20250906224955id_/https://joinkuliner.com/login/?redirect_to=https%3A%2F%2Fjoinkuliner.com%2Ftips%2Fmenggali-potensi-kesuksesan-bisnis-franchise-coffee-shop%2F,
downloaded,_queries/login__q_0777c27de8.html,https://joinkuliner.com/login/?redirect_to=https%3A%2F%2Fjoinkuliner.com%2Fkuliner%2Fmenu-makanan-paling-diburu-saat-lebaran-lezatnya-tradisi-gastronomi%2F,20250806154435,text/html,10085,71d66cb7b8f8f08d0d4bb968a7ebfdedbdf7b1cd006b464294a48aabf6524390,https://web.archive.org/web/20250806154435id_/https://joinkuliner.com/login/?redirect_to=https%3A%2F%2Fjoinkuliner.com%2Fkuliner%2Fmenu-makanan-paling-diburu-saat-lebaran-lezatnya-tradisi-gastronomi%2F,
downloaded,_queries/login__q_0a4258c15e.html,https://joinkuliner.com/login/?redirect_to=https%3A%2F%2Fjoinkuliner.com%2Funcategorized%2Fmenelusuri-energi-pekat-fenomena-minuman-berenergi-dan-dampaknya-pada-keseharian%2F,20250906222450,text/html,10123,803bd69f8632815de39941da5a7a6d96e3e9279aa4e09d3074b8ee68bd52baba,https://web.archive.org/web/20250906222450id_/https://joinkuliner.com/login/?redirect_to=https%3A%2F%2Fjoinkuliner.com%2Funcategorized%2Fmenelusuri-energi-pekat-fenomena-minuman-berenergi-dan-dampaknya-pada-keseharian%2F,
downloaded,_queries/login__q_0becdb865a.html,https://joinkuliner.com/login/?redirect_to=https%3A%2F%2Fjoinkuliner.com%2Fkuliner%2F10-kuliner-ramadhan-yang-sering-di-jumpai-hanya-di-bulan-puasa%2F,20250806153026,text/html,10075,a442a9a31d0206ac243dfcbd2b230a69f6982882e55a280a7cfeaa39d72aa582,https://web.archive.org/web/20250806153026id_/https://joinkuliner.com/login/?redirect_to=https%3A%2F%2Fjoinkuliner.com%2Fkuliner%2F10-kuliner-ramadhan-yang-sering-di-jumpai-hanya-di-bulan-puasa%2F,
downloaded,_queries/login__q_0dc4c2e4ff.html,https://joinkuliner.com/login/?redirect_to=https%3A%2F%2Fjoinkuliner.com%2Fkuliner%2Fmakanan-yang-efektif-menguatkan-sistem-kekebalan-tubuh-kunci-kesehatan-optimal%2F,20250906231451,text/html,10107,171f0d8d03424f22dfd41ff8adf1ebc9d5a681acbf597ad1311294fd7f538edd,https://web.archive.org/web/20250906231451id_/https://joinkuliner.com/login/?redirect_to=https%3A%2F%2Fjoinkuliner.com%2Fkuliner%2Fmakanan-yang-efektif-menguatkan-sistem-kekebalan-tubuh-kunci-kesehatan-optimal%2F,
downloaded,_queries/login__q_0fa858f38f.html,https://joinkuliner.com/login/?redirect_to=https%3A%2F%2Fjoinkuliner.com%2Funcategorized%2Ffranchise-sistematis-terbaik-di-akhir-2024-mengapa-kemitraan-indofishmart-id-menjadi-pilihan-utama%2F,20250906230358,text/html,10159,a0222225c9dbf65534cc36de91f440796dac664091327a5bdbd2264be7f72fac,https://web.archive.org/web/20250906230358id_/https://joinkuliner.com/login/?redirect_to=https%3A%2F%2Fjoinkuliner.com%2Funcategorized%2Ffranchise-sistematis-terbaik-di-akhir-2024-mengapa-kemitraan-indofishmart-id-menjadi-pilihan-utama%2F,
downloaded,_queries/login__q_0fb80e9135.html,https://joinkuliner.com/login/?redirect_to=https%3A%2F%2Fjoinkuliner.com%2Fkuliner%2Fwarteg-menyelami-kelezatan-dan-keberagaman-kuliner-indonesia%2F,20250906225715,text/html,10071,55d5ae9559272bf2b2c61dd96c75a6dc16ff5972a6842cf09817bbcfa7c8bb6f,https://web.archive.org/web/20250906225715id_/https://joinkuliner.com/login/?redirect_to=https%3A%2F%2Fjoinkuliner.com%2Fkuliner%2Fwarteg-menyelami-kelezatan-dan-keberagaman-kuliner-indonesia%2F,
downloaded,_queries/login__q_13f02852f6.html,https://joinkuliner.com/login/?redirect_to=https%3A%2F%2Fjoinkuliner.com%2Funcategorized%2Fapakah-warteg-termasuk-fast-food-memahami-perbedaan-dan-keunikan-konsep-kuliner-indonesia%2F,20250806145651,text/html,10141,45944634aeb563818a61f1f8a50c6a1d2b9db8c301cf2f968667997b4bd87bc0,https://web.archive.org/web/20250806145651id_/https://joinkuliner.com/login/?redirect_to=https%3A%2F%2Fjoinkuliner.com%2Funcategorized%2Fapakah-warteg-termasuk-fast-food-memahami-perbedaan-dan-keunikan-konsep-kuliner-indonesia%2F,
downloaded,_queries/login__q_15a5ef8b60.html,https://joinkuliner.com/login/?redirect_to=https%3A%2F%2Fjoinkuliner.com%2Fkuliner%2Frahasia-lezat-kue-pancong-yang-menggoda-selera-resep-sejarah-dan-tips-penyajian%2F,20250906233402,text/html,10109,b1249e434ce82116bdc257c1a24014b5a38c9840eeb2f61b717bd2c16fb8fd8f,https://web.archive.org/web/20250906233402id_/https://joinkuliner.com/login/?redirect_to=https%3A%2F%2Fjoinkuliner.com%2Fkuliner%2Frahasia-lezat-kue-pancong-yang-menggoda-selera-resep-sejarah-dan-tips-penyajian%2F,
downloaded,_queries/login__q_1938064128.html,https://joinkuliner.com/login/?redirect_to=https%3A%2F%2Fjoinkuliner.com%2Fkuliner%2Frahasia-kesuksesan-rendang-panduan-langkah-demi-langkah-membuat-rendang-yang-lezat%2F,20250806153729,text/html,10115,6e46843f5d96413c2a3051230194a2ba717cf13e27011c98c0f5626e5f3bfff2,https://web.archive.org/web/20250806153729id_/https://joinkuliner.com/login/?redirect_to=https%3A%2F%2Fjoinkuliner.com%2Fkuliner%2Frahasia-kesuksesan-rendang-panduan-langkah-demi-langkah-membuat-rendang-yang-lezat%2F,
downloaded,_queries/login__q_19dd9dc0b6.html,https://joinkuliner.com/login/?redirect_to=https%3A%2F%2Fjoinkuliner.com%2Fkuliner%2Fmenikmati-kelezatan-jajanan-palembang-warisan-kuliner-nusantara%2F,20250906221803,text/html,10077,137f594827f9e4be3dd1f56e58b50d432a1c8d21f2361e61ec24d264f594e31e,https://web.archive.org/web/20250906221803id_/https://joinkuliner.com/login/?redirect_to=https%3A%2F%2Fjoinkuliner.com%2Fkuliner%2Fmenikmati-kelezatan-jajanan-palembang-warisan-kuliner-nusantara%2F,
downloaded,_queries/login__q_1b6c4cb7dc.html,https://joinkuliner.com/login/?redirect_to=https%3A%2F%2Fjoinkuliner.com%2Fpeluang-usaha-kuliner%2Finfo-biaya-kemitraan-alfamart-dan-cara-pengajuanya%2F,20250906235719,text/html,10079,4e1dbf8e750c8b8b234155823e1b8ea9e0b80a14fb4a4c259dbae84a83ed317a,https://web.archive.org/web/20250906235719id_/https://joinkuliner.com/login/?redirect_to=https%3A%2F%2Fjoinkuliner.com%2Fpeluang-usaha-kuliner%2Finfo-biaya-kemitraan-alfamart-dan-cara-pengajuanya%2F,
downloaded,_queries/login__q_1ea063bb6e.html,https://joinkuliner.com/login/?redirect_to=https%3A%2F%2Fjoinkuliner.com%2Fkuliner%2Fmemetakan-kelezatan-masa-kini-menelusuri-kuliner-trend-terkini%2F,20250906222243,text/html,10075,e301369467a07f752c49f3e24c53f642b6ba0d4a338481d95ea0f6242a1f2455,https://web.archive.org/web/20250906222243id_/https://joinkuliner.com/login/?redirect_to=https%3A%2F%2Fjoinkuliner.com%2Fkuliner%2Fmemetakan-kelezatan-masa-kini-menelusuri-kuliner-trend-terkini%2F,
downloaded,_queries/login__q_1ed4af56d2.html,https://joinkuliner.com/login/?redirect_to=https%3A%2F%2Fjoinkuliner.com%2Fkuliner%2Fnasi-kandar-jejak-sejarah-kenikmatan-rasa-dan-rekomendasi-terbaik%2F,20250806145234,text/html,10081,c0e54ec4fe5dacc130c7df1444fabf444740bcece881661f76c46cb24804175d,https://web.archive.org/web/20250806145234id_/https://joinkuliner.com/login/?redirect_to=https%3A%2F%2Fjoinkuliner.com%2Fkuliner%2Fnasi-kandar-jejak-sejarah-kenikmatan-rasa-dan-rekomendasi-terbaik%2F,
downloaded,_queries/login__q_23504347a6.html,https://joinkuliner.com/login/?redirect_to=https%3A%2F%2Fjoinkuliner.com%2Freview%2Fjelajahi-kelezatan-kuliner-indonesia-di-lima-warteg-terbaik-dari-warteg-bahari-hingga-warteg-mbak-endang%2F,20250906233328,text/html,10157,d0bf2d2cc8630c3234c18f63827672cae752259be5929ce47c21237d23268d6f,https://web.archive.org/web/20250906233328id_/https://joinkuliner.com/login/?redirect_to=https%3A%2F%2Fjoinkuliner.com%2Freview%2Fjelajahi-kelezatan-kuliner-indonesia-di-lima-warteg-terbaik-dari-warteg-bahari-hingga-warteg-mbak-endang%2F,
downloaded,_queries/login__q_25306bd12d.html,https://joinkuliner.com/login/?redirect_to=https%3A%2F%2Fjoinkuliner.com%2Fkuliner%2Freview-tempat-makan-mie-aceh-jaly-jaly-ampera-jakarta%2F,20250806144954,text/html,10057,f74400eddbc2277807961263b7f3125ff41b794a8f49aa83049b0526f17d937d,https://web.archive.org/web/20250806144954id_/https://joinkuliner.com/login/?redirect_to=https%3A%2F%2Fjoinkuliner.com%2Fkuliner%2Freview-tempat-makan-mie-aceh-jaly-jaly-ampera-jakarta%2F,
downloaded,_queries/login__q_268ff09a52.html,https://joinkuliner.com/login/?redirect_to=https%3A%2F%2Fjoinkuliner.com%2Fjajan%2Fapa-itu-health-of-immunity-dan-bagaimana-cara-mengatasinya%2F,20250806142919,text/html,10063,f1276b6fdfb2e5077556469b09c8cf0384337475e533fbca7195efaecc87ae58,https://web.archive.org/web/20250806142919id_/https://joinkuliner.com/login/?redirect_to=https%3A%2F%2Fjoinkuliner.com%2Fjajan%2Fapa-itu-health-of-immunity-dan-bagaimana-cara-mengatasinya%2F,
downloaded,_queries/login__q_275db62939.html,https://joinkuliner.com/login/?redirect_to=https%3A%2F%2Fjoinkuliner.com%2Fpeluang-usaha-kuliner%2Fcara-membuat-bisnis-franchise-menjadi-autopilot-mengubah-mimpi-menjadi-kenyataan%2F,20250806153526,text/html,10139,1472de891861b6c17ce89f024b0887292621c24593c92dcfb12ccac13812ffc8,https://web.archive.org/web/20250806153526id_/https://joinkuliner.com/login/?redirect_to=https%3A%2F%2Fjoinkuliner.com%2Fpeluang-usaha-kuliner%2Fcara-membuat-bisnis-franchise-menjadi-autopilot-mengubah-mimpi-menjadi-kenyataan%2F,
downloaded,_queries/login__q_286bdb840e.html,https://joinkuliner.com/login/?redirect_to=https%3A%2F%2Fjoinkuliner.com%2Fjajan%2Fsarapan-enak-dan-suasana-nyaman-di-saung-kabogoh%2F,20250428053556,text/html,10027,cabd89ba45dca7f505df6f02ec9333b588209b902c5398a1ac60b8de8353cdb6,https://web.archive.org/web/20250428053556id_/https://joinkuliner.com/login/?redirect_to=https%3A%2F%2Fjoinkuliner.com%2Fjajan%2Fsarapan-enak-dan-suasana-nyaman-di-saung-kabogoh%2F,
downloaded,_queries/login__q_2c366eb59b.html,https://joinkuliner.com/login/?redirect_to=https%3A%2F%2Fjoinkuliner.com%2Fpeluang-usaha-kuliner%2Fkenapa-harga-menu-warteg-bisa-murah-membongkar-rahasia-keberlanjutan-dan-keterjangkauan%2F,20250806154546,text/html,10153,b137288ee7b9ae8cdc4d02972621411f54aa367a32ae397536a3dfe25ca923cd,https://web.archive.org/web/20250806154546id_/https://joinkuliner.com/login/?redirect_to=https%3A%2F%2Fjoinkuliner.com%2Fpeluang-usaha-kuliner%2Fkenapa-harga-menu-warteg-bisa-murah-membongkar-rahasia-keberlanjutan-dan-keterjangkauan%2F,
downloaded,_queries/login__q_2d53484189.html,https://joinkuliner.com/login/?redirect_to=https%3A%2F%2Fjoinkuliner.com%2Ftips%2Fcara-membuat-sambal-terasi-sederhana-resep-rumahan%2F,20250806152922,text/html,10045,3469ff039635a9e646406d1902b2de947bbf81366cf65034edd288ec7fe3093e,https://web.archive.org/web/20250806152922id_/https://joinkuliner.com/login/?redirect_to=https%3A%2F%2Fjoinkuliner.com%2Ftips%2Fcara-membuat-sambal-terasi-sederhana-resep-rumahan%2F,
downloaded,_queries/login__q_2debc655e8.html,https://joinkuliner.com/login/?redirect_to=https%3A%2F%2Fjoinkuliner.com%2Fkuliner%2Fmakan-malam-yang-lezat-tips-untuk-menikmati-pengalaman-kuliner-anda%2F,20250906231602,text/html,10085,f1d7554bf69d7ef5ed595076f498a0912ba61dbca21cee1655a1920b7f5816ad,https://web.archive.org/web/20250906231602id_/https://joinkuliner.com/login/?redirect_to=https%3A%2F%2Fjoinkuliner.com%2Fkuliner%2Fmakan-malam-yang-lezat-tips-untuk-menikmati-pengalaman-kuliner-anda%2F,
downloaded,_queries/login__q_2e549ad637.html,https://joinkuliner.com/login/?redirect_to=https%3A%2F%2Fjoinkuliner.com%2Fkuliner%2Fbisnis-kuliner-kiat-sukses-dalam-dunia-kuliner%2F,20250906221634,text/html,10043,c50980dde9389167bc4cd72db36dca42dfef8589649255506bddcedb57b7c316,https://web.archive.org/web/20250906221634id_/https://joinkuliner.com/login/?redirect_to=https%3A%2F%2Fjoinkuliner.com%2Fkuliner%2Fbisnis-kuliner-kiat-sukses-dalam-dunia-kuliner%2F,
downloaded,_queries/login__q_31be83a6a8.html,https://joinkuliner.com/login/?redirect_to=https%3A%2F%2Fjoinkuliner.com%2Fpeluang-usaha-kuliner%2Ffaktor-faktor-kunci-dalam-memilih-bisnis-waralaba-panduan-komprehensif-untuk-kesuksesan-bisnis-anda%2F,20250906223006,text/html,10177,9fc35fedca41195abba1b65a1e489c191d2b29b802f92738cecfae492e1cf4fb,https://web.archive.org/web/20250906223006id_/https://joinkuliner.com/login/?redirect_to=https%3A%2F%2Fjoinkuliner.com%2Fpeluang-usaha-kuliner%2Ffaktor-faktor-kunci-dalam-memilih-bisnis-waralaba-panduan-komprehensif-untuk-kesuksesan-bisnis-anda%2F,
downloaded,_queries/login__q_376d84a718.html,https://joinkuliner.com/login/?redirect_to=https%3A%2F%2Fjoinkuliner.com%2Fkuliner%2Fkue-ape-jejak-manis-dalam-warisan-kuliner-indonesia%2F,20250806154610,text/html,10053,2ea5df1de74845199d4a54106d6df649bea2c103fbadff123650043ca867fce7,https://web.archive.org/web/20250806154610id_/https://joinkuliner.com/login/?redirect_to=https%3A%2F%2Fjoinkuliner.com%2Fkuliner%2Fkue-ape-jejak-manis-dalam-warisan-kuliner-indonesia%2F,
downloaded,_queries/login__q_37b57ff6ed.html,https://joinkuliner.com/login/?redirect_to=https%3A%2F%2Fjoinkuliner.com%2Fkuliner%2Fpengertian-waralaba-yang-harus-anda-ketahui%2F,20250906233749,text/html,10037,f93c7c7522ced2ba0013ee27f8b8df60e365a2ee359eca592b2ae86e855ad4a5,https://web.archive.org/web/20250906233749id_/https://joinkuliner.com/login/?redirect_to=https%3A%2F%2Fjoinkuliner.com%2Fkuliner%2Fpengertian-waralaba-yang-harus-anda-ketahui%2F,
downloaded,_queries/login__q_38ae63fc8b.html,https://joinkuliner.com/login/?action=lostpassword,20250906235618,text/html,4043,f199b6044e8c9f4df76072dbb785babb18d4e3ab0b7322c7c1386161ad37daa6,https://web.archive.org/web/20250906235618id_/https://joinkuliner.com/login/?action=lostpassword,
downloaded,_queries/login__q_3a11da90da.html,https://joinkuliner.com/login/?redirect_to=https%3A%2F%2Fjoinkuliner.com%2Fkuliner%2Fmenggali-kenikmatan-kuliner-masakan-tiongkok-perjalanan-melalui-rasa%2F,20250906230542,text/html,10087,a6c69827a3efda80800d3488a59c8c2cb0bba463125ca2d7b7136be1de0f04b4,https://web.archive.org/web/20250906230542id_/https://joinkuliner.com/login/?redirect_to=https%3A%2F%2Fjoinkuliner.com%2Fkuliner%2Fmenggali-kenikmatan-kuliner-masakan-tiongkok-perjalanan-melalui-rasa%2F,
downloaded,_queries/login__q_3bf53ff385.html,https://joinkuliner.com/login/?redirect_to=https%3A%2F%2Fjoinkuliner.com%2Ffranchise%2Fharga-franchise-dkriuk-memikat-lidah-dengan-kelezatan-dan-kepuasan-finansial%2F,20251009053123,text/html,10107,e8eb9eadbcd1c53fe90f85f1a3083e8aa0a51e47d0125ab353a00593e306bcf3,https://web.archive.org/web/20251009053123id_/https://joinkuliner.com/login/?redirect_to=https%3A%2F%2Fjoinkuliner.com%2Ffranchise%2Fharga-franchise-dkriuk-memikat-lidah-dengan-kelezatan-dan-kepuasan-finansial%2F,
downloaded,_queries/login__q_3d262f0c03.html,https://joinkuliner.com/login/?redirect_to=https%3A%2F%2Fjoinkuliner.com%2Fbisnis%2Fstrategi-swot-kunci-sukses-membuat-usaha-makanan-anda-cepat-laris%2F,20250806153056,text/html,10079,f99aa1387dee5685631a5d7f0ecc0ff97009a82e7bfcc8ae3b7e1d54aa9acb77,https://web.archive.org/web/20250806153056id_/https://joinkuliner.com/login/?redirect_to=https%3A%2F%2Fjoinkuliner.com%2Fbisnis%2Fstrategi-swot-kunci-sukses-membuat-usaha-makanan-anda-cepat-laris%2F,
downloaded,_queries/login__q_3d4ea7f4bb.html,https://joinkuliner.com/login/?redirect_to=https%3A%2F%2Fjoinkuliner.com%2Fkuliner%2Fpentingnya-branding-kuliner-untuk-bertahan-di-industri-strategi-menuju-kesuksesan%2F,20250906231416,text/html,10113,664cdc1ba6c3893179412e61b75ddc572e565f816044e2aa5d321a34b38dda9e,https://web.archive.org/web/20250906231416id_/https://joinkuliner.com/login/?redirect_to=https%3A%2F%2Fjoinkuliner.com%2Fkuliner%2Fpentingnya-branding-kuliner-untuk-bertahan-di-industri-strategi-menuju-kesuksesan%2F,
downloaded,_queries/login__q_3e6c315c6e.html,https://joinkuliner.com/login/?redirect_to=https%3A%2F%2Fjoinkuliner.com%2Fkuliner%2Fkuliner-kacang-kacangan-menggali-kelezatan-dalam-masakan-kesehatan-ini%2F,20250906223917,text/html,10091,48610d533f60987d28959a6e1bb8516be7621cba782caeee6ad021b5db0f6d63,https://web.archive.org/web/20250906223917id_/https://joinkuliner.com/login/?redirect_to=https%3A%2F%2Fjoinkuliner.com%2Fkuliner%2Fkuliner-kacang-kacangan-menggali-kelezatan-dalam-masakan-kesehatan-ini%2F,
downloaded,_queries/login__q_4204bbe1d9.html,https://joinkuliner.com/login/?redirect_to=https%3A%2F%2Fjoinkuliner.com%2Ftips%2Fpanduan-lengkap-cara-memulai-bisnis-kuliner-yang-sukses%2F,20250806142759,text/html,10055,1d1c5f30d926a85e41a1eb18b755e00c387ade3c5a0106112d7a8f6a2c7b4574,https://web.archive.org/web/20250806142759id_/https://joinkuliner.com/login/?redirect_to=https%3A%2F%2Fjoinkuliner.com%2Ftips%2Fpanduan-lengkap-cara-memulai-bisnis-kuliner-yang-sukses%2F,
downloaded,_queries/login__q_45a25c6dfb.html,https://joinkuliner.com/login/?redirect_to=https%3A%2F%2Fjoinkuliner.com%2Fkuliner%2Fkelezatan-yang-berkedok-sehat-mendalami-keunikan-dan-manfaat-makanan-organik%2F,20250906225214,text/html,10103,efa87c6b9c0a45526df1d36dbb46942020830a0693b665ff5a72f58f0ef2c1a5,https://web.archive.org/web/20250906225214id_/https://joinkuliner.com/login/?redirect_to=https%3A%2F%2Fjoinkuliner.com%2Fkuliner%2Fkelezatan-yang-berkedok-sehat-mendalami-keunikan-dan-manfaat-makanan-organik%2F,
downloaded,_queries/login__q_47e1cb046a.html,https://joinkuliner.com/login/?redirect_to=https%3A%2F%2Fjoinkuliner.com%2Fkuliner%2Faneka-olahan-tempe-unik-menu-lezat-tradisional%2F,20250806151957,text/html,10043,71bbfbbaaf224e814f16391083c04d8242aabcf29f4ecbc6c2b08b2b066d6dca,https://web.archive.org/web/20250806151957id_/https://joinkuliner.com/login/?redirect_to=https%3A%2F%2Fjoinkuliner.com%2Fkuliner%2Faneka-olahan-tempe-unik-menu-lezat-tradisional%2F,
downloaded,_queries/login__q_482e6dfaef.html,https://joinkuliner.com/login/?redirect_to=https%3A%2F%2Fjoinkuliner.com%2Fbisnis%2Fusaha-makanan-yang-bisa-dititipkan-di-warung%2F,20250906231343,text/html,10037,2ce2c116391b698e8bcdde82f60b0ad265eb1fe6dffdace7aee73c38ef8bf40c,https://web.archive.org/web/20250906231343id_/https://joinkuliner.com/login/?redirect_to=https%3A%2F%2Fjoinkuliner.com%2Fbisnis%2Fusaha-makanan-yang-bisa-dititipkan-di-warung%2F,
downloaded,_queries/login__q_4db3bb107e.html,https://joinkuliner.com/login/?redirect_to=https%3A%2F%2Fjoinkuliner.com%2Fkuliner%2F10-menu-lebaran-yang-wajib-dicicipi-saat-merayakan-idul-fitri%2F,20250806152605,text/html,10073,b6c48df2109fd5bb5358de29ffc73dddacce8137531bfe0aa294af532f944de8,https://web.archive.org/web/20250806152605id_/https://joinkuliner.com/login/?redirect_to=https%3A%2F%2Fjoinkuliner.com%2Fkuliner%2F10-menu-lebaran-yang-wajib-dicicipi-saat-merayakan-idul-fitri%2F,
downloaded,_queries/login__q_4ecb687f48.html,https://joinkuliner.com/login/?redirect_to=https%3A%2F%2Fjoinkuliner.com%2Freview%2Fcompare-mie-bangladesh-vs-mie-gacoan-mana-yang-terbaik%2F,20250906231118,text/html,10057,5e7cf91f373c2d2a4d5aab24fa006aa967d7b2cb5fd0ddeb2dcbcf7c3a5cbb94,https://web.archive.org/web/20250906231118id_/https://joinkuliner.com/login/?redirect_to=https%3A%2F%2Fjoinkuliner.com%2Freview%2Fcompare-mie-bangladesh-vs-mie-gacoan-mana-yang-terbaik%2F,
downloaded,_queries/login__q_50204315cb.html,https://joinkuliner.com/login/?redirect_to=https%3A%2F%2Fjoinkuliner.com%2Fpeluang-usaha-kuliner%2Ffranchise-koi-membuka-peluang-bisnis-yang-berkembang-di-dunia-minuman-yang-unik%2F,20251009044538,text/html,10137,581e0581708c29709a43284a658b823e09a6ac13df653b48b8f7103d4d7a1436,https://web.archive.org/web/20251009044538id_/https://joinkuliner.com/login/?redirect_to=https%3A%2F%2Fjoinkuliner.com%2Fpeluang-usaha-kuliner%2Ffranchise-koi-membuka-peluang-bisnis-yang-berkembang-di-dunia-minuman-yang-unik%2F,
downloaded,_queries/login__q_520d88bd17.html,https://joinkuliner.com/login/?redirect_to=https%3A%2F%2Fjoinkuliner.com%2Ftravel%2Fbudaya-merayakan-tahun-baru-jejak-sejarah-dan-asal-usul-tradisi%2F,20251009053052,text/html,10075,258de84b02cfac7af74b849798a54a591a4a305a2a1f93c4191a2bf55fa2c524,https://web.archive.org/web/20251009053052id_/https://joinkuliner.com/login/?redirect_to=https%3A%2F%2Fjoinkuliner.com%2Ftravel%2Fbudaya-merayakan-tahun-baru-jejak-sejarah-dan-asal-usul-tradisi%2F,
downloaded,_queries/login__q_528e9ab088.html,https://joinkuliner.com/login/?redirect_to=https%3A%2F%2Fjoinkuliner.com%2Ffranchise%2Fmenggali-potensi-bisnis-franchise-toko-buah-di-indonesia-sukses-dan-tantangannya%2F,20250906232119,text/html,10115,7d054fbb31fdf03e3998343f90d90a71a2bc2edfb83f3101784d6a3c91b11bd5,https://web.archive.org/web/20250906232119id_/https://joinkuliner.com/login/?redirect_to=https%3A%2F%2Fjoinkuliner.com%2Ffranchise%2Fmenggali-potensi-bisnis-franchise-toko-buah-di-indonesia-sukses-dan-tantangannya%2F,
downloaded,_queries/login__q_52b5765ea5.html,https://joinkuliner.com/login/?redirect_to=https%3A%2F%2Fjoinkuliner.com%2Fkuliner%2Fasal-usul-kecap-bango-kisah-manis-dari-indonesia%2F,20250906232936,text/html,10047,044266ea7f3ba5f35e42214fc9cd0996a8192138678ef3e5ae0a305bbdc3fad6,https://web.archive.org/web/20250906232936id_/https://joinkuliner.com/login/?redirect_to=https%3A%2F%2Fjoinkuliner.com%2Fkuliner%2Fasal-usul-kecap-bango-kisah-manis-dari-indonesia%2F,
downloaded,_queries/login__q_55cb4ba283.html,https://joinkuliner.com/login/?redirect_to=https%3A%2F%2Fjoinkuliner.com%2Fkuliner%2Fmie-gacoan-kenikmatan-kuliner-yang-tak-tergantikan%2F,20250906233435,text/html,10051,11f3c1e39d29986a7f34530424a54436de4b57ccf34717cbcc85966e80e308f7,https://web.archive.org/web/20250906233435id_/https://joinkuliner.com/login/?redirect_to=https%3A%2F%2Fjoinkuliner.com%2Fkuliner%2Fmie-gacoan-kenikmatan-kuliner-yang-tak-tergantikan%2F,
downloaded,_queries/login__q_5749947228.html,https://joinkuliner.com/login/?redirect_to=https%3A%2F%2Fjoinkuliner.com%2Fpeluang-usaha-kuliner%2Fbisnis-kuliner-legendaris-meraih-kesuksesan-dan-keabadian-dalam-dunia-rasa%2F,20250806142115,text/html,10127,2371e3840d492b2f2016dd9adf6266287da3de3bfada9f0e72075407d16e52ca,https://web.archive.org/web/20250806142115id_/https://joinkuliner.com/login/?redirect_to=https%3A%2F%2Fjoinkuliner.com%2Fpeluang-usaha-kuliner%2Fbisnis-kuliner-legendaris-meraih-kesuksesan-dan-keabadian-dalam-dunia-rasa%2F,
downloaded,_queries/login__q_600a73c3ed.html,https://joinkuliner.com/login/?redirect_to=https%3A%2F%2Fjoinkuliner.com%2Ffranchise%2F6-franchise-rumah-makan-padang-terbesar-di-indonesia%2F,20250806155850,text/html,10059,f5a70a01b5319eb07fc5c1f0745597d85f8679aaf6357f97123cd33bcc948ad6,https://web.archive.org/web/20250806155850id_/https://joinkuliner.com/login/?redirect_to=https%3A%2F%2Fjoinkuliner.com%2Ffranchise%2F6-franchise-rumah-makan-padang-terbesar-di-indonesia%2F,
downloaded,_queries/login__q_6dbb6dc9f6.html,https://joinkuliner.com/login/?redirect_to=https%3A%2F%2Fjoinkuliner.com%2Ffranchise%2Fmenggali-peluang-bisnis-dengan-dcrepes-analisis-harga-franchise%2F,20250906222402,text/html,10081,a76ac48a25acdc9a1e2b950454762a2fc4423d8e6c6cbf50345687ead6e76023,https://web.archive.org/web/20250906222402id_/https://joinkuliner.com/login/?redirect_to=https%3A%2F%2Fjoinkuliner.com%2Ffranchise%2Fmenggali-peluang-bisnis-dengan-dcrepes-analisis-harga-franchise%2F,
downloaded,_queries/login__q_6e702eb63f.html,https://joinkuliner.com/login/?redirect_to=https%3A%2F%2Fjoinkuliner.com%2Fkuliner%2Frekomendasi-kuliner-2%2F,20250906224725,text/html,9993,907d2310f70d2a33694b62550c6910bbbd33a20ea0c0aa604a66e61fdfcaa8c2,https://web.archive.org/web/20250906224725id_/https://joinkuliner.com/login/?redirect_to=https%3A%2F%2Fjoinkuliner.com%2Fkuliner%2Frekomendasi-kuliner-2%2F,
downloaded,_queries/login__q_70c7b9a8d7.html,https://joinkuliner.com/login/?redirect_to=https%3A%2F%2Fjoinkuliner.com%2Fkuliner%2Fmengungkap-kelezatan-dan-keunikan-kue-mochi-sebuah-petualangan-gastronomi-jepang%2F,20250806145854,text/html,10111,a1688dd1f12b17de7679c34a438ed0482e4fde71c30fc7b22a82cb5c28c68e52,https://web.archive.org/web/20250806145854id_/https://joinkuliner.com/login/?redirect_to=https%3A%2F%2Fjoinkuliner.com%2Fkuliner%2Fmengungkap-kelezatan-dan-keunikan-kue-mochi-sebuah-petualangan-gastronomi-jepang%2F,
downloaded,_queries/login__q_73fc9863c8.html,https://joinkuliner.com/login/?redirect_to=https%3A%2F%2Fjoinkuliner.com%2Fbisnis%2F6-contoh-waralaba-luar-negeri-terkenal-di-indonesia%2F,20251009044826,text/html,10051,efa9148caae3010a2a91fee05fa8933cf8d66ac17c7af211f5a2bbcd910d821c,https://web.archive.org/web/20251009044826id_/https://joinkuliner.com/login/?redirect_to=https%3A%2F%2Fjoinkuliner.com%2Fbisnis%2F6-contoh-waralaba-luar-negeri-terkenal-di-indonesia%2F,
downloaded,_queries/login__q_76291ff379.html,https://joinkuliner.com/login/?redirect_to=https%3A%2F%2Fjoinkuliner.com%2Ftips%2Fstrategi-promosi-kuliner-panduan-bagi-pebisnis-pemula-part-1%2F,20250906224230,text/html,10065,f789fa1be090656e108631eef1ce180d9b3439535b59f6c20abbb9ce429e7e78,https://web.archive.org/web/20250906224230id_/https://joinkuliner.com/login/?redirect_to=https%3A%2F%2Fjoinkuliner.com%2Ftips%2Fstrategi-promosi-kuliner-panduan-bagi-pebisnis-pemula-part-1%2F,
downloaded,_queries/login__q_76e99077be.html,https://joinkuliner.com/login/?redirect_to=https%3A%2F%2Fjoinkuliner.com%2Fkuliner%2Fmerek-mie-instan-terpopuler-pandangan-mendalam-tentang-kelezatan-yang-mendunia%2F,20250906233543,text/html,10107,e6e27dd38e0943c765a30feb5d2069c0d093bb30c3f3ba32149ae338d8649ac4,https://web.archive.org/web/20250906233543id_/https://joinkuliner.com/login/?redirect_to=https%3A%2F%2Fjoinkuliner.com%2Fkuliner%2Fmerek-mie-instan-terpopuler-pandangan-mendalam-tentang-kelezatan-yang-mendunia%2F,
downloaded,_queries/login__q_7888a9183e.html,https://joinkuliner.com/login/?redirect_to=https%3A%2F%2Fjoinkuliner.com%2Ftips%2Ffaktor-faktor-keberhasilan-dan-kegagalan-wirausaha-kuliner%2F,20250806153700,text/html,10061,01e75a6b1e2fa7539dcb55a8a66226d1f0d78647780af9b043aa3706f2757b6a,https://web.archive.org/web/20250806153700id_/https://joinkuliner.com/login/?redirect_to=https%3A%2F%2Fjoinkuliner.com%2Ftips%2Ffaktor-faktor-keberhasilan-dan-kegagalan-wirausaha-kuliner%2F,
downloaded,_queries/login__q_7cc795f0d2.html,https://joinkuliner.com/login/?redirect_to=https%3A%2F%2Fjoinkuliner.com%2Ftips%2Fresep-laksa-oncom-yang-memikat-selera%2F,20250806154720,text/html,10019,ed1132991b92c2bee799a12233583df10e89042bff358f692e4a1210267d9e09,https://web.archive.org/web/20250806154720id_/https://joinkuliner.com/login/?redirect_to=https%3A%2F%2Fjoinkuliner.com%2Ftips%2Fresep-laksa-oncom-yang-memikat-selera%2F,
downloaded,_queries/login__q_7ed38fb952.html,https://joinkuliner.com/login/?redirect_to=https%3A%2F%2Fjoinkuliner.com%2Fpeluang-usaha-kuliner%2Fpotensi-bisnis-franchise-minuman-kekinian-di-era-digital%2F,20251009040052,text/html,10091,3512e7282ddfc07aef69165e1aefc581102d50ae0964fd03511cb5fdd17ee992,https://web.archive.org/web/20251009040052id_/https://joinkuliner.com/login/?redirect_to=https%3A%2F%2Fjoinkuliner.com%2Fpeluang-usaha-kuliner%2Fpotensi-bisnis-franchise-minuman-kekinian-di-era-digital%2F,
downloaded,_queries/login__q_82d3f654ba.html,https://joinkuliner.com/login/?redirect_to=https%3A%2F%2Fjoinkuliner.com%2Fkuliner%2Fmenjelajahi-kelezatan-kimbap-korea-resep-sejarah-dan-tips-membuat-kimbap-sempurna%2F,20250806153230,text/html,10113,86736153289663800c19d0deb8c2f995e31d9da3b2c1caa007c3ad62e5039ee1,https://web.archive.org/web/20250806153230id_/https://joinkuliner.com/login/?redirect_to=https%3A%2F%2Fjoinkuliner.com%2Fkuliner%2Fmenjelajahi-kelezatan-kimbap-korea-resep-sejarah-dan-tips-membuat-kimbap-sempurna%2F,
downloaded,_queries/login__q_8501104dd8.html,https://joinkuliner.com/login/?redirect_to=https%3A%2F%2Fjoinkuliner.com%2Fpeluang-usaha-kuliner%2Fmenguak-potensi-keuntungan-bisnis-warteg-benarkah-bisnis-kuliner-sederhana-tetap-menggiurkan%2F,20250806153456,text/html,10163,1feec712eab0f221ab0e6c0bcfa372e20e22283ef114263ad95465bef9cafa6e,https://web.archive.org/web/20250806153456id_/https://joinkuliner.com/login/?redirect_to=https%3A%2F%2Fjoinkuliner.com%2Fpeluang-usaha-kuliner%2Fmenguak-potensi-keuntungan-bisnis-warteg-benarkah-bisnis-kuliner-sederhana-tetap-menggiurkan%2F,
downloaded,_queries/login__q_869b09d428.html,https://joinkuliner.com/login/?redirect_to=https%3A%2F%2Fjoinkuliner.com%2Ftips%2Fresep-makaroni-keju-sederhana-tanpa-menggunakan-oven%2F,20250806150011,text/html,10049,e72cba6956e13aedc87c5b061c4ec09e2bf5c6fdbd30ea046d36ca309df32852,https://web.archive.org/web/20250806150011id_/https://joinkuliner.com/login/?redirect_to=https%3A%2F%2Fjoinkuliner.com%2Ftips%2Fresep-makaroni-keju-sederhana-tanpa-menggunakan-oven%2F,
downloaded,_queries/login__q_95660b20d4.html,https://joinkuliner.com/login/?redirect_to=https%3A%2F%2Fjoinkuliner.com%2Fkuliner%2Fgulai-kepala-ikan-kelezatan-tradisional-yang-menggoda-selera%2F,20250906225931,text/html,10071,df52b9fef797170df701ded7d6ea4f8ef9ed3c758f2023b0cf153d20a6488379,https://web.archive.org/web/20250906225931id_/https://joinkuliner.com/login/?redirect_to=https%3A%2F%2Fjoinkuliner.com%2Fkuliner%2Fgulai-kepala-ikan-kelezatan-tradisional-yang-menggoda-selera%2F,
downloaded,_queries/login__q_958aae812b.html,https://joinkuliner.com/login/?redirect_to=https%3A%2F%2Fjoinkuliner.com%2Fkuliner%2Fmemahami-kelezatan-kuliner-lokal-dan-internasional%2F,20250906232518,text/html,10051,181d2d926e118d5ad5280308cea5e4ccf5ec6404b96d0a4fafa50f0e4ec8cb7c,https://web.archive.org/web/20250906232518id_/https://joinkuliner.com/login/?redirect_to=https%3A%2F%2Fjoinkuliner.com%2Fkuliner%2Fmemahami-kelezatan-kuliner-lokal-dan-internasional%2F,
downloaded,_queries/login__q_95b6a219c1.html,https://joinkuliner.com/login/?redirect_to=https%3A%2F%2Fjoinkuliner.com%2Fpeluang-usaha-kuliner%2Fmembuka-peluang-bisnis-waralaba-favorit-anak-muda-yang-menggiurkan%2F,20250806151919,text/html,10111,16f9add6b8485827892218ba150d518af2d3e0d518624e4d04e7dba21a9fa3d7,https://web.archive.org/web/20250806151919id_/https://joinkuliner.com/login/?redirect_to=https%3A%2F%2Fjoinkuliner.com%2Fpeluang-usaha-kuliner%2Fmembuka-peluang-bisnis-waralaba-favorit-anak-muda-yang-menggiurkan%2F,
downloaded,_queries/login__q_95efda5ea4.html,https://joinkuliner.com/login/?redirect_to=https%3A%2F%2Fjoinkuliner.com%2Ffranchise%2Ftop-10-franchise-terbaik-di-dunia-versi-website-entrepreneur%2F,20251009051837,text/html,10075,4b145ea10f8f1dc4d687a5f21134f6b1b460a1da7f235665104ded48e9e199b4,https://web.archive.org/web/20251009051837id_/https://joinkuliner.com/login/?redirect_to=https%3A%2F%2Fjoinkuliner.com%2Ffranchise%2Ftop-10-franchise-terbaik-di-dunia-versi-website-entrepreneur%2F,
downloaded,_queries/login__q_97520a0896.html,https://joinkuliner.com/login/?redirect_to=https%3A%2F%2Fjoinkuliner.com%2Fpeluang-usaha-kuliner%2Fmenggenggam-masa-depan-bisnis-waralaba-anak-muda-dan-gebrakan-inovatif%2F,20250906234244,text/html,10119,9510b943a1308d4c821bbf8b7fc89af00406b7d4e1dd4ce03fdbc0c22a941744,https://web.archive.org/web/20250906234244id_/https://joinkuliner.com/login/?redirect_to=https%3A%2F%2Fjoinkuliner.com%2Fpeluang-usaha-kuliner%2Fmenggenggam-masa-depan-bisnis-waralaba-anak-muda-dan-gebrakan-inovatif%2F,
downloaded,_queries/login__q_996a0cbb31.html,https://joinkuliner.com/login/?redirect_to=https%3A%2F%2Fjoinkuliner.com%2Fpeluang-usaha-kuliner%2Fskema-franchise-untuk-warteg-putri-bahari-di-jakarta%2F,20250428052044,text/html,10067,a87c7477f509d72a077a1ab9b721a38b8e60ba26317147d32d89e79e7fda8a73,https://web.archive.org/web/20250428052044id_/https://joinkuliner.com/login/?redirect_to=https%3A%2F%2Fjoinkuliner.com%2Fpeluang-usaha-kuliner%2Fskema-franchise-untuk-warteg-putri-bahari-di-jakarta%2F,
downloaded,_queries/login__q_9b11864cdc.html,https://joinkuliner.com/login/?redirect_to=https%3A%2F%2Fjoinkuliner.com%2Fkuliner%2Faneka-kue-tahun-baru-imlek-yang-biasa-di-coba%2F,20250806154157,text/html,10041,37768074dfbb444464d2b1ea722d61c6de0e54469aedd44e5dabecea3170053e,https://web.archive.org/web/20250806154157id_/https://joinkuliner.com/login/?redirect_to=https%3A%2F%2Fjoinkuliner.com%2Fkuliner%2Faneka-kue-tahun-baru-imlek-yang-biasa-di-coba%2F,
downloaded,_queries/login__q_9b8b190048.html,https://joinkuliner.com/login/?redirect_to=https%3A%2F%2Fjoinkuliner.com%2Fbisnis%2F10-franchise-takoyaki-terlaris-di-indonesia-jadi-peluang-bisnis%2F,20250906233649,text/html,10075,366228ca366bd1776a901fa4dfe9cb6af54b24459b611e6f9a8116a5864aab62,https://web.archive.org/web/20250906233649id_/https://joinkuliner.com/login/?redirect_to=https%3A%2F%2Fjoinkuliner.com%2Fbisnis%2F10-franchise-takoyaki-terlaris-di-indonesia-jadi-peluang-bisnis%2F,
downloaded,_queries/login__q_9c4b3b0504.html,https://joinkuliner.com/login/?redirect_to=https%3A%2F%2Fjoinkuliner.com%2Fjajan%2Fmerek-makanan-terpopuler-di-indonesia-2023-menyelami-kelezatan-yang-menggoda%2F,20250806143429,text/html,10099,05700803665272b45ec0c0778bc17958ab20a7a3fa4bc81d73e2ab3881db1b9d,https://web.archive.org/web/20250806143429id_/https://joinkuliner.com/login/?redirect_to=https%3A%2F%2Fjoinkuliner.com%2Fjajan%2Fmerek-makanan-terpopuler-di-indonesia-2023-menyelami-kelezatan-yang-menggoda%2F,
downloaded,_queries/login__q_a01e03e831.html,https://joinkuliner.com/login/?redirect_to=https%3A%2F%2Fjoinkuliner.com%2Funcategorized%2Fpengertian-kemitraan-atau-partnership-dalam-konteks-bisnis%2F,20250428055905,text/html,10063,c731ad339b057c05f04dc59829971bbb80c5c9b244d7cff4baf271b1dbb1d446,https://web.archive.org/web/20250428055905id_/https://joinkuliner.com/login/?redirect_to=https%3A%2F%2Fjoinkuliner.com%2Funcategorized%2Fpengertian-kemitraan-atau-partnership-dalam-konteks-bisnis%2F,
downloaded,_queries/login__q_a02c85dce2.html,https://joinkuliner.com/login/?redirect_to=https%3A%2F%2Fjoinkuliner.com%2Ftips%2Fstrategi-promosi-kuliner-panduan-bagi-pebisnis-pemula-part-4%2F,20250906232303,text/html,10065,ed7fc93a50c668c3c9becb3fcea26fcbfd68ac7df884c30c1c2f5aace4f911ac,https://web.archive.org/web/20250906232303id_/https://joinkuliner.com/login/?redirect_to=https%3A%2F%2Fjoinkuliner.com%2Ftips%2Fstrategi-promosi-kuliner-panduan-bagi-pebisnis-pemula-part-4%2F,
downloaded,_queries/login__q_a04cb54aa2.html,https://joinkuliner.com/login/?redirect_to=https%3A%2F%2Fjoinkuliner.com%2Fjajan%2F10-usaha-kuliner-kekinian-yang-di-jamin-cepat-balik-modal-nomor-5-sangat-di-rekomendasikan%2F,20251009043856,text/html,10127,0d3150070eb0025f85e036dc188cf5b7e0e6d4c6bdf632b6617c0511dbd44eb0,https://web.archive.org/web/20251009043856id_/https://joinkuliner.com/login/?redirect_to=https%3A%2F%2Fjoinkuliner.com%2Fjajan%2F10-usaha-kuliner-kekinian-yang-di-jamin-cepat-balik-modal-nomor-5-sangat-di-rekomendasikan%2F,
downloaded,_queries/login__q_a126f0e059.html,https://joinkuliner.com/login/?redirect_to=https%3A%2F%2Fjoinkuliner.com%2Fbisnis%2Fjasa-franchise%2F,20250806152032,text/html,9977,acfceaeb6977fa03f1ffee9a47f005e16480bbac9f8cd977e796f7af228d5d66,https://web.archive.org/web/20250806152032id_/https://joinkuliner.com/login/?redirect_to=https%3A%2F%2Fjoinkuliner.com%2Fbisnis%2Fjasa-franchise%2F,
downloaded,_queries/login__q_a2a2818fde.html,https://joinkuliner.com/login/?redirect_to=https%3A%2F%2Fjoinkuliner.com%2Ftips%2Fmenghadirkan-kelezatan-rumah-resep-nasi-goreng-spesial-ala-restoran-ternama%2F,20251009050655,text/html,10095,67ba6416e5ac141f3e93ef7c1f06df367b92208962c27114d7cdc0f386a7e58f,https://web.archive.org/web/20251009050655id_/https://joinkuliner.com/login/?redirect_to=https%3A%2F%2Fjoinkuliner.com%2Ftips%2Fmenghadirkan-kelezatan-rumah-resep-nasi-goreng-spesial-ala-restoran-ternama%2F,
downloaded,_queries/login__q_a2f83f015d.html,https://joinkuliner.com/login/?redirect_to=https%3A%2F%2Fjoinkuliner.com%2Fkuliner%2Fjelajahi-kuliner-natal-dan-tahun-baru-10-hidangan-yang-wajib-dicoba-sekali-untuk-meriahkan-pesta-akhir-tahun%2F,20250906230849,text/html,10167,058d8e36c96d217d07979e1cb8d31790302de4b265e96c346516e015c6b358e0,https://web.archive.org/web/20250906230849id_/https://joinkuliner.com/login/?redirect_to=https%3A%2F%2Fjoinkuliner.com%2Fkuliner%2Fjelajahi-kuliner-natal-dan-tahun-baru-10-hidangan-yang-wajib-dicoba-sekali-untuk-meriahkan-pesta-akhir-tahun%2F,
downloaded,_queries/login__q_a67388c831.html,https://joinkuliner.com/login/?redirect_to=https%3A%2F%2Fjoinkuliner.com%2Funcategorized%2Fmengungkap-kelezatan-kuliner-jawa-melibatkan-lidah-dalam-sebuah-petualangan-rasa%2F,20250906215605,text/html,10123,804302cf4ce0a515dbcb55167a383e7fa0d63ad76e278e494dbc9d2f42885180,https://web.archive.org/web/20250906215605id_/https://joinkuliner.com/login/?redirect_to=https%3A%2F%2Fjoinkuliner.com%2Funcategorized%2Fmengungkap-kelezatan-kuliner-jawa-melibatkan-lidah-dalam-sebuah-petualangan-rasa%2F,
downloaded,_queries/login__q_a7e6e5c2d6.html,https://joinkuliner.com/login/?redirect_to=https%3A%2F%2Fjoinkuliner.com%2Funcategorized%2Fmenu-makanan-untuk-memeriahkan-natal-anda-kelezatan-tradisional-dan-inovatif-untuk-membuat-pesta-anda-tidak-terlupakan%2F,20251009045306,text/html,10199,9aedc16e9bf6f6f19fe93086c2ce274f4243691f4e65c34ae0ca6a7ad0a3557b,https://web.archive.org/web/20251009045306id_/https://joinkuliner.com/login/?redirect_to=https%3A%2F%2Fjoinkuliner.com%2Funcategorized%2Fmenu-makanan-untuk-memeriahkan-natal-anda-kelezatan-tradisional-dan-inovatif-untuk-membuat-pesta-anda-tidak-terlupakan%2F,
downloaded,_queries/login__q_a8f8395080.html,https://joinkuliner.com/login/?redirect_to=https%3A%2F%2Fjoinkuliner.com%2Fkuliner%2Ftempat-makan-favorit-wisatawan-lokal-indonesia%2F,20250906235046,text/html,10043,4df10385ea3da2955354a8988aa6b8e58a72d1728c15c4505ff26023c0eb9d78,https://web.archive.org/web/20250906235046id_/https://joinkuliner.com/login/?redirect_to=https%3A%2F%2Fjoinkuliner.com%2Fkuliner%2Ftempat-makan-favorit-wisatawan-lokal-indonesia%2F,
downloaded,_queries/login__q_aa7037b7aa.html,https://joinkuliner.com/login/?redirect_to=https%3A%2F%2Fjoinkuliner.com%2Fkuliner%2F10-cafe-dengan-hype-terbaik-di-jakarta-menikmati-kopi-dan-nuansa-unik%2F,20250906234037,text/html,10089,b45338938c7202dec19b5963debfcbc6dc181185162a137da531da81ec20741b,https://web.archive.org/web/20250906234037id_/https://joinkuliner.com/login/?redirect_to=https%3A%2F%2Fjoinkuliner.com%2Fkuliner%2F10-cafe-dengan-hype-terbaik-di-jakarta-menikmati-kopi-dan-nuansa-unik%2F,
downloaded,_queries/login__q_b35cd9e463.html,https://joinkuliner.com/login/?redirect_to=https%3A%2F%2Fjoinkuliner.com%2Freview%2Freview-makan-di-konbanwa-ramen-tebet-ramen-murah-meriah%2F,20250806150218,text/html,10059,f1f8dd0c2aafbbd75a424da9528b849879a765430fd8d30d86508be313f3b28a,https://web.archive.org/web/20250806150218id_/https://joinkuliner.com/login/?redirect_to=https%3A%2F%2Fjoinkuliner.com%2Freview%2Freview-makan-di-konbanwa-ramen-tebet-ramen-murah-meriah%2F,
downloaded,_queries/login__q_b69b82deba.html,https://joinkuliner.com/login/?redirect_to=https%3A%2F%2Fjoinkuliner.com%2Fkuliner%2F10-makanan-penyokong-sistem-kekebalan-tubuh-meningkatkan-ketahanan-tubuh-untuk-kesehatan-yang-optimal%2F,20250906221451,text/html,10153,dc293fa1e73ebb4b821fbb30aa5cff3b47b4c703f41667f4ea16be267a852f0d,https://web.archive.org/web/20250906221451id_/https://joinkuliner.com/login/?redirect_to=https%3A%2F%2Fjoinkuliner.com%2Fkuliner%2F10-makanan-penyokong-sistem-kekebalan-tubuh-meningkatkan-ketahanan-tubuh-untuk-kesehatan-yang-optimal%2F,
downloaded,_queries/login__q_b93c8ec22f.html,https://joinkuliner.com/login/?redirect_to=https%3A%2F%2Fjoinkuliner.com%2Fkuliner%2Fifbc-expo-di-indonesia-panduan-lengkap-untuk-konferensi-dan-pameran-makanan-dan-minuman-internasional%2F,20250806153429,text/html,10153,5dc7f0236f8740c57c4074f37fe5a66aa5bc668f9c7c14e0739a1ca5b2ba053a,https://web.archive.org/web/20250806153429id_/https://joinkuliner.com/login/?redirect_to=https%3A%2F%2Fjoinkuliner.com%2Fkuliner%2Fifbc-expo-di-indonesia-panduan-lengkap-untuk-konferensi-dan-pameran-makanan-dan-minuman-internasional%2F,
downloaded,_queries/login__q_bb3e19c363.html,https://joinkuliner.com/login/?redirect_to=https%3A%2F%2Fjoinkuliner.com%2Freview%2Fmenu-es-teh-indonesia-yang-paling-best-seller%2F,20250804155219,text/html,10039,ad42a658b41df837882a0c6f004978b68ace0f30adc5c6ae8970726142e7df0c,https://web.archive.org/web/20250804155219id_/https://joinkuliner.com/login/?redirect_to=https%3A%2F%2Fjoinkuliner.com%2Freview%2Fmenu-es-teh-indonesia-yang-paling-best-seller%2F,
downloaded,_queries/login__q_bbc60d6e26.html,https://joinkuliner.com/login/?redirect_to=https%3A%2F%2Fjoinkuliner.com%2Fkuliner%2Ftelur-gulung-kreasi-lezat-dalam-sekejap%2F,20250906234347,text/html,10029,c595492299b2d9bc0e00f3b5a03be3208acdcf542ad85180a4fc0cc267dce6b1,https://web.archive.org/web/20250906234347id_/https://joinkuliner.com/login/?redirect_to=https%3A%2F%2Fjoinkuliner.com%2Fkuliner%2Ftelur-gulung-kreasi-lezat-dalam-sekejap%2F,
downloaded,_queries/login__q_bdb3c9e430.html,https://joinkuliner.com/login/?redirect_to=https%3A%2F%2Fjoinkuliner.com%2Fkuliner%2Fmakanan-italia-terbaik-mengejar-kelezatan-di-dapur-italia%2F,20250906230619,text/html,10065,ecdc4588d4dd54cd327ec8825d7920a066b56545e6438c977ac5107b178979f6,https://web.archive.org/web/20250906230619id_/https://joinkuliner.com/login/?redirect_to=https%3A%2F%2Fjoinkuliner.com%2Fkuliner%2Fmakanan-italia-terbaik-mengejar-kelezatan-di-dapur-italia%2F,
downloaded,_queries/login__q_c02983a5b8.html,https://joinkuliner.com/login/?redirect_to=https%3A%2F%2Fjoinkuliner.com%2Fjajan%2Feksplorasi-nikmatnya-kuliner-di-padang-panjang-surga-rasa-yang-tak-terlupakan%2F,20250806140608,text/html,10101,d752d793ee79d9c744f2ea148a81d2ba25a8394e267a6e97e1ecd4cf1a2eb977,https://web.archive.org/web/20250806140608id_/https://joinkuliner.com/login/?redirect_to=https%3A%2F%2Fjoinkuliner.com%2Fjajan%2Feksplorasi-nikmatnya-kuliner-di-padang-panjang-surga-rasa-yang-tak-terlupakan%2F,
downloaded,_queries/login__q_c3635a5e54.html,https://joinkuliner.com/login/?redirect_to=https%3A%2F%2Fjoinkuliner.com%2Fkuliner%2Fmenjelajahi-kelezatan-kuliner-kontinental-eksplorasi-contoh-makanan-kontinental-yang-menggugah-selera%2F,20250806150843,text/html,10153,696b50daf27f040d332d0c27d27acde42bf9a44abf8a63a09c429b296548587b,https://web.archive.org/web/20250806150843id_/https://joinkuliner.com/login/?redirect_to=https%3A%2F%2Fjoinkuliner.com%2Fkuliner%2Fmenjelajahi-kelezatan-kuliner-kontinental-eksplorasi-contoh-makanan-kontinental-yang-menggugah-selera%2F,
downloaded,_queries/login__q_c5e4f956c5.html,https://joinkuliner.com/login/?redirect_to=https%3A%2F%2Fjoinkuliner.com%2Ffranchise%2Freview-jujur-franchise-es-teh-ginastel%2F,20251009051805,text/html,10031,6ea83c5a2674cd7b3c54ae74ac4879f3bb816be5ad8a1dfd19f657a30ecc97f6,https://web.archive.org/web/20251009051805id_/https://joinkuliner.com/login/?redirect_to=https%3A%2F%2Fjoinkuliner.com%2Ffranchise%2Freview-jujur-franchise-es-teh-ginastel%2F,
downloaded,_queries/login__q_c740b243eb.html,https://joinkuliner.com/login/?redirect_to=https%3A%2F%2Fjoinkuliner.com%2Fkuliner%2Fmengapa-banyak-warteg-bernama-bahari-jejak-sejarah-dan-kebijakan-bisnis-yang-sukses%2F,20250906235245,text/html,10117,b057ef57eb5801363938f3a776d156e4880f3c14117533bce00c253b37b46931,https://web.archive.org/web/20250906235245id_/https://joinkuliner.com/login/?redirect_to=https%3A%2F%2Fjoinkuliner.com%2Fkuliner%2Fmengapa-banyak-warteg-bernama-bahari-jejak-sejarah-dan-kebijakan-bisnis-yang-sukses%2F,
downloaded,_queries/login__q_c8a5f2d0c0.html,https://joinkuliner.com/login/?redirect_to=https%3A%2F%2Fjoinkuliner.com%2Funcategorized%2F5-franchise-makanan-terbesar-di-indonesia%2F,20250906224914,text/html,10045,8b065a1454024dc47178b27db58fa01d5b0c60fbc35cee3623e8a847e1434c89,https://web.archive.org/web/20250906224914id_/https://joinkuliner.com/login/?redirect_to=https%3A%2F%2Fjoinkuliner.com%2Funcategorized%2F5-franchise-makanan-terbesar-di-indonesia%2F,
downloaded,_queries/login__q_ceee5daf2b.html,https://joinkuliner.com/login/?redirect_to=https%3A%2F%2Fjoinkuliner.com%2Fkuliner%2Findomie-mie-instan-legendaris-indonesia-yang-menggoda-lidah%2F,20250806142156,text/html,10069,dcb118ef491153c25129811e9ffbbff55eaf692cc69280f5d732d13e43a9f725,https://web.archive.org/web/20250806142156id_/https://joinkuliner.com/login/?redirect_to=https%3A%2F%2Fjoinkuliner.com%2Fkuliner%2Findomie-mie-instan-legendaris-indonesia-yang-menggoda-lidah%2F,
downloaded,_queries/login__q_d12553f577.html,https://joinkuliner.com/login/?redirect_to=https%3A%2F%2Fjoinkuliner.com%2Fkuliner%2Frahasia-kesuksesan-ayam-geprek-sejarah-resep-dan-kelezatan-yang-menggoda%2F,20250806143858,text/html,10095,0715e2dca6e62659d1e174408a7c086de88bf63d5db337b70252e740d58301cc,https://web.archive.org/web/20250806143858id_/https://joinkuliner.com/login/?redirect_to=https%3A%2F%2Fjoinkuliner.com%2Fkuliner%2Frahasia-kesuksesan-ayam-geprek-sejarah-resep-dan-kelezatan-yang-menggoda%2F,
downloaded,_queries/login__q_d1df194993.html,https://joinkuliner.com/login/?redirect_to=https%3A%2F%2Fjoinkuliner.com%2Fkuliner%2Fmenikmati-kelezatan-kuliner-palangkaraya-eksplorasi-aroma-dan-rasa-yang-menggoda%2F,20251009043826,text/html,10111,c12e04357506fc5781dfe2ae3bd3f4b16a3bb045ebd79920e7c225538b49027c,https://web.archive.org/web/20251009043826id_/https://joinkuliner.com/login/?redirect_to=https%3A%2F%2Fjoinkuliner.com%2Fkuliner%2Fmenikmati-kelezatan-kuliner-palangkaraya-eksplorasi-aroma-dan-rasa-yang-menggoda%2F,
downloaded,_queries/login__q_d2d9cac668.html,https://joinkuliner.com/login/?redirect_to=https%3A%2F%2Fjoinkuliner.com%2Funcategorized%2Fmenjaga-kesehatan-tubuh-dengan-makanan-sehat-panduan-lengkap%2F,20250806152428,text/html,10083,18379a174214c61c0e1e3e8f6e066a8a1011a50c401983bdfe0b821ccbfed703,https://web.archive.org/web/20250806152428id_/https://joinkuliner.com/login/?redirect_to=https%3A%2F%2Fjoinkuliner.com%2Funcategorized%2Fmenjaga-kesehatan-tubuh-dengan-makanan-sehat-panduan-lengkap%2F,
downloaded,_queries/login__q_d3abd4ab82.html,https://joinkuliner.com/login/?redirect_to=https%3A%2F%2Fjoinkuliner.com%2Fkuliner%2Fhello-summer-bandung-menikmati-kelezatan-kuliner-yang-memikat-di-surga-kuliner-bandung%2F,20250906225059,text/html,10123,ea6b2f5dae35440b38c6977208e51184d86459c2046915890796f3ef88ec10ef,https://web.archive.org/web/20250906225059id_/https://joinkuliner.com/login/?redirect_to=https%3A%2F%2Fjoinkuliner.com%2Fkuliner%2Fhello-summer-bandung-menikmati-kelezatan-kuliner-yang-memikat-di-surga-kuliner-bandung%2F,
downloaded,_queries/login__q_d3b18180f3.html,https://joinkuliner.com/login/?redirect_to=https%3A%2F%2Fjoinkuliner.com%2Fkuliner%2Fmille-crepes-menikmati-kenikmatan-manis-menjelajahi-dunia%2F,20250806144600,text/html,10065,0f4cb3ddc8a7554c8d16a744efe5c4e74342907b7b5e8ccbbb1705a00facac0b,https://web.archive.org/web/20250806144600id_/https://joinkuliner.com/login/?redirect_to=https%3A%2F%2Fjoinkuliner.com%2Fkuliner%2Fmille-crepes-menikmati-kenikmatan-manis-menjelajahi-dunia%2F,
downloaded,_queries/login__q_d7f8f69526.html,https://joinkuliner.com/login/?redirect_to=https%3A%2F%2Fjoinkuliner.com%2Fkuliner%2Fcara-menaikkan-kunjungan-ke-outlet-makanan-yang-sedang-dikelola-strategi-efektif-untuk-kesuksesan-bisnis-kuliner%2F,20250906234800,text/html,10175,7d60056157a269c67ec30d481a1949fd7677aa5b987f0c31a56fc3337c8256b5,https://web.archive.org/web/20250906234800id_/https://joinkuliner.com/login/?redirect_to=https%3A%2F%2Fjoinkuliner.com%2Fkuliner%2Fcara-menaikkan-kunjungan-ke-outlet-makanan-yang-sedang-dikelola-strategi-efektif-untuk-kesuksesan-bisnis-kuliner%2F,
downloaded,_queries/login__q_d949f6919f.html,https://joinkuliner.com/login/?redirect_to=https%3A%2F%2Fjoinkuliner.com%2Fbisnis%2Fjajanan-anak-sekolah-ide-usaha-kreatif-dengan-modal-kecil%2F,20251009045129,text/html,10063,487232e5e0d7ab21d73f7686506596a3a4779709fd25f4b6ac825e1ecaeafabe,https://web.archive.org/web/20251009045129id_/https://joinkuliner.com/login/?redirect_to=https%3A%2F%2Fjoinkuliner.com%2Fbisnis%2Fjajanan-anak-sekolah-ide-usaha-kreatif-dengan-modal-kecil%2F,
downloaded,_queries/login__q_db65560edc.html,https://joinkuliner.com/login/?redirect_to=https%3A%2F%2Fjoinkuliner.com%2Fpeluang-usaha-kuliner%2Fmengeksplorasi-dunia-food-vlogger-di-indonesia-wawasan-dan-strategi-menuju-kesuksesan%2F,20250806153853,text/html,10149,7983ce543f30e0fdc8bd3864eaad56d35418f67d2e5b22e219001f03fd7de0d5,https://web.archive.org/web/20250806153853id_/https://joinkuliner.com/login/?redirect_to=https%3A%2F%2Fjoinkuliner.com%2Fpeluang-usaha-kuliner%2Fmengeksplorasi-dunia-food-vlogger-di-indonesia-wawasan-dan-strategi-menuju-kesuksesan%2F,
downloaded,_queries/login__q_dd132b144a.html,https://joinkuliner.com/login/?redirect_to=https%3A%2F%2Fjoinkuliner.com%2Ftips%2F5-tips-memilih-pinjaman-modal-usaha-kuliner%2F,20250906230013,text/html,10031,529c02995790901e88650a96476e7a89eff49f618726831517a547dfe0cf176d,https://web.archive.org/web/20250906230013id_/https://joinkuliner.com/login/?redirect_to=https%3A%2F%2Fjoinkuliner.com%2Ftips%2F5-tips-memilih-pinjaman-modal-usaha-kuliner%2F,
downloaded,_queries/login__q_dd734aff9e.html,https://joinkuliner.com/login/?redirect_to=https%3A%2F%2Fjoinkuliner.com%2Ftips%2Fseberapa-pentingkah-food-preparation-untuk-pemula%2F,20251009043553,text/html,10043,e82216537925b9b9493a1de6441dc4968557bc77dc6460f33e97d5c0869a4f9e,https://web.archive.org/web/20251009043553id_/https://joinkuliner.com/login/?redirect_to=https%3A%2F%2Fjoinkuliner.com%2Ftips%2Fseberapa-pentingkah-food-preparation-untuk-pemula%2F,
downloaded,_queries/login__q_de2d0fecdf.html,https://joinkuliner.com/login/?redirect_to=https%3A%2F%2Fjoinkuliner.com%2Ffranchise%2Frekomendasi-franchise-makanan-korea-bagi-pengusaha-pemula%2F,20250804164811,text/html,10069,780e880713e85a414190adb904f7f5796d8b8f6e06b52459ceb6e14304351aee,https://web.archive.org/web/20250804164811id_/https://joinkuliner.com/login/?redirect_to=https%3A%2F%2Fjoinkuliner.com%2Ffranchise%2Frekomendasi-franchise-makanan-korea-bagi-pengusaha-pemula%2F,
downloaded,_queries/login__q_e011440541.html,https://joinkuliner.com/login/?redirect_to=https%3A%2F%2Fjoinkuliner.com%2Fkuliner%2Fjelajahi-kelezatan-kuliner-10-tempat-makan-paling-enak-di-solo-yang-wajib-dicoba%2F,20250906222208,text/html,10111,9ad09e077b8379912f73965496f15a9bb26d05cbc37b3f9e8563450b629ab6e7,https://web.archive.org/web/20250906222208id_/https://joinkuliner.com/login/?redirect_to=https%3A%2F%2Fjoinkuliner.com%2Fkuliner%2Fjelajahi-kelezatan-kuliner-10-tempat-makan-paling-enak-di-solo-yang-wajib-dicoba%2F,
downloaded,_queries/login__q_e16a58011f.html,https://joinkuliner.com/login/?redirect_to=https%3A%2F%2Fjoinkuliner.com%2Funcategorized%2Fbubble-tea-fenomena-minuman-kontemporer-yang-memikat-selera%2F,20251009040959,text/html,10081,afe165093f47084601f15c8e3b1d9798889a6666fdfe5b95cc48bda9d4b95b34,https://web.archive.org/web/20251009040959id_/https://joinkuliner.com/login/?redirect_to=https%3A%2F%2Fjoinkuliner.com%2Funcategorized%2Fbubble-tea-fenomena-minuman-kontemporer-yang-memikat-selera%2F,
downloaded,_queries/login__q_e2c1c1a3b3.html,https://joinkuliner.com/login/?redirect_to=https%3A%2F%2Fjoinkuliner.com%2Fbisnis%2Fmodal-jantung-kehidupan-dan-pertumbuhan-bisnis%2F,20250806144424,text/html,10041,d799b96b97539704279c9085676652715d7743351854dda151ad3ece2c60fc1d,https://web.archive.org/web/20250806144424id_/https://joinkuliner.com/login/?redirect_to=https%3A%2F%2Fjoinkuliner.com%2Fbisnis%2Fmodal-jantung-kehidupan-dan-pertumbuhan-bisnis%2F,
downloaded,_queries/login__q_e47f996289.html,https://joinkuliner.com/login/?redirect_to=https%3A%2F%2Fjoinkuliner.com%2Fkuliner%2Freview-kelezatan-sayur-lalapan-sunda-yang-menggoda%2F,20250806154803,text/html,10051,cbd861dd9bfa096f8f4999772a3f023d5fac2109bac6d56667707fa7912ab099,https://web.archive.org/web/20250806154803id_/https://joinkuliner.com/login/?redirect_to=https%3A%2F%2Fjoinkuliner.com%2Fkuliner%2Freview-kelezatan-sayur-lalapan-sunda-yang-menggoda%2F,
downloaded,_queries/login__q_e6c7f98409.html,https://joinkuliner.com/login/?redirect_to=https%3A%2F%2Fjoinkuliner.com%2Funcategorized%2Fmemahami-kode-makanan-yang-mengandung-babi%2F,20250806143623,text/html,10047,8ffe9ac078d52365365c4f2e21299e34313f4aa9c2971bda4995ff684a68f01b,https://web.archive.org/web/20250806143623id_/https://joinkuliner.com/login/?redirect_to=https%3A%2F%2Fjoinkuliner.com%2Funcategorized%2Fmemahami-kode-makanan-yang-mengandung-babi%2F,
downloaded,_queries/login__q_e70f3438ce.html,https://joinkuliner.com/login/?redirect_to=https%3A%2F%2Fjoinkuliner.com%2Freview%2Fmengeksplorasi-kesuksesan-franchise-teh-poci-dan-es-teh-solo%2F,20250806152106,text/html,10069,abe85c3e527abe5e42c51036572bd5b40d512b93b74a630baea86f65c98d7486,https://web.archive.org/web/20250806152106id_/https://joinkuliner.com/login/?redirect_to=https%3A%2F%2Fjoinkuliner.com%2Freview%2Fmengeksplorasi-kesuksesan-franchise-teh-poci-dan-es-teh-solo%2F,
downloaded,_queries/login__q_f0ce160012.html,https://joinkuliner.com/login/?redirect_to=https%3A%2F%2Fjoinkuliner.com%2Ftips%2Ffranchise-burger-blenger-harga-bahan-syarat-yang-di-butuhkan%2F,20251009052016,text/html,10065,cc1b9b894e55678ffff6e25e34b0057dad0b6c7fac9d115afab35f08e306b86f,https://web.archive.org/web/20251009052016id_/https://joinkuliner.com/login/?redirect_to=https%3A%2F%2Fjoinkuliner.com%2Ftips%2Ffranchise-burger-blenger-harga-bahan-syarat-yang-di-butuhkan%2F,
downloaded,_queries/login__q_f39a0e3e27.html,https://joinkuliner.com/login/?redirect_to=https%3A%2F%2Fjoinkuliner.com%2Fkuliner%2Fmendalam-ke-dunia-waralaba-jenis-bisnis-waralaba-yang-menjanjikan%2F,20250906223629,text/html,10081,e8dc5ac51645b02d8f3f56dff7d4dce0db84a1bf0d88ca7e20b001a00a4126f4,https://web.archive.org/web/20250906223629id_/https://joinkuliner.com/login/?redirect_to=https%3A%2F%2Fjoinkuliner.com%2Fkuliner%2Fmendalam-ke-dunia-waralaba-jenis-bisnis-waralaba-yang-menjanjikan%2F,
downloaded,_queries/login__q_f4635c444d.html,https://joinkuliner.com/login/?redirect_to=https%3A%2F%2Fjoinkuliner.com%2Fkuliner%2Fpisang-goreng-madu-mengungkap-kelezatan-yang-menggoda%2F,20250906223314,text/html,10057,695f1896d5cd29d495c04bfc6efab3f47099f73649e371c69bcb67630e071f76,https://web.archive.org/web/20250906223314id_/https://joinkuliner.com/login/?redirect_to=https%3A%2F%2Fjoinkuliner.com%2Fkuliner%2Fpisang-goreng-madu-mengungkap-kelezatan-yang-menggoda%2F,
downloaded,_queries/login__q_f635c3eb86.html,https://joinkuliner.com/login/?redirect_to=https%3A%2F%2Fjoinkuliner.com%2Fkuliner%2Fmakanan-populer-artis-korea-sejuta-rasa-dalam-setiap-gigitan%2F,20251009035734,text/html,10071,5f5fec581c14fc8266ca980c585c0b391fd7d6fd8ac96bd45c6f9f1b2d390814,https://web.archive.org/web/20251009035734id_/https://joinkuliner.com/login/?redirect_to=https%3A%2F%2Fjoinkuliner.com%2Fkuliner%2Fmakanan-populer-artis-korea-sejuta-rasa-dalam-setiap-gigitan%2F,
downloaded,_queries/login__q_f75d9f77e3.html,https://joinkuliner.com/login/?redirect_to=https%3A%2F%2Fjoinkuliner.com%2Fkuliner%2Fmenemukan-ketenangan-di-kedung-roso-destinasi-alam-yang-menakjubkan%2F,20250806151110,text/html,10085,dc4e1eb4b82da8b654fe04b031917e91762af7e87bf19bb0a1065cfb7a4fcb40,https://web.archive.org/web/20250806151110id_/https://joinkuliner.com/login/?redirect_to=https%3A%2F%2Fjoinkuliner.com%2Fkuliner%2Fmenemukan-ketenangan-di-kedung-roso-destinasi-alam-yang-menakjubkan%2F,
downloaded,_queries/login__q_fa7583739d.html,https://joinkuliner.com/login/?redirect_to=https%3A%2F%2Fjoinkuliner.com%2Fjajan%2Fmenggali-lebih-dalam-fenomena-kuliner-viral-dan-dampaknya-pada-selera-publik%2F,20251009044745,text/html,10099,7b1cf010a88f9e812547ff4d04e727c00f09d53a8da0df52815c3a5574455fc5,https://web.archive.org/web/20251009044745id_/https://joinkuliner.com/login/?redirect_to=https%3A%2F%2Fjoinkuliner.com%2Fjajan%2Fmenggali-lebih-dalam-fenomena-kuliner-viral-dan-dampaknya-pada-selera-publik%2F,
downloaded,_queries/login__q_fdadb447c8.html,https://joinkuliner.com/login/?redirect_to=https%3A%2F%2Fjoinkuliner.com%2Freview%2Fsejarah-roti-sisir-kenapa-di-sebut-roti-sisir%2F,20250906234657,text/html,10039,f2d24be423a360f17f93152f960fb224dada4130a309b44c71ba0c5b91ad0ce5,https://web.archive.org/web/20250906234657id_/https://joinkuliner.com/login/?redirect_to=https%3A%2F%2Fjoinkuliner.com%2Freview%2Fsejarah-roti-sisir-kenapa-di-sebut-roti-sisir%2F,
downloaded,_queries/login__q_ff99f7d474.html,https://joinkuliner.com/login/?redirect_to=https%3A%2F%2Fjoinkuliner.com%2Freview%2Freview-tempat-makan-teras-koering-menggoda-lidah-dan-hati%2F,20250906233251,text/html,10063,6f3d0bb68265648ee8f732a907a690aa1614ee3240224dc18c0fa1e51c57d242,https://web.archive.org/web/20250906233251id_/https://joinkuliner.com/login/?redirect_to=https%3A%2F%2Fjoinkuliner.com%2Freview%2Freview-tempat-makan-teras-koering-menggoda-lidah-dan-hati%2F,
downloaded,_queries/login__q_ffa0dddd23.html,https://joinkuliner.com/login/?redirect_to=https%3A%2F%2Fjoinkuliner.com%2Fpeluang-usaha-kuliner%2Fanalisis-dan-sejarah-kesuksesan-warteg-kharisma-bahari-strategi-bisnis-tantangan-dan-prospek-masa-depan%2F,20250806144029,text/html,10185,e1a6b0023e0bc324ebb7459ad1ae6e8ad8bf89e12b8e6166dec1b53d8e45d6a5,https://web.archive.org/web/20250806144029id_/https://joinkuliner.com/login/?redirect_to=https%3A%2F%2Fjoinkuliner.com%2Fpeluang-usaha-kuliner%2Fanalisis-dan-sejarah-kesuksesan-warteg-kharisma-bahari-strategi-bisnis-tantangan-dan-prospek-masa-depan%2F,
downloaded,_queries/login__q_ffb232eea1.html,https://joinkuliner.com/login/?redirect_to=https%3A%2F%2Fjoinkuliner.com%2Fpeluang-usaha-kuliner%2F10-jenis-usaha-kuliner-yang-paling-laku-di-bulan-puasa%2F,20250906233143,text/html,10087,5d87f12804cb8d54b8c52f6c84bfa182191be34dd342fc5154b0e7a64b893b9a,https://web.archive.org/web/20250906233143id_/https://joinkuliner.com/login/?redirect_to=https%3A%2F%2Fjoinkuliner.com%2Fpeluang-usaha-kuliner%2F10-jenis-usaha-kuliner-yang-paling-laku-di-bulan-puasa%2F,
downloaded,about-us/index.html,https://joinkuliner.com/about-us/,20250904181657,text/html,92140,ecf69ae4c16cdfb5d9381f9e0204ed41a4f9c99ae70f7c36effeaa58781fed9f,https://web.archive.org/web/20250904181657id_/https://joinkuliner.com/about-us/,
downloaded,author-sitemap.xml,https://joinkuliner.com/author-sitemap.xml,20250904185327,text/xml,730,762234f7a567df95324aac13ebc32da8afe9e2a50ab249161659f9d3d4b359b1,https://web.archive.org/web/20250904185327id_/https://joinkuliner.com/author-sitemap.xml,
downloaded,author/admin/index.html,https://joinkuliner.com/author/admin/,20250804164902,text/html,99243,014bb84c349568ee0f6f0b73e64e457e8db726df90c3a409c73e69d79d1661da,https://web.archive.org/web/20250804164902id_/https://joinkuliner.com/author/admin/,
downloaded,author/admin/page/2/index.html,https://joinkuliner.com/author/admin/page/2/,20250806144702,text/html,98872,c9adfe877b3b7813c75d47f3a8fe48b7a5e3a3cbfbce00cf6d45d845cab20454,https://web.archive.org/web/20250806144702id_/https://joinkuliner.com/author/admin/page/2/,
downloaded,author/admin/page/3/index.html,https://joinkuliner.com/author/admin/page/3/,20251009041635,text/html,99212,cb5ffd7f7da46881df0af2f1329fdf9b89d97c57b5cccdec58126f4714a59f23,https://web.archive.org/web/20251009041635id_/https://joinkuliner.com/author/admin/page/3/,
downloaded,author/admin/page/4/index.html,https://joinkuliner.com/author/admin/page/4/,20250804151750,text/html,99341,cf0fcd5fc7cffb07af72f51e1c4497ac28b2ef0e4e8a22ff4c7831b6d1eaf6a2,https://web.archive.org/web/20250804151750id_/https://joinkuliner.com/author/admin/page/4/,
downloaded,author/admin/page/40/index.html,https://joinkuliner.com/author/admin/page/40/,20250121113542,text/html,100819,0d267c10aab0ae0bb99e3f75a9ab838fd78df981c0444a7d9f10576fd3744edd,https://web.archive.org/web/20250121113542id_/https://joinkuliner.com/author/admin/page/40/,
downloaded,author/admin/page/44/index.html,https://joinkuliner.com/author/admin/page/44/,20251009044452,text/html,105996,bb9b2907c6c972c5279a6b242529a4279ce8daeb55bd8b2428798b84b6f8197a,https://web.archive.org/web/20251009044452id_/https://joinkuliner.com/author/admin/page/44/,
downloaded,author/admin/page/46/index.html,https://joinkuliner.com/author/admin/page/46/,20250906235416,text/html,92466,b256dd5383f5fee4587645da513f020f45aca6b2a744d142145f4feb832fd1c4,https://web.archive.org/web/20250906235416id_/https://joinkuliner.com/author/admin/page/46/,
downloaded,author/admin/page/5/index.html,https://joinkuliner.com/author/admin/page/5/,20250906215841,text/html,99024,9cb7c2203a0203ce3222ccf5530d9fb7b52599bc24f81bc269c7266412a2b981,https://web.archive.org/web/20250906215841id_/https://joinkuliner.com/author/admin/page/5/,
downloaded,author/admin/page/6/index.html,https://joinkuliner.com/author/admin/page/6/,20250806155617,text/html,101507,4fc4780f03ece254b02f63cfb93455dbed032e901da08546989cc0c96a91e70f,https://web.archive.org/web/20250806155617id_/https://joinkuliner.com/author/admin/page/6/,
downloaded,author/admin/page/7/index.html,https://joinkuliner.com/author/admin/page/7/,20250806154632,text/html,99461,c5b57799973208cb02a7582d2c1873c7eff85fd702b7d1a83f44677ec3474489,https://web.archive.org/web/20250806154632id_/https://joinkuliner.com/author/admin/page/7/,
downloaded,author/admin/page/8/index.html,https://joinkuliner.com/author/admin/page/8/,20250906232412,text/html,105416,47fc2127002328a693da0955bbe699eb5b91ddcf7e6ce1819e5fc7e753913b89,https://web.archive.org/web/20250906232412id_/https://joinkuliner.com/author/admin/page/8/,
downloaded,bisnis-kuliner-kiat-sukses-dalam-dunia-kuliner.bin,https://joinkuliner.com/bisnis-kuliner-kiat-sukses-dalam-dunia-kuliner/,20240525074407,unk,1451,b740a42e40e76bea18bc8ecc55b992661bc2a839c75e7944f979f908a4aa9416,https://web.archive.org/web/20240525074407id_/https://joinkuliner.com/bisnis-kuliner-kiat-sukses-dalam-dunia-kuliner/,
downloaded,bisnis/10-franchise-takoyaki-terlaris-di-indonesia-jadi-peluang-bisnis/index.html,https://joinkuliner.com/bisnis/10-franchise-takoyaki-terlaris-di-indonesia-jadi-peluang-bisnis/,20250906233036,text/html,188716,61748b69611e92bd5c8c29dec8acd48407aea7e141e417ca9bf50ecc5f153b9e,https://web.archive.org/web/20250906233036id_/https://joinkuliner.com/bisnis/10-franchise-takoyaki-terlaris-di-indonesia-jadi-peluang-bisnis/,
downloaded,bisnis/6-contoh-waralaba-luar-negeri-terkenal-di-indonesia/index.html,https://joinkuliner.com/bisnis/6-contoh-waralaba-luar-negeri-terkenal-di-indonesia/,20250906231526,text/html,188922,e845bd209947eb66ecfcca6eb0aa46c8fa58cac73a04d4047b0a358d9ce44fe5,https://web.archive.org/web/20250906231526id_/https://joinkuliner.com/bisnis/6-contoh-waralaba-luar-negeri-terkenal-di-indonesia/,
downloaded,bisnis/cara-menghitung-hpp-makanan-agar-food-cost-lebih-terkontrol/index.html,https://joinkuliner.com/bisnis/cara-menghitung-hpp-makanan-agar-food-cost-lebih-terkontrol/,20250806143731,text/html,176964,4cf823f6806832df38036ca54b4d813ba8ba10cd8907a6d048cb236c3c9c9ceb,https://web.archive.org/web/20250806143731id_/https://joinkuliner.com/bisnis/cara-menghitung-hpp-makanan-agar-food-cost-lebih-terkontrol/,
downloaded,bisnis/jajanan-anak-sekolah-ide-usaha-kreatif-dengan-modal-kecil/index.html,https://joinkuliner.com/bisnis/jajanan-anak-sekolah-ide-usaha-kreatif-dengan-modal-kecil/,20250906232904,text/html,193249,af11c8fa17d35cf5324e38e4efeaf9ebd5a69bb9e19e958c1ddb5721fb3dbf5d,https://web.archive.org/web/20250906232904id_/https://joinkuliner.com/bisnis/jajanan-anak-sekolah-ide-usaha-kreatif-dengan-modal-kecil/,
downloaded,bisnis/jasa-franchise/index.html,https://joinkuliner.com/bisnis/jasa-franchise/,20251009040437,text/html,187193,d0ccc944a17449a879beb83eb2520074f0a941539916218775d81ef5af639223,https://web.archive.org/web/20251009040437id_/https://joinkuliner.com/bisnis/jasa-franchise/,
downloaded,bisnis/modal-jantung-kehidupan-dan-pertumbuhan-bisnis/index.html,https://joinkuliner.com/bisnis/modal-jantung-kehidupan-dan-pertumbuhan-bisnis/,20250906221920,text/html,186961,43b70fdb2d957b49bbeae5e14a5bc3d51730b7a291accc61cd9c3e79f760c445,https://web.archive.org/web/20250906221920id_/https://joinkuliner.com/bisnis/modal-jantung-kehidupan-dan-pertumbuhan-bisnis/,
downloaded,bisnis/peluang-bisnis-kuliner-dengan-modal-300-ribu/index.html,https://joinkuliner.com/bisnis/peluang-bisnis-kuliner-dengan-modal-300-ribu/,20250906230432,text/html,180885,dc07f01d34df27c819c3fc5da5b21fa143ed70b0b3be93048b3294d19e383849,https://web.archive.org/web/20250906230432id_/https://joinkuliner.com/bisnis/peluang-bisnis-kuliner-dengan-modal-300-ribu/,
downloaded,bisnis/strategi-swot-kunci-sukses-membuat-usaha-makanan-anda-cepat-laris/index.html,https://joinkuliner.com/bisnis/strategi-swot-kunci-sukses-membuat-usaha-makanan-anda-cepat-laris/,20250906223806,text/html,182778,14c40e7468bbce8973f8cb45b7144fbdb588cf5b5749c5010fd5046371c7ec74,https://web.archive.org/web/20250906223806id_/https://joinkuliner.com/bisnis/strategi-swot-kunci-sukses-membuat-usaha-makanan-anda-cepat-laris/,
downloaded,bisnis/usaha-makanan-yang-bisa-dititipkan-di-warung/index.html,https://joinkuliner.com/bisnis/usaha-makanan-yang-bisa-dititipkan-di-warung/,20250804161338,text/html,181815,6034e7ee8b959159248b78e14b3c6c58758880273d235a255cf26ae799e43d44,https://web.archive.org/web/20250804161338id_/https://joinkuliner.com/bisnis/usaha-makanan-yang-bisa-dititipkan-di-warung/,
downloaded,category-sitemap.xml,https://joinkuliner.com/category-sitemap.xml,20250904184136,text/xml,2051,54e3aa0e8b809a1d34f1285d88ceca9501aa33af1e4bec4d67b26cd704a10a30,https://web.archive.org/web/20250904184136id_/https://joinkuliner.com/category-sitemap.xml,
downloaded,category/bisnis/index.html,https://joinkuliner.com/category/bisnis/,20250806153944,text/html,96686,8a394ed8d5fd569633ab9e6a3ab7e4e5a8bb1e4f2406b022680906b553a59f7b,https://web.archive.org/web/20250806153944id_/https://joinkuliner.com/category/bisnis/,
downloaded,category/bisnis/page/2/index.html,https://joinkuliner.com/category/bisnis/page/2/,20250906220838,text/html,97293,955edb252365fd6b0c8d1f86ad279bd6b8a8c7f95b1f3629187241d1e794c23c,https://web.archive.org/web/20250906220838id_/https://joinkuliner.com/category/bisnis/page/2/,
downloaded,category/franchise/index.html,https://joinkuliner.com/category/franchise/,20250906224055,text/html,96843,0d95ad3c16a36a64b54934680b47e3ab8e76a7a4e24f5023be72498fd92ee777,https://web.archive.org/web/20250906224055id_/https://joinkuliner.com/category/franchise/,
downloaded,category/franchise/page/2/index.html,https://joinkuliner.com/category/franchise/page/2/,20250428054258,text/html,99788,cbfcd1ea16105712d09fe233304b30663b774ac8fe6b347df170eaaa62abe19d,https://web.archive.org/web/20250428054258id_/https://joinkuliner.com/category/franchise/page/2/,
downloaded,category/franchise/page/3/index.html,https://joinkuliner.com/category/franchise/page/3/,20250210163818,text/html,11978,7527f08b85d8aa9e9682fde3858715a2014efed7c62e38fc4a5444af97c544ae,https://web.archive.org/web/20250210163818id_/https://joinkuliner.com/category/franchise/page/3/,
downloaded,category/jajan/index.html,https://joinkuliner.com/category/jajan/,20250906231746,text/html,105671,db4889a8daf93f7995fa9b3a4e482a52c1b215352a3ba1bb80b6890fb34dfbeb,https://web.archive.org/web/20250906231746id_/https://joinkuliner.com/category/jajan/,
downloaded,category/jajan/page/2/index.html,https://joinkuliner.com/category/jajan/page/2/,20250806152745,text/html,114854,96a4f361c9e523a117dca938ec636741ebbe746b23abf865e44e3ce13259393e,https://web.archive.org/web/20250806152745id_/https://joinkuliner.com/category/jajan/page/2/,
downloaded,category/jajan/page/3/index.html,https://joinkuliner.com/category/jajan/page/3/,20250804152625,text/html,115836,1b750d569ae2994a6442fb70b10b1bb602db7655194f6c700dc75c6a813dbc28,https://web.archive.org/web/20250804152625id_/https://joinkuliner.com/category/jajan/page/3/,
downloaded,category/jajan/page/4/index.html,https://joinkuliner.com/category/jajan/page/4/,20250806154741,text/html,108306,8985badf28116cfbc546cc719aceb19079a384e5dc58c1e60feb0aab44ddd146,https://web.archive.org/web/20250806154741id_/https://joinkuliner.com/category/jajan/page/4/,
downloaded,category/jajan/page/5/index.html,https://joinkuliner.com/category/jajan/page/5/,20250806150640,text/html,105216,1719c6a718543d54d5f3b6dc04093e5627e34625afd484d281ea7a5119d48376,https://web.archive.org/web/20250806150640id_/https://joinkuliner.com/category/jajan/page/5/,
downloaded,category/jajan/page/6/index.html,https://joinkuliner.com/category/jajan/page/6/,20250806141336,text/html,103265,fb54454b6dff55819fdbe09420cfbc99db3c32f2b2bcb37ec10ba6ac96cd9ea5,https://web.archive.org/web/20250806141336id_/https://joinkuliner.com/category/jajan/page/6/,
downloaded,category/jajan/page/7/index.html,https://joinkuliner.com/category/jajan/page/7/,20251009050514,text/html,106312,64eda215d9d999c164346ae8f10c9c1b4ea0c27187b9dfeb85b2647258aac7fe,https://web.archive.org/web/20251009050514id_/https://joinkuliner.com/category/jajan/page/7/,
downloaded,category/jajan/page/8/index.html,https://joinkuliner.com/category/jajan/page/8/,20250806143941,text/html,103836,f1eda09e66d134018bea89a4259612b6888129344be4f148f21bafd136ddb91b,https://web.archive.org/web/20250806143941id_/https://joinkuliner.com/category/jajan/page/8/,
downloaded,category/kuliner/index.html,https://joinkuliner.com/category/kuliner/,20251009040911,text/html,99365,5141db3830de9b7346f1f8205fe6411de9d8eba96f13ac2aaa5aa7c367c8084f,https://web.archive.org/web/20251009040911id_/https://joinkuliner.com/category/kuliner/,
downloaded,category/kuliner/page/10/index.html,https://joinkuliner.com/category/kuliner/page/10/,20251009052918,text/html,108894,8b01b368fa28ca80ca97dd157050929fdc8797c6394fa73604d8afb1cd044977,https://web.archive.org/web/20251009052918id_/https://joinkuliner.com/category/kuliner/page/10/,
downloaded,category/kuliner/page/11/index.html,https://joinkuliner.com/category/kuliner/page/11/,20251009040629,text/html,102061,2e862645816c24225276774151b78f6f613135f3391bb87b1af5dd89d51058bf,https://web.archive.org/web/20251009040629id_/https://joinkuliner.com/category/kuliner/page/11/,
downloaded,category/kuliner/page/12/index.html,https://joinkuliner.com/category/kuliner/page/12/,20251009043019,text/html,104456,cae34572d840fe189eb0a14f10ee76e380b16d9a4668db3e923787376f578538,https://web.archive.org/web/20251009043019id_/https://joinkuliner.com/category/kuliner/page/12/,
downloaded,category/kuliner/page/2/index.html,https://joinkuliner.com/category/kuliner/page/2/,20250906223347,text/html,93117,f50d95d8cb08b49cb20adf4fd16e8b53ab747c8f9c4d1f39a7016fab76ad83a9,https://web.archive.org/web/20250906223347id_/https://joinkuliner.com/category/kuliner/page/2/,
downloaded,category/kuliner/page/20/index.html,https://joinkuliner.com/category/kuliner/page/20/,20251009043124,text/html,100262,e018effe2dfebcab3878116a9bf72eb458ffa1f8f9bba7667bf91b9f0a6e822f,https://web.archive.org/web/20251009043124id_/https://joinkuliner.com/category/kuliner/page/20/,
downloaded,category/kuliner/page/22/index.html,https://joinkuliner.com/category/kuliner/page/22/,20251009052045,text/html,112149,01751744a0f1649a019b16449f5d33c06f756f46db6a14b73da31ca49173ae0f,https://web.archive.org/web/20251009052045id_/https://joinkuliner.com/category/kuliner/page/22/,
downloaded,category/kuliner/page/23/index.html,https://joinkuliner.com/category/kuliner/page/23/,20250906235743,text/html,113815,8d57128f1960535124450e9e5f785047c2286a488b70088ae1da760e006b450e,https://web.archive.org/web/20250906235743id_/https://joinkuliner.com/category/kuliner/page/23/,
downloaded,category/kuliner/page/3/index.html,https://joinkuliner.com/category/kuliner/page/3/,20250906232446,text/html,102571,360db0d0a889d8062ffc81efd09bfc973ead8dac6f250b13df7dfcbf2882ca5e,https://web.archive.org/web/20250906232446id_/https://joinkuliner.com/category/kuliner/page/3/,
downloaded,category/kuliner/page/4/index.html,https://joinkuliner.com/category/kuliner/page/4/,20250804152231,text/html,114293,fe841a6b4858ebd1a54135f0adec96dd272a894e5567302ac76598eb5d46702a,https://web.archive.org/web/20250804152231id_/https://joinkuliner.com/category/kuliner/page/4/,
downloaded,category/kuliner/page/5/index.html,https://joinkuliner.com/category/kuliner/page/5/,20250906231636,text/html,109961,28452f2068d660d0bcd61997da009325d342ab28427d80254753ab3a545e4fd8,https://web.archive.org/web/20250906231636id_/https://joinkuliner.com/category/kuliner/page/5/,
downloaded,category/kuliner/page/6/index.html,https://joinkuliner.com/category/kuliner/page/6/,20250906221718,text/html,116175,2524b0ba840c2cb91fbf91a151d2d6bd3f3ac5713c59a66b6006b3ea407cc23d,https://web.archive.org/web/20250906221718id_/https://joinkuliner.com/category/kuliner/page/6/,
downloaded,category/kuliner/page/7/index.html,https://joinkuliner.com/category/kuliner/page/7/,20250906230922,text/html,113879,d9fdc68a652b2c97041d1dd4b4bb3d546e854dcbb0b18b2f1d645f2c52de9ca4,https://web.archive.org/web/20250906230922id_/https://joinkuliner.com/category/kuliner/page/7/,
downloaded,category/kuliner/page/8/index.html,https://joinkuliner.com/category/kuliner/page/8/,20250906235648,text/html,117310,48b291e1e7d2544187e09f231fffc17d06e414966077f87c1d807ac6518481a3,https://web.archive.org/web/20250906235648id_/https://joinkuliner.com/category/kuliner/page/8/,
downloaded,category/kuliner/page/9/index.html,https://joinkuliner.com/category/kuliner/page/9/,20251009044946,text/html,105468,a830c3c9f241d2d261ec432c66204bb1f18021ce4278e3544cbc70ca1f4daee7,https://web.archive.org/web/20251009044946id_/https://joinkuliner.com/category/kuliner/page/9/,
downloaded,category/peluang-usaha-kuliner/index.html,https://joinkuliner.com/category/peluang-usaha-kuliner/,20251009042348,text/html,92927,bde9ebc8b2be7d0109222d0db02cc19e8943e1dccd8da3b45d594f509742daed,https://web.archive.org/web/20251009042348id_/https://joinkuliner.com/category/peluang-usaha-kuliner/,
downloaded,category/peluang-usaha-kuliner/page/13/index.html,https://joinkuliner.com/category/peluang-usaha-kuliner/page/13/,20250514023535,text/html,110126,d0f0e00aeb93bcdf13726df5e71164fb57b9694a68206efb2a23c0932e47d591,https://web.archive.org/web/20250514023535id_/https://joinkuliner.com/category/peluang-usaha-kuliner/page/13/,
downloaded,category/peluang-usaha-kuliner/page/14/index.html,https://joinkuliner.com/category/peluang-usaha-kuliner/page/14/,20250428053233,text/html,111273,9d5c005787da86c98c1182866a91ed30c1ea12be02266f5aacdfeb7e49454358,https://web.archive.org/web/20250428053233id_/https://joinkuliner.com/category/peluang-usaha-kuliner/page/14/,
downloaded,category/peluang-usaha-kuliner/page/2/index.html,https://joinkuliner.com/category/peluang-usaha-kuliner/page/2/,20250210151751,text/html,12042,06da691ef9a96a065ed92da011deb2c5ca3ac52ffe8810c5a1f3c13c220c94da,https://web.archive.org/web/20250210151751id_/https://joinkuliner.com/category/peluang-usaha-kuliner/page/2/,
downloaded,category/peluang-usaha-kuliner/page/3/index.html,https://joinkuliner.com/category/peluang-usaha-kuliner/page/3/,20250620013344,text/html,111137,8aa145842b9bf4b604b5238aeded85d4ef3ac3dec26032de9b8ffbd9d18a6fce,https://web.archive.org/web/20250620013344id_/https://joinkuliner.com/category/peluang-usaha-kuliner/page/3/,
downloaded,category/peluang-usaha-kuliner/page/4/index.html,https://joinkuliner.com/category/peluang-usaha-kuliner/page/4/,20250428053751,text/html,113309,4440edf1229296cf0b1f42057c31c8a79c3a4c471c5059e5f39573bf1f80e3d4,https://web.archive.org/web/20250428053751id_/https://joinkuliner.com/category/peluang-usaha-kuliner/page/4/,
downloaded,category/peluang-usaha-kuliner/page/5.bin,https://joinkuliner.com/category/peluang-usaha-kuliner/page/5/,20240525073422,unk,1449,a5da3c33bb67dadee52c9ee0f894c5dbd6acf31bcbb94ad371cba328cca6392a,https://web.archive.org/web/20240525073422id_/https://joinkuliner.com/category/peluang-usaha-kuliner/page/5/,
downloaded,category/resep-makanan/index.html,https://joinkuliner.com/category/resep-makanan/,20250315205146,text/html,87005,7f1158e48bb8b602124d749e7f739b6c44d60769bb6176c821abd964c570df50,https://web.archive.org/web/20250315205146id_/https://joinkuliner.com/category/resep-makanan/,
downloaded,category/review/index.html,https://joinkuliner.com/category/review/,20250719211541,text/html,100283,70418621c79c4263cc9e33433ab893da150dab08f0a154439c8d327221d79b75,https://web.archive.org/web/20250719211541id_/https://joinkuliner.com/category/review/,
downloaded,category/review/page/10/index.html,https://joinkuliner.com/category/review/page/10/,20250428063045,text/html,107467,1d764ffeacf765279f67f4700a12b2f3dd50509e0dd3e3664740c31ad401eafb,https://web.archive.org/web/20250428063045id_/https://joinkuliner.com/category/review/page/10/,
downloaded,category/review/page/11/index.html,https://joinkuliner.com/category/review/page/11/,20251009044403,text/html,107835,50565645adbadaa8971dfb326eebe4290430b98d01c2da0a2ccb39bffd78acde,https://web.archive.org/web/20251009044403id_/https://joinkuliner.com/category/review/page/11/,
downloaded,category/review/page/12/index.html,https://joinkuliner.com/category/review/page/12/,20251009053152,text/html,100069,0e13e192af513752db52541b53162af47553a819e1ece1e848bfd885f19507e6,https://web.archive.org/web/20251009053152id_/https://joinkuliner.com/category/review/page/12/,
downloaded,category/review/page/13/index.html,https://joinkuliner.com/category/review/page/13/,20250806145201,text/html,103191,5d2fe6d638a39ef6c295ba96f65d6a45f1cd7571927bd3146c02f2b2edd8baca,https://web.archive.org/web/20250806145201id_/https://joinkuliner.com/category/review/page/13/,
downloaded,category/review/page/2/index.html,https://joinkuliner.com/category/review/page/2/,20250906234105,text/html,103213,a5bf463ca49374fbd23cb15107e402010503159edeeba0181bd8f9be4d19ca38,https://web.archive.org/web/20250906234105id_/https://joinkuliner.com/category/review/page/2/,
downloaded,category/review/page/3/index.html,https://joinkuliner.com/category/review/page/3/,20250806152246,text/html,95001,19afbd426838abbc5c431aa975535399b4e1205fed3adf6c8db9e36398a4d55b,https://web.archive.org/web/20250806152246id_/https://joinkuliner.com/category/review/page/3/,
downloaded,category/review/page/4/index.html,https://joinkuliner.com/category/review/page/4/,20250804153824,text/html,95372,5d6ed9d043ac5d2585e3e2ce1f76c4d89bf9a257a3320cd4d3d754b9fc23a60c,https://web.archive.org/web/20250804153824id_/https://joinkuliner.com/category/review/page/4/,
downloaded,category/review/page/5/index.html,https://joinkuliner.com/category/review/page/5/,20250804150012,text/html,109426,9844073d970b02438000055c3ff981ec9d0d1df608d1efeb62a4c47b7386b9d0,https://web.archive.org/web/20250804150012id_/https://joinkuliner.com/category/review/page/5/,
downloaded,category/review/page/6/index.html,https://joinkuliner.com/category/review/page/6/,20250906233004,text/html,109910,0a460c9980bac20b806dae837e0ec5c73693d1bf259bbac28739aca064765597,https://web.archive.org/web/20250906233004id_/https://joinkuliner.com/category/review/page/6/,
downloaded,category/review/page/7/index.html,https://joinkuliner.com/category/review/page/7/,20250906230506,text/html,106408,068037e907b5d636d15715f5b81e086fa2e1176abe36d8210f99e491ae809a5f,https://web.archive.org/web/20250906230506id_/https://joinkuliner.com/category/review/page/7/,
downloaded,category/review/page/8/index.html,https://joinkuliner.com/category/review/page/8/,20250906223121,text/html,107723,f2cc9056135fa4877317a4a4777492400b397aa91947affe6f29343beb31934c,https://web.archive.org/web/20250906223121id_/https://joinkuliner.com/category/review/page/8/,
downloaded,category/review/page/9/index.html,https://joinkuliner.com/category/review/page/9/,20250906235014,text/html,108927,69bf8cc35e16e2e48bd774dc078a47308faa87d5eaec85501192b55f4f6cd9de,https://web.archive.org/web/20250906235014id_/https://joinkuliner.com/category/review/page/9/,
downloaded,category/street-food/index.html,https://joinkuliner.com/category/street-food/,20251009054127,text/html,100017,9de45ffd8d41b6537b716bfd4049d0210dcaadf39d2a2b261853b4c123c7b2c0,https://web.archive.org/web/20251009054127id_/https://joinkuliner.com/category/street-food/,
downloaded,category/street-food/page/2/index.html,https://joinkuliner.com/category/street-food/page/2/,20250906230654,text/html,101829,6940f5d9e946847955154cf010eadb13706b2fd4bb685e3e4c553863196b96b5,https://web.archive.org/web/20250906230654id_/https://joinkuliner.com/category/street-food/page/2/,
downloaded,category/street-food/page/3/index.html,https://joinkuliner.com/category/street-food/page/3/,20250804163439,text/html,107855,1c7ddac97c222a1d26270e175ba4d46ff712e01f0db592ab34b35098e677e349,https://web.archive.org/web/20250804163439id_/https://joinkuliner.com/category/street-food/page/3/,
downloaded,category/tips/index.html,https://joinkuliner.com/category/tips/,20251009053618,text/html,97515,3d3e8defa86a5c8fa2732115a3017a19e9a5591943e343b7b90a8adfc8dec70e,https://web.archive.org/web/20251009053618id_/https://joinkuliner.com/category/tips/,
downloaded,category/tips/page/10/index.html,https://joinkuliner.com/category/tips/page/10/,20250719211245,text/html,102462,1270099d52bef8fe82ee925d31e38f14aaa0014bd35deb358217ff08c0df778f,https://web.archive.org/web/20250719211245id_/https://joinkuliner.com/category/tips/page/10/,
downloaded,category/tips/page/2/index.html,https://joinkuliner.com/category/tips/page/2/,20250906234314,text/html,99774,b9f1f8a6dd83a7a1d266cca3ab278e3467c652a37f0e4a5a08ad8f81fb9a4a59,https://web.archive.org/web/20250906234314id_/https://joinkuliner.com/category/tips/page/2/,
downloaded,category/tips/page/3/index.html,https://joinkuliner.com/category/tips/page/3/,20250804161819,text/html,97900,5550f00feb4afaab3828d985a246b4f2a469fe58329efcdf67ef3645c374d6a6,https://web.archive.org/web/20250804161819id_/https://joinkuliner.com/category/tips/page/3/,
downloaded,category/tips/page/4/index.html,https://joinkuliner.com/category/tips/page/4/,20250806145812,text/html,90790,0fcbc477ea9e446674280bb8578673991efbdf47e2ea011d1746c756377ba0ea,https://web.archive.org/web/20250806145812id_/https://joinkuliner.com/category/tips/page/4/,
downloaded,category/tips/page/5/index.html,https://joinkuliner.com/category/tips/page/5/,20250906222322,text/html,105227,e803733b5fb420323bb48fdfcbb9b03d03e851ebffe7048c65bdacc0e44c44bc,https://web.archive.org/web/20250906222322id_/https://joinkuliner.com/category/tips/page/5/,
downloaded,category/tips/page/6/index.html,https://joinkuliner.com/category/tips/page/6/,20250906234833,text/html,113682,e15cdc1231397a31f5a28cb7cfd78d483a07ab02b2faf18d55a9d80187660f99,https://web.archive.org/web/20250906234833id_/https://joinkuliner.com/category/tips/page/6/,
downloaded,category/tips/page/7/index.html,https://joinkuliner.com/category/tips/page/7/,20250806153258,text/html,103881,882b69fde76a9af6b4b37785c3c997d665a58f2de1dc5dc250559447b6df522e,https://web.archive.org/web/20250806153258id_/https://joinkuliner.com/category/tips/page/7/,
downloaded,category/tips/page/8/index.html,https://joinkuliner.com/category/tips/page/8/,20250804155506,text/html,109246,4a8d91c4243e9b12930ad7583d8ec741f14190d10dcb687debf22520780a2679,https://web.archive.org/web/20250804155506id_/https://joinkuliner.com/category/tips/page/8/,
downloaded,category/tips/page/9/index.html,https://joinkuliner.com/category/tips/page/9/,20250806143506,text/html,112079,9992bba54400b50f087b6832099375f601abe196188a68eb6f76fc7bdfcde4df,https://web.archive.org/web/20250806143506id_/https://joinkuliner.com/category/tips/page/9/,
downloaded,category/travel/index.html,https://joinkuliner.com/category/travel/,20251009035931,text/html,107577,1a95d1c95ba54fef1783ec8016a2a6d19cdcf353d70212451a34ca4721835158,https://web.archive.org/web/20251009035931id_/https://joinkuliner.com/category/travel/,
downloaded,category/travel/page/2.bin,https://joinkuliner.com/category/travel/page/2/,20240525075801,unk,1590,274c33260514905227258a59570d98014a66f4654efbe1df893989dbd201a7af,https://web.archive.org/web/20240525075801id_/https://joinkuliner.com/category/travel/page/2/,
downloaded,category/uncategorized/index.html,https://joinkuliner.com/category/uncategorized/,20250806142958,text/html,96903,e2b127dcb369eaef5961fe766ad60f8a7df7bd30370fe94d6ac2ee0a4f67d1c2,https://web.archive.org/web/20250806142958id_/https://joinkuliner.com/category/uncategorized/,
downloaded,category/uncategorized/page/2/index.html,https://joinkuliner.com/category/uncategorized/page/2/,20250315212032,text/html,94788,e8c4303c5259a64b5ee083bd682e235f009b5d17f1b8fc7d447d4808b2a5c307,https://web.archive.org/web/20250315212032id_/https://joinkuliner.com/category/uncategorized/page/2/,
downloaded,category/uncategorized/page/3/index.html,https://joinkuliner.com/category/uncategorized/page/3/,20250315203300,text/html,106206,3961c8ff7712a44db131382bcd3b7ec442d688f081dad90de1275c44a2bb8221,https://web.archive.org/web/20250315203300id_/https://joinkuliner.com/category/uncategorized/page/3/,
downloaded,category/uncategorized/page/4/index.html,https://joinkuliner.com/category/uncategorized/page/4/,20250428062906,text/html,93090,9b5d21d6a96b9791945713d32e0f7180789da5d2a7ab26a89bbc9b37142d039f,https://web.archive.org/web/20250428062906id_/https://joinkuliner.com/category/uncategorized/page/4/,
downloaded,category/usaha-kuliner/index.html,https://joinkuliner.com/category/usaha-kuliner/,20250906221545,text/html,87631,16a152e08cc5177c8a2ee851ac4dbab39ec1d0ccecdf8bd35b9eba057987b4c2,https://web.archive.org/web/20250906221545id_/https://joinkuliner.com/category/usaha-kuliner/,
downloaded,comments/feed.xml,https://joinkuliner.com/comments/feed/,20231123193958,application/rss+xml,738,f8536cc80391c07fab5f931cd2f10b0b06b8030fec2b6a8aea4c0c1337c6a40e,https://web.archive.org/web/20231123193958id_/https://joinkuliner.com/comments/feed/,
downloaded,contact-us/index.html,https://joinkuliner.com/contact-us/,20251009045402,text/html,97710,cb958a6e771d674efa568708ec099387d284dbd4b570e9502d7125dcbda2c4cd,https://web.archive.org/web/20251009045402id_/https://joinkuliner.com/contact-us/,
downloaded,feed.xml,https://joinkuliner.com/feed/,20231123193958,application/rss+xml,88477,cc42a0305fbca1c8e80bc14d324b670ae61e1de5d5c6188dcc85725d9dad789e,https://web.archive.org/web/20231123193958id_/https://joinkuliner.com/feed/,
downloaded,franchise/6-franchise-rumah-makan-padang-terbesar-di-indonesia/index.html,https://joinkuliner.com/franchise/6-franchise-rumah-makan-padang-terbesar-di-indonesia/,20250804151054,text/html,162333,4c4d5851038f67d3ad1bcba7a8bc781e00f9a3dd0d593e5101ac2bfacd475981,https://web.archive.org/web/20250804151054id_/https://joinkuliner.com/franchise/6-franchise-rumah-makan-padang-terbesar-di-indonesia/,
downloaded,franchise/8-franchise-toko-roti-yang-paling-menguntungkan-di-indonesia/index.html,https://joinkuliner.com/franchise/8-franchise-toko-roti-yang-paling-menguntungkan-di-indonesia/,20250906220932,text/html,157902,430ee265d1e2af494da1e60016dccc7516f3a3821aa4969a008e9a044d46a400,https://web.archive.org/web/20250906220932id_/https://joinkuliner.com/franchise/8-franchise-toko-roti-yang-paling-menguntungkan-di-indonesia/,
downloaded,franchise/harga-franchise-dkriuk-memikat-lidah-dengan-kelezatan-dan-kepuasan-finansial/index.html,https://joinkuliner.com/franchise/harga-franchise-dkriuk-memikat-lidah-dengan-kelezatan-dan-kepuasan-finansial/,20250906221122,text/html,161754,f68d1523d972622d6f2d4f8bf2f543e396da55ff8728e67ff910a5b3edf1fc00,https://web.archive.org/web/20250906221122id_/https://joinkuliner.com/franchise/harga-franchise-dkriuk-memikat-lidah-dengan-kelezatan-dan-kepuasan-finansial/,
downloaded,franchise/membongkar-kesuksesan-franchise-warteg-jaya-bahari/index.html,https://joinkuliner.com/franchise/membongkar-kesuksesan-franchise-warteg-jaya-bahari/,20250906230955,text/html,165590,7d7c35cabf10921ca8d7d0979593dbf4e5909ffe546ae6f1a252f6ad6e164854,https://web.archive.org/web/20250906230955id_/https://joinkuliner.com/franchise/membongkar-kesuksesan-franchise-warteg-jaya-bahari/,
downloaded,franchise/menggali-peluang-bisnis-dengan-dcrepes-analisis-harga-franchise/index.html,https://joinkuliner.com/franchise/menggali-peluang-bisnis-dengan-dcrepes-analisis-harga-franchise/,20250804152030,text/html,161272,ffcc4e821c4bd824a080d143593334ae74e7e7ff262db03fecbc1ddcb7cdf997,https://web.archive.org/web/20250804152030id_/https://joinkuliner.com/franchise/menggali-peluang-bisnis-dengan-dcrepes-analisis-harga-franchise/,
downloaded,franchise/menggali-potensi-bisnis-franchise-toko-buah-di-indonesia-sukses-dan-tantangannya/index.html,https://joinkuliner.com/franchise/menggali-potensi-bisnis-franchise-toko-buah-di-indonesia-sukses-dan-tantangannya/,20250804152931,text/html,167831,bf759d7c6bb3b5e419aaa0aecdab674cb4189f578951c2812d368ac3de3621fb,https://web.archive.org/web/20250804152931id_/https://joinkuliner.com/franchise/menggali-potensi-bisnis-franchise-toko-buah-di-indonesia-sukses-dan-tantangannya/,
downloaded,franchise/menyelami-sensasi-segar-es-potong-espessia-franchise-yang-menciptakan-kebahagiaan/index.html,https://joinkuliner.com/franchise/menyelami-sensasi-segar-es-potong-espessia-franchise-yang-menciptakan-kebahagiaan/,20250906222127,text/html,161505,465523096da7b9375bb16a96238064bde4e2b32ba39e3b25d9b45a4486d1f2b3,https://web.archive.org/web/20250906222127id_/https://joinkuliner.com/franchise/menyelami-sensasi-segar-es-potong-espessia-franchise-yang-menciptakan-kebahagiaan/,
downloaded,franchise/peluang-bisnis-kuliner-yang-akan-hits-setelah-lebaran-tahun-ini/index.html,https://joinkuliner.com/franchise/peluang-bisnis-kuliner-yang-akan-hits-setelah-lebaran-tahun-ini/,20250906223947,text/html,160273,8b661d299764b0befd680944f148cf887d48fe6d45a7b7d56a3355d4068cf9b9,https://web.archive.org/web/20250906223947id_/https://joinkuliner.com/franchise/peluang-bisnis-kuliner-yang-akan-hits-setelah-lebaran-tahun-ini/,
downloaded,franchise/rekomendasi-franchise-makanan-korea-bagi-pengusaha-pemula/index.html,https://joinkuliner.com/franchise/rekomendasi-franchise-makanan-korea-bagi-pengusaha-pemula/,20250906233217,text/html,162651,c87b9e45df045fe7344922d06f97ec824bd8f4dcf1541bdf481bc880b0115370,https://web.archive.org/web/20250906233217id_/https://joinkuliner.com/franchise/rekomendasi-franchise-makanan-korea-bagi-pengusaha-pemula/,
downloaded,franchise/review-jujur-franchise-es-teh-ginastel/index.html,https://joinkuliner.com/franchise/review-jujur-franchise-es-teh-ginastel/,20250906230812,text/html,159074,f591f2153fc231ebd39a0bba1cbb89d4f65e5454d4411384ac6d43051c89f077,https://web.archive.org/web/20250906230812id_/https://joinkuliner.com/franchise/review-jujur-franchise-es-teh-ginastel/,
downloaded,franchise/top-10-franchise-terbaik-di-dunia-versi-website-entrepreneur/index.html,https://joinkuliner.com/franchise/top-10-franchise-terbaik-di-dunia-versi-website-entrepreneur/,20250906232046,text/html,162746,5480e6271a6cc11d08eb7f946d03c25f37c01048d68611c41e4ab0d0a55be8f2,https://web.archive.org/web/20250906232046id_/https://joinkuliner.com/franchise/top-10-franchise-terbaik-di-dunia-versi-website-entrepreneur/,
downloaded,home/index.html,https://joinkuliner.com/home/,20250906232628,text/html,70127,c496cc92102466cf441dc5a1aa62a0507a1d242109dbfd8a3a4aa7240f3cf3d9,https://web.archive.org/web/20250906232628id_/https://joinkuliner.com/home/,
downloaded,index.html,https://joinkuliner.com/,20250906232731,text/html,212153,81bdbf51a66987983c87324f3defcb04cb8944d45a0ee504450afa2bcfb1451c,https://web.archive.org/web/20250906232731id_/https://joinkuliner.com/,
downloaded,jajan/10-usaha-kuliner-kekinian-yang-di-jamin-cepat-balik-modal-nomor-5-sangat-di-rekomendasikan/index.html,https://joinkuliner.com/jajan/10-usaha-kuliner-kekinian-yang-di-jamin-cepat-balik-modal-nomor-5-sangat-di-rekomendasikan/,20250719203345,text/html,167911,ba7ae79ede0746cb8e9daebc168abd50c496d1a926fe53d7b764ef4f235ab0dd,https://web.archive.org/web/20250719203345id_/https://joinkuliner.com/jajan/10-usaha-kuliner-kekinian-yang-di-jamin-cepat-balik-modal-nomor-5-sangat-di-rekomendasikan/,
downloaded,jajan/apa-itu-health-of-immunity-dan-bagaimana-cara-mengatasinya/index.html,https://joinkuliner.com/jajan/apa-itu-health-of-immunity-dan-bagaimana-cara-mengatasinya/,20250719200856,text/html,167450,005fcd964d29326790949612a5b41564780205c235d03f6587f87e6d468c3795,https://web.archive.org/web/20250719200856id_/https://joinkuliner.com/jajan/apa-itu-health-of-immunity-dan-bagaimana-cara-mengatasinya/,
downloaded,jajan/cemilan-kreatif-memanjakan-lidah-dengan-kelezatan-yang-ringan/index.html,https://joinkuliner.com/jajan/cemilan-kreatif-memanjakan-lidah-dengan-kelezatan-yang-ringan/,20250806154410,text/html,159453,f0e561cb92f957c69110e27d742e95f24e005ba3ae822bd05eeb760ab35cc4a0,https://web.archive.org/web/20250806154410id_/https://joinkuliner.com/jajan/cemilan-kreatif-memanjakan-lidah-dengan-kelezatan-yang-ringan/,
downloaded,jajan/eksplorasi-nikmatnya-kuliner-di-padang-panjang-surga-rasa-yang-tak-terlupakan/index.html,https://joinkuliner.com/jajan/eksplorasi-nikmatnya-kuliner-di-padang-panjang-surga-rasa-yang-tak-terlupakan/,20250315205113,text/html,169757,d807e219f3f56a87e125a1a73d06e56c86370eec2ee1b2038086414a8ac7076c,https://web.archive.org/web/20250315205113id_/https://joinkuliner.com/jajan/eksplorasi-nikmatnya-kuliner-di-padang-panjang-surga-rasa-yang-tak-terlupakan/,
downloaded,jajan/membongkar-rahasia-kesuksesan-bisnis-franchise-mixue/index.html,https://joinkuliner.com/jajan/membongkar-rahasia-kesuksesan-bisnis-franchise-mixue/,20250906232552,text/html,162231,08a997a195a1053e416aa724f607bc0f08d3eaa38098b9214a7a80ea8e3f0114,https://web.archive.org/web/20250906232552id_/https://joinkuliner.com/jajan/membongkar-rahasia-kesuksesan-bisnis-franchise-mixue/,
downloaded,jajan/menciptakan-visi-dan-aspirasi-di-tahun-2024-menatap-masa-depan-dengan-optimisme/index.html,https://joinkuliner.com/jajan/menciptakan-visi-dan-aspirasi-di-tahun-2024-menatap-masa-depan-dengan-optimisme/,20250806160239,text/html,166526,d478338958f35a81e303bea67cb66be0e78880441de7339d5e8f75c0840ff6ce,https://web.archive.org/web/20250806160239id_/https://joinkuliner.com/jajan/menciptakan-visi-dan-aspirasi-di-tahun-2024-menatap-masa-depan-dengan-optimisme/,
downloaded,jajan/menggali-lebih-dalam-fenomena-kuliner-viral-dan-dampaknya-pada-selera-publik/index.html,https://joinkuliner.com/jajan/menggali-lebih-dalam-fenomena-kuliner-viral-dan-dampaknya-pada-selera-publik/,20250906225312,text/html,163340,3aff3a72a79ec71ef660753796e41c2896200f8d5558f11409f8bf7d2b6dc042,https://web.archive.org/web/20250906225312id_/https://joinkuliner.com/jajan/menggali-lebih-dalam-fenomena-kuliner-viral-dan-dampaknya-pada-selera-publik/,
downloaded,jajan/mengulas-peluang-bisnis-terdepan-franchise-coklat-dan-keajaibannya-dalam-dunia-bisnis/index.html,https://joinkuliner.com/jajan/mengulas-peluang-bisnis-terdepan-franchise-coklat-dan-keajaibannya-dalam-dunia-bisnis/,20250906225509,text/html,167701,a253186f5cd62418739cb9cd5a5092d128330f3cc081a6994830cd66248a2d2f,https://web.archive.org/web/20250906225509id_/https://joinkuliner.com/jajan/mengulas-peluang-bisnis-terdepan-franchise-coklat-dan-keajaibannya-dalam-dunia-bisnis/,
downloaded,jajan/menikmati-kelezatan-street-food-menjelajahi-warung-makan-jalanan-di-seluruh-dunia/index.html,https://joinkuliner.com/jajan/menikmati-kelezatan-street-food-menjelajahi-warung-makan-jalanan-di-seluruh-dunia/,20250806155148,text/html,165164,351a5c9cce9f294c40bce3c2903fcd0dcbb214c258ac724ab201a7134bf90657,https://web.archive.org/web/20250806155148id_/https://joinkuliner.com/jajan/menikmati-kelezatan-street-food-menjelajahi-warung-makan-jalanan-di-seluruh-dunia/,
downloaded,jajan/menjelajahi-kelezatan-kuliner-terdekat-grand-indonesia-sebuah-petualangan-gastronomi-yang-memikat/index.html,https://joinkuliner.com/jajan/menjelajahi-kelezatan-kuliner-terdekat-grand-indonesia-sebuah-petualangan-gastronomi-yang-memikat/,20251009044259,text/html,164893,75e39e94ccbdd93d6717232de6423fac69b3e9abff83ad8387bcea85e8bef129,https://web.archive.org/web/20251009044259id_/https://joinkuliner.com/jajan/menjelajahi-kelezatan-kuliner-terdekat-grand-indonesia-sebuah-petualangan-gastronomi-yang-memikat/,
downloaded,jajan/merek-makanan-terpopuler-di-indonesia-2023-menyelami-kelezatan-yang-menggoda/index.html,https://joinkuliner.com/jajan/merek-makanan-terpopuler-di-indonesia-2023-menyelami-kelezatan-yang-menggoda/,20251009044621,text/html,163192,f0a698dd59f9a0efdbf96f5aa96c8a703596e14fdf7ed83c4e141c397589d48e,https://web.archive.org/web/20251009044621id_/https://joinkuliner.com/jajan/merek-makanan-terpopuler-di-indonesia-2023-menyelami-kelezatan-yang-menggoda/,
downloaded,jajan/sarapan-enak-dan-suasana-nyaman-di-saung-kabogoh/index.html,https://joinkuliner.com/jajan/sarapan-enak-dan-suasana-nyaman-di-saung-kabogoh/,20250806143542,text/html,161811,040ed9387b910bd1d3e585f8905c5cc527b5e57f1060c4731a931c84c4e2da65,https://web.archive.org/web/20250806143542id_/https://joinkuliner.com/jajan/sarapan-enak-dan-suasana-nyaman-di-saung-kabogoh/,
downloaded,jelajahi-kelezatan-kuliner-indonesia-di-lima-warteg-terbaik-dari-warteg-bahari-hingga-warteg-mbak-endang.bin,https://joinkuliner.com/jelajahi-kelezatan-kuliner-indonesia-di-lima-warteg-terbaik-dari-warteg-bahari-hingga-warteg-mbak-endang/,20240525083302,unk,1473,324d9be4ac9e426cdef4a7cd5ed1353866ccc4eb70189e5f3bdd1b72929a0f18,https://web.archive.org/web/20240525083302id_/https://joinkuliner.com/jelajahi-kelezatan-kuliner-indonesia-di-lima-warteg-terbaik-dari-warteg-bahari-hingga-warteg-mbak-endang/,
downloaded,kuliner/10-cafe-dengan-hype-terbaik-di-jakarta-menikmati-kopi-dan-nuansa-unik/index.html,https://joinkuliner.com/kuliner/10-cafe-dengan-hype-terbaik-di-jakarta-menikmati-kopi-dan-nuansa-unik/,20250804153854,text/html,164065,3b779cc146652d3b8601c0861094f276746e9d22b5910c0e5542db7ce514fa11,https://web.archive.org/web/20250804153854id_/https://joinkuliner.com/kuliner/10-cafe-dengan-hype-terbaik-di-jakarta-menikmati-kopi-dan-nuansa-unik/,
downloaded,kuliner/10-jenis-usaha-kuliner-yang-paling-laku-di-bulan-puasa/index.html,https://joinkuliner.com/kuliner/10-jenis-usaha-kuliner-yang-paling-laku-di-bulan-puasa/,20250906231937,text/html,152235,2724928300810f6dcd0a30fef787aee1ad618e7ca375dfc45cfd42b3c707cbcc,https://web.archive.org/web/20250906231937id_/https://joinkuliner.com/kuliner/10-jenis-usaha-kuliner-yang-paling-laku-di-bulan-puasa/,
downloaded,kuliner/10-kuliner-ramadhan-yang-sering-di-jumpai-hanya-di-bulan-puasa/index.html,https://joinkuliner.com/kuliner/10-kuliner-ramadhan-yang-sering-di-jumpai-hanya-di-bulan-puasa/,20250210155151,text/html,12218,b67f745bd00e4f028b056d9d61036c4d1b59988273ee55285dfe8c62d04e7565,https://web.archive.org/web/20250210155151id_/https://joinkuliner.com/kuliner/10-kuliner-ramadhan-yang-sering-di-jumpai-hanya-di-bulan-puasa/,
downloaded,kuliner/10-makanan-penyokong-sistem-kekebalan-tubuh-meningkatkan-ketahanan-tubuh-untuk-kesehatan-yang-optimal/index.html,https://joinkuliner.com/kuliner/10-makanan-penyokong-sistem-kekebalan-tubuh-meningkatkan-ketahanan-tubuh-untuk-kesehatan-yang-optimal/,20250804160925,text/html,165384,6cafb69a4323a1407ab9b86f79813a8fba2d74411e4cb07d1958ea2fa9556a67,https://web.archive.org/web/20250804160925id_/https://joinkuliner.com/kuliner/10-makanan-penyokong-sistem-kekebalan-tubuh-meningkatkan-ketahanan-tubuh-untuk-kesehatan-yang-optimal/,
downloaded,kuliner/10-menu-lebaran-yang-wajib-dicicipi-saat-merayakan-idul-fitri/index.html,https://joinkuliner.com/kuliner/10-menu-lebaran-yang-wajib-dicicipi-saat-merayakan-idul-fitri/,20250804154703,text/html,150365,00043bdd30f33ff520aa9b7228af87988f67a626157f71e1333d9a77736871c7,https://web.archive.org/web/20250804154703id_/https://joinkuliner.com/kuliner/10-menu-lebaran-yang-wajib-dicicipi-saat-merayakan-idul-fitri/,
downloaded,kuliner/10-rekomendasi-kuliner-untuk-merayakan-imlek/index.html,https://joinkuliner.com/kuliner/10-rekomendasi-kuliner-untuk-merayakan-imlek/,20250806151601,text/html,146764,1f38a5d6400a84c8d57ac0491b17d5285645b04d21fc376119b1725c1f25a0d4,https://web.archive.org/web/20250806151601id_/https://joinkuliner.com/kuliner/10-rekomendasi-kuliner-untuk-merayakan-imlek/,
downloaded,kuliner/aneka-kue-tahun-baru-imlek-yang-biasa-di-coba/index.html,https://joinkuliner.com/kuliner/aneka-kue-tahun-baru-imlek-yang-biasa-di-coba/,20250906223451,text/html,165248,4fe38750ab05694c94e961f6701bad62692e5983b0e11d533b3839971a3aa15b,https://web.archive.org/web/20250906223451id_/https://joinkuliner.com/kuliner/aneka-kue-tahun-baru-imlek-yang-biasa-di-coba/,
downloaded,kuliner/aneka-olahan-tempe-unik-menu-lezat-tradisional/index.html,https://joinkuliner.com/kuliner/aneka-olahan-tempe-unik-menu-lezat-tradisional/,20250906232012,text/html,150738,1b2186836f552e4ebd1bbf3399e7d57b817dbdcce486db8b56565c90546e6d29,https://web.archive.org/web/20250906232012id_/https://joinkuliner.com/kuliner/aneka-olahan-tempe-unik-menu-lezat-tradisional/,
downloaded,kuliner/aqua-merek-air-minum-dalam-sejarah/index.html,https://joinkuliner.com/kuliner/aqua-merek-air-minum-dalam-sejarah/,20250806151334,text/html,151568,58861d0300d533a72fc53c9a039c7ad3d43ae7a344293bd8d5d22727373e03be,https://web.archive.org/web/20250806151334id_/https://joinkuliner.com/kuliner/aqua-merek-air-minum-dalam-sejarah/,
downloaded,kuliner/asal-usul-kecap-bango-kisah-manis-dari-indonesia/index.html,https://joinkuliner.com/kuliner/asal-usul-kecap-bango-kisah-manis-dari-indonesia/,20250804164937,text/html,148180,60249a77257215985e2c27cfa719afa437284b1f1faf6995a943cfd2250d1e39,https://web.archive.org/web/20250804164937id_/https://joinkuliner.com/kuliner/asal-usul-kecap-bango-kisah-manis-dari-indonesia/,
downloaded,kuliner/bakso-serayu-kelezatan-yang-menciptakan-kenangan-gastronomi/index.html,https://joinkuliner.com/kuliner/bakso-serayu-kelezatan-yang-menciptakan-kenangan-gastronomi/,20250806152139,text/html,148846,eac328904d27672fab3de3ea55a76936f33e9385a8dee09f3816413acb5fadd7,https://web.archive.org/web/20250806152139id_/https://joinkuliner.com/kuliner/bakso-serayu-kelezatan-yang-menciptakan-kenangan-gastronomi/,
downloaded,kuliner/bisnis-kuliner-kiat-sukses-dalam-dunia-kuliner/index.html,https://joinkuliner.com/kuliner/bisnis-kuliner-kiat-sukses-dalam-dunia-kuliner/,20250804151555,text/html,149884,491c0763948164eaf03ca842a530f198ace478b0413115e6cdc7d321cb136dd9,https://web.archive.org/web/20250804151555id_/https://joinkuliner.com/kuliner/bisnis-kuliner-kiat-sukses-dalam-dunia-kuliner/,
downloaded,kuliner/cara-menaikkan-kunjungan-ke-outlet-makanan-yang-sedang-dikelola-strategi-efektif-untuk-kesuksesan-bisnis-kuliner/index.html,https://joinkuliner.com/kuliner/cara-menaikkan-kunjungan-ke-outlet-makanan-yang-sedang-dikelola-strategi-efektif-untuk-kesuksesan-bisnis-kuliner/,20250804153720,text/html,163705,825c4bf460718aea76a9a3b7c985a7e04398806a9c98eb15b2cad4337d5a8a7f,https://web.archive.org/web/20250804153720id_/https://joinkuliner.com/kuliner/cara-menaikkan-kunjungan-ke-outlet-makanan-yang-sedang-dikelola-strategi-efektif-untuk-kesuksesan-bisnis-kuliner/,
downloaded,kuliner/daftar-website-promo-kuliner-populer-di-indonesia-menggali-lebih-dalam-menu-diskon-dan-kelezatan-online/index.html,https://joinkuliner.com/kuliner/daftar-website-promo-kuliner-populer-di-indonesia-menggali-lebih-dalam-menu-diskon-dan-kelezatan-online/,20250906232228,text/html,166700,a919c7ce5bfadd43b00a93bc8a8096671b653998169c09ac842af7a6a315f976,https://web.archive.org/web/20250906232228id_/https://joinkuliner.com/kuliner/daftar-website-promo-kuliner-populer-di-indonesia-menggali-lebih-dalam-menu-diskon-dan-kelezatan-online/,
downloaded,kuliner/franchise-warteg-putra-bahari-kemitraan-strategis.bin,https://joinkuliner.com/kuliner/franchise-warteg-putra-bahari-kemitraan-strategis/,20240525090708,unk,1373,d009bdacd336b8f1d51c262e8b9835e7e4a6850d72cf5722d8bc905ee5417e69,https://web.archive.org/web/20240525090708id_/https://joinkuliner.com/kuliner/franchise-warteg-putra-bahari-kemitraan-strategis/,
downloaded,kuliner/gulai-kepala-ikan-kelezatan-tradisional-yang-menggoda-selera/index.html,https://joinkuliner.com/kuliner/gulai-kepala-ikan-kelezatan-tradisional-yang-menggoda-selera/,20250804162414,text/html,149350,c936da38e6d648322f1ae6119a572cc11ea6a15e656b2ce5c0cb321da1c0816c,https://web.archive.org/web/20250804162414id_/https://joinkuliner.com/kuliner/gulai-kepala-ikan-kelezatan-tradisional-yang-menggoda-selera/,
downloaded,kuliner/gultik-blok-m-mengulik-kelezatan-cita-rasa-makanan-jalanan-yang-legendaris/index.html,https://joinkuliner.com/kuliner/gultik-blok-m-mengulik-kelezatan-cita-rasa-makanan-jalanan-yang-legendaris/,20250804161530,text/html,4155,c4afefd999f1bb87857435d5559263551abbf03be933795b6074e0fed0e6efd1,https://web.archive.org/web/20250804161530id_/https://joinkuliner.com/kuliner/gultik-blok-m-mengulik-kelezatan-cita-rasa-makanan-jalanan-yang-legendaris/,
downloaded,kuliner/hello-summer-bandung-menikmati-kelezatan-kuliner-yang-memikat-di-surga-kuliner-bandung/index.html,https://joinkuliner.com/kuliner/hello-summer-bandung-menikmati-kelezatan-kuliner-yang-memikat-di-surga-kuliner-bandung/,20250806143231,text/html,163408,9970e708e97bdf2d2fd3d4c5a0dde19dca6810814d05161480cd81b837afc9ec,https://web.archive.org/web/20250806143231id_/https://joinkuliner.com/kuliner/hello-summer-bandung-menikmati-kelezatan-kuliner-yang-memikat-di-surga-kuliner-bandung/,
downloaded,kuliner/ide-hampers-natal-pilihan-hadiah-yang-berkesan-dan-berarti/index.html,https://joinkuliner.com/kuliner/ide-hampers-natal-pilihan-hadiah-yang-berkesan-dan-berarti/,20250806154655,text/html,161799,e05e144476ac9cfda42ffd304294045881d3629c4359001c3f824e8d44530ef4,https://web.archive.org/web/20250806154655id_/https://joinkuliner.com/kuliner/ide-hampers-natal-pilihan-hadiah-yang-berkesan-dan-berarti/,
downloaded,kuliner/ifbc-expo-di-indonesia-panduan-lengkap-untuk-konferensi-dan-pameran-makanan-dan-minuman-internasional/index.html,https://joinkuliner.com/kuliner/ifbc-expo-di-indonesia-panduan-lengkap-untuk-konferensi-dan-pameran-makanan-dan-minuman-internasional/,20250719204328,text/html,159219,32d057e39f440a137d4210bb672366ce8abfe8c574f6cfc17dfd6e2afebb2563,https://web.archive.org/web/20250719204328id_/https://joinkuliner.com/kuliner/ifbc-expo-di-indonesia-panduan-lengkap-untuk-konferensi-dan-pameran-makanan-dan-minuman-internasional/,
downloaded,kuliner/indomie-mie-instan-legendaris-indonesia-yang-menggoda-lidah/index.html,https://joinkuliner.com/kuliner/indomie-mie-instan-legendaris-indonesia-yang-menggoda-lidah/,20250719215806,text/html,151474,1aa07a5a3b0dbe6f1d254943c2d4cb1c28a72ade57b1ab19843eb9247188b457,https://web.archive.org/web/20250719215806id_/https://joinkuliner.com/kuliner/indomie-mie-instan-legendaris-indonesia-yang-menggoda-lidah/,
downloaded,kuliner/jajanan-khas-daerah-di-berbagai-wilayah-di-indonesia-dan-asalnya/index.html,https://joinkuliner.com/kuliner/jajanan-khas-daerah-di-berbagai-wilayah-di-indonesia-dan-asalnya/,20250806145408,text/html,149923,9ea2a8977a7f8b108714c021f9ef2c63a40f43728750501872316e630bc4e9b0,https://web.archive.org/web/20250806145408id_/https://joinkuliner.com/kuliner/jajanan-khas-daerah-di-berbagai-wilayah-di-indonesia-dan-asalnya/,
downloaded,kuliner/jelajahi-kelezatan-kuliner-10-tempat-makan-paling-enak-di-solo-yang-wajib-dicoba/index.html,https://joinkuliner.com/kuliner/jelajahi-kelezatan-kuliner-10-tempat-makan-paling-enak-di-solo-yang-wajib-dicoba/,20250806151708,text/html,152603,9b735b7aa702edcae4470b4fb4b151577e873c2931e92e57294113f31316e850,https://web.archive.org/web/20250806151708id_/https://joinkuliner.com/kuliner/jelajahi-kelezatan-kuliner-10-tempat-makan-paling-enak-di-solo-yang-wajib-dicoba/,
downloaded,kuliner/jelajahi-kuliner-natal-dan-tahun-baru-10-hidangan-yang-wajib-dicoba-sekali-untuk-meriahkan-pesta-akhir-tahun/index.html,https://joinkuliner.com/kuliner/jelajahi-kuliner-natal-dan-tahun-baru-10-hidangan-yang-wajib-dicoba-sekali-untuk-meriahkan-pesta-akhir-tahun/,20250804164919,text/html,154163,a58ec07339fb00912c23d1e766d3ecfbc45423efc2dcb154dda54429f0b4027a,https://web.archive.org/web/20250804164919id_/https://joinkuliner.com/kuliner/jelajahi-kuliner-natal-dan-tahun-baru-10-hidangan-yang-wajib-dicoba-sekali-untuk-meriahkan-pesta-akhir-tahun/,
downloaded,kuliner/keajaiban-doa-sebelum-makan-kekuatan-spiritual-di-balik-sajian-harian/index.html,https://joinkuliner.com/kuliner/keajaiban-doa-sebelum-makan-kekuatan-spiritual-di-balik-sajian-harian/,20250806155220,text/html,150276,c18695f6bee05c04d491c89aa0922580a49c4ea6ceb3b7bcce0fe95e9bdaf03e,https://web.archive.org/web/20250806155220id_/https://joinkuliner.com/kuliner/keajaiban-doa-sebelum-makan-kekuatan-spiritual-di-balik-sajian-harian/,
downloaded,kuliner/kelezatan-kuliner-nusantara-eksplorasi-makanan-khas-betawi-dalam-sejuta-rasa/index.html,https://joinkuliner.com/kuliner/kelezatan-kuliner-nusantara-eksplorasi-makanan-khas-betawi-dalam-sejuta-rasa/,20250806150131,text/html,152449,c1d20d23743b356b8c7a771e0a68ef39bca536b65f817fbe8c1d8cb4ea0e48c1,https://web.archive.org/web/20250806150131id_/https://joinkuliner.com/kuliner/kelezatan-kuliner-nusantara-eksplorasi-makanan-khas-betawi-dalam-sejuta-rasa/,
downloaded,kuliner/kelezatan-lautan-dalam-piring-anda-eksplorasi-aneka-makanan-laut-yang-menggugah-selera/index.html,https://joinkuliner.com/kuliner/kelezatan-lautan-dalam-piring-anda-eksplorasi-aneka-makanan-laut-yang-menggugah-selera/,20250806154223,text/html,150169,e22878b7ae2f01492c3a48507c76b17504456b5220e38400f4133792e10aae91,https://web.archive.org/web/20250806154223id_/https://joinkuliner.com/kuliner/kelezatan-lautan-dalam-piring-anda-eksplorasi-aneka-makanan-laut-yang-menggugah-selera/,
downloaded,kuliner/kelezatan-yang-berkedok-sehat-mendalami-keunikan-dan-manfaat-makanan-organik/index.html,https://joinkuliner.com/kuliner/kelezatan-yang-berkedok-sehat-mendalami-keunikan-dan-manfaat-makanan-organik/,20250804163825,text/html,150586,1e7e7e3f63aaff929e2c4267424cd782c4d4271e5cbe2949a4325e6680b8b981,https://web.archive.org/web/20250804163825id_/https://joinkuliner.com/kuliner/kelezatan-yang-berkedok-sehat-mendalami-keunikan-dan-manfaat-makanan-organik/,
downloaded,kuliner/kenikmatan-kuliner-natal-di-indonesia-menelusuri-kelezatan-tradisi-festif-di-nusantara/index.html,https://joinkuliner.com/kuliner/kenikmatan-kuliner-natal-di-indonesia-menelusuri-kelezatan-tradisi-festif-di-nusantara/,20250620014328,text/html,167999,c3739979dc4965258f57ece92f78c2e485891680801e761bd4daabd549a283d8,https://web.archive.org/web/20250620014328id_/https://joinkuliner.com/kuliner/kenikmatan-kuliner-natal-di-indonesia-menelusuri-kelezatan-tradisi-festif-di-nusantara/,
downloaded,kuliner/kue-ape-jejak-manis-dalam-warisan-kuliner-indonesia/index.html,https://joinkuliner.com/kuliner/kue-ape-jejak-manis-dalam-warisan-kuliner-indonesia/,20250315210901,text/html,165747,8846db0bf04841b5e930a9d7472702c947984c5ea553265f4ef7ed2048a0960d,https://web.archive.org/web/20250315210901id_/https://joinkuliner.com/kuliner/kue-ape-jejak-manis-dalam-warisan-kuliner-indonesia/,
downloaded,kuliner/kuliner-jakarta-2024-menjelajahi-kelezatan-gastronomi-yang-akan-meledak/index.html,https://joinkuliner.com/kuliner/kuliner-jakarta-2024-menjelajahi-kelezatan-gastronomi-yang-akan-meledak/,20250806143352,text/html,151429,7e0efd7e799ec9460b2bff05e3d5489daac942f5fe2c904370e421a0e97857a5,https://web.archive.org/web/20250806143352id_/https://joinkuliner.com/kuliner/kuliner-jakarta-2024-menjelajahi-kelezatan-gastronomi-yang-akan-meledak/,
downloaded,kuliner/kuliner-kacang-kacangan-menggali-kelezatan-dalam-masakan-kesehatan-ini/index.html,https://joinkuliner.com/kuliner/kuliner-kacang-kacangan-menggali-kelezatan-dalam-masakan-kesehatan-ini/,20250806160052,text/html,152850,60acd6bd13193d722c4a85c5fa437a1855ad1a461ed3342b1d610cdf9d8f6465,https://web.archive.org/web/20250806160052id_/https://joinkuliner.com/kuliner/kuliner-kacang-kacangan-menggali-kelezatan-dalam-masakan-kesehatan-ini/,
downloaded,kuliner/makan-malam-yang-lezat-tips-untuk-menikmati-pengalaman-kuliner-anda/index.html,https://joinkuliner.com/kuliner/makan-malam-yang-lezat-tips-untuk-menikmati-pengalaman-kuliner-anda/,20250804165802,text/html,149020,c87bb65c4de8e5157b90dc3af5c0985231ff5f26bab89ef6f7fc407a94c367f9,https://web.archive.org/web/20250804165802id_/https://joinkuliner.com/kuliner/makan-malam-yang-lezat-tips-untuk-menikmati-pengalaman-kuliner-anda/,
downloaded,kuliner/makanan-dengan-bahan-baku-bebek-kenikmatan-kuliner-yang-lezat-dan-beragam/index.html,https://joinkuliner.com/kuliner/makanan-dengan-bahan-baku-bebek-kenikmatan-kuliner-yang-lezat-dan-beragam/,20250806145305,text/html,152864,66f7715acf688417aed06bce2eaa48e6f537df9ee7b376fd6a30ae7b5b939ef3,https://web.archive.org/web/20250806145305id_/https://joinkuliner.com/kuliner/makanan-dengan-bahan-baku-bebek-kenikmatan-kuliner-yang-lezat-dan-beragam/,
downloaded,kuliner/makanan-italia-terbaik-mengejar-kelezatan-di-dapur-italia/index.html,https://joinkuliner.com/kuliner/makanan-italia-terbaik-mengejar-kelezatan-di-dapur-italia/,20250804151432,text/html,152960,bf31c604c12a26a3305684fa45133f7dfde30019845cee57441393b76abdc1b4,https://web.archive.org/web/20250804151432id_/https://joinkuliner.com/kuliner/makanan-italia-terbaik-mengejar-kelezatan-di-dapur-italia/,
downloaded,kuliner/makanan-penambah-berat-badan-panduan-lengkap-untuk-mencapai-tubuh-ideal-anda/index.html,https://joinkuliner.com/kuliner/makanan-penambah-berat-badan-panduan-lengkap-untuk-mencapai-tubuh-ideal-anda/,20250806154844,text/html,160914,3ebc341696a7bd90bc28bf31d4c86bc25690d141b8fa04cd738ab5655291c84f,https://web.archive.org/web/20250806154844id_/https://joinkuliner.com/kuliner/makanan-penambah-berat-badan-panduan-lengkap-untuk-mencapai-tubuh-ideal-anda/,
downloaded,kuliner/makanan-populer-artis-korea-sejuta-rasa-dalam-setiap-gigitan/index.html,https://joinkuliner.com/kuliner/makanan-populer-artis-korea-sejuta-rasa-dalam-setiap-gigitan/,20250906222833,text/html,151042,45dff741c0c2b22e2f0f1600f5a930d58cbf9804986ed8d0b722e981221d0b31,https://web.archive.org/web/20250906222833id_/https://joinkuliner.com/kuliner/makanan-populer-artis-korea-sejuta-rasa-dalam-setiap-gigitan/,
downloaded,kuliner/makanan-yang-efektif-menguatkan-sistem-kekebalan-tubuh-kunci-kesehatan-optimal/index.html,https://joinkuliner.com/kuliner/makanan-yang-efektif-menguatkan-sistem-kekebalan-tubuh-kunci-kesehatan-optimal/,20250804152543,text/html,167414,fb583cb0cf66ae54fc6101a9e805fa043619898241ca8c9d2ac8ef29265bf12d,https://web.archive.org/web/20250804152543id_/https://joinkuliner.com/kuliner/makanan-yang-efektif-menguatkan-sistem-kekebalan-tubuh-kunci-kesehatan-optimal/,
downloaded,kuliner/melibatkan-lidah-anda-di-wisata-kuliner-pantai-indah-kapuk/index.html,https://joinkuliner.com/kuliner/melibatkan-lidah-anda-di-wisata-kuliner-pantai-indah-kapuk/,20250906230320,text/html,150777,8260c3f89e654b7431f1c5a9f1e5cdbcb9fc943a06ea5c7819fd16fc9346c91a,https://web.archive.org/web/20250906230320id_/https://joinkuliner.com/kuliner/melibatkan-lidah-anda-di-wisata-kuliner-pantai-indah-kapuk/,
downloaded,kuliner/memahami-kelezatan-kuliner-lokal-dan-internasional/index.html,https://joinkuliner.com/kuliner/memahami-kelezatan-kuliner-lokal-dan-internasional/,20250804160854,text/html,148164,76f56fc7fb25d50c7f14c2df0fdad2be926e2a614f0b95a3e5c30ddb4e913a50,https://web.archive.org/web/20250804160854id_/https://joinkuliner.com/kuliner/memahami-kelezatan-kuliner-lokal-dan-internasional/,
downloaded,kuliner/membahas-tentang-verifikasi-djki-franchise-memahami-proses-dan-keuntungannya/index.html,https://joinkuliner.com/kuliner/membahas-tentang-verifikasi-djki-franchise-memahami-proses-dan-keuntungannya/,20250906223043,text/html,149399,f13fa263005dd55fb5ebce45f14e2ebef2a8c15462cf1591796e032438864a51,https://web.archive.org/web/20250906223043id_/https://joinkuliner.com/kuliner/membahas-tentang-verifikasi-djki-franchise-memahami-proses-dan-keuntungannya/,
downloaded,kuliner/memetakan-kelezatan-masa-kini-menelusuri-kuliner-trend-terkini/index.html,https://joinkuliner.com/kuliner/memetakan-kelezatan-masa-kini-menelusuri-kuliner-trend-terkini/,20250804151948,text/html,147097,2dfda2c79594c77020bf446687a6a7ce2eda9cb5e4b03add8be70bfee800d874,https://web.archive.org/web/20250804151948id_/https://joinkuliner.com/kuliner/memetakan-kelezatan-masa-kini-menelusuri-kuliner-trend-terkini/,
downloaded,kuliner/memukau-selera-anda-dengan-menu-makanan-natal-yang-spektakuler/index.html,https://joinkuliner.com/kuliner/memukau-selera-anda-dengan-menu-makanan-natal-yang-spektakuler/,20250806160332,text/html,161476,787d6fb405f29609fc298b5844188f99abee01c28640740c0382b8d1f99c9069,https://web.archive.org/web/20250806160332id_/https://joinkuliner.com/kuliner/memukau-selera-anda-dengan-menu-makanan-natal-yang-spektakuler/,
downloaded,kuliner/memulai-usaha-kuliner-dengan-franchise-warteg-peluang-dan-tantangan/index.html,https://joinkuliner.com/kuliner/memulai-usaha-kuliner-dengan-franchise-warteg-peluang-dan-tantangan/,20250906222005,text/html,164979,ff269bfc5c0838d3ee74256bbb234f3d507efa94a7380008553f57abd63d90da,https://web.archive.org/web/20250906222005id_/https://joinkuliner.com/kuliner/memulai-usaha-kuliner-dengan-franchise-warteg-peluang-dan-tantangan/,
downloaded,kuliner/mendalam-ke-dunia-waralaba-jenis-bisnis-waralaba-yang-menjanjikan/index.html,https://joinkuliner.com/kuliner/mendalam-ke-dunia-waralaba-jenis-bisnis-waralaba-yang-menjanjikan/,20250804163840,text/html,151598,7c5ef257c47d517c859c87ff6e1815ea7b173f5c52a5b45f82175fd33546f02d,https://web.archive.org/web/20250804163840id_/https://joinkuliner.com/kuliner/mendalam-ke-dunia-waralaba-jenis-bisnis-waralaba-yang-menjanjikan/,
downloaded,kuliner/menelusuri-kelezatan-indonesia-10-warteg-terbaik-di-indonesia/index.html,https://joinkuliner.com/kuliner/menelusuri-kelezatan-indonesia-10-warteg-terbaik-di-indonesia/,20250906231711,text/html,162086,e342bb796fc7b46f4cc7d1547df45a348a85736503d98f0bba1eaabbab032e2d,https://web.archive.org/web/20250906231711id_/https://joinkuliner.com/kuliner/menelusuri-kelezatan-indonesia-10-warteg-terbaik-di-indonesia/,
downloaded,kuliner/menelusuri-kelezatan-kuliner-natal-dari-berbagai-belahan-dunia/index.html,https://joinkuliner.com/kuliner/menelusuri-kelezatan-kuliner-natal-dari-berbagai-belahan-dunia/,20251009052446,text/html,161052,ebc9454fd7d4e6e8d4d55fcfb16c525621a2b25a7c5f451c06f083492048e9a5,https://web.archive.org/web/20251009052446id_/https://joinkuliner.com/kuliner/menelusuri-kelezatan-kuliner-natal-dari-berbagai-belahan-dunia/,
downloaded,kuliner/menemukan-ketenangan-di-kedung-roso-destinasi-alam-yang-menakjubkan/index.html,https://joinkuliner.com/kuliner/menemukan-ketenangan-di-kedung-roso-destinasi-alam-yang-menakjubkan/,20250719213111,text/html,153303,c0c24aec3fe379a895402fb3edbf135023cc4c33dcd33e5861f7da80a0582a25,https://web.archive.org/web/20250719213111id_/https://joinkuliner.com/kuliner/menemukan-ketenangan-di-kedung-roso-destinasi-alam-yang-menakjubkan/,
downloaded,kuliner/mengapa-banyak-warteg-bernama-bahari-jejak-sejarah-dan-kebijakan-bisnis-yang-sukses/index.html,https://joinkuliner.com/kuliner/mengapa-banyak-warteg-bernama-bahari-jejak-sejarah-dan-kebijakan-bisnis-yang-sukses/,20251009040200,text/html,149349,e2719f99f97c5585fe53ba8687e587b7e6354b95bc6508ffedecf3ff66389d0b,https://web.archive.org/web/20251009040200id_/https://joinkuliner.com/kuliner/mengapa-banyak-warteg-bernama-bahari-jejak-sejarah-dan-kebijakan-bisnis-yang-sukses/,
downloaded,kuliner/menggali-kekayaan-kuliner-malam-jogja-tempat-dan-hidangan-tak-terlupakan/index.html,https://joinkuliner.com/kuliner/menggali-kekayaan-kuliner-malam-jogja-tempat-dan-hidangan-tak-terlupakan/,20250806160222,text/html,150751,c2fdf3eed347f3f0f5771dc0da924912353a8541e68d26f45611418e6ff98531,https://web.archive.org/web/20250806160222id_/https://joinkuliner.com/kuliner/menggali-kekayaan-kuliner-malam-jogja-tempat-dan-hidangan-tak-terlupakan/,
downloaded,kuliner/menggali-kenikmatan-kuliner-masakan-tiongkok-perjalanan-melalui-rasa/index.html,https://joinkuliner.com/kuliner/menggali-kenikmatan-kuliner-masakan-tiongkok-perjalanan-melalui-rasa/,20250804154428,text/html,150418,76498902d22e7197fc61c963e20894fb78fc55a5e960cbe3de134adefd5558dd,https://web.archive.org/web/20250804154428id_/https://joinkuliner.com/kuliner/menggali-kenikmatan-kuliner-masakan-tiongkok-perjalanan-melalui-rasa/,
downloaded,kuliner/menggugah-selera-menjelajahi-kelezatan-yang-menggetarkan-lidah-anda/index.html,https://joinkuliner.com/kuliner/menggugah-selera-menjelajahi-kelezatan-yang-menggetarkan-lidah-anda/,20250906231157,text/html,147177,b291bfedcc3cd123edc019c7b9a2d6542e6d2af06ecac0e748ca05bd102946ab,https://web.archive.org/web/20250906231157id_/https://joinkuliner.com/kuliner/menggugah-selera-menjelajahi-kelezatan-yang-menggetarkan-lidah-anda/,
downloaded,kuliner/menguak-kelezatan-sendiri-dengan-resep-kfc-yang-lezat-dan-sederhana/index.html,https://joinkuliner.com/kuliner/menguak-kelezatan-sendiri-dengan-resep-kfc-yang-lezat-dan-sederhana/,20251009052714,text/html,149564,3fc99518191e32eaa38bda17f189568af8a98202c7000f17d9932ebfeabaa7dd,https://web.archive.org/web/20251009052714id_/https://joinkuliner.com/kuliner/menguak-kelezatan-sendiri-dengan-resep-kfc-yang-lezat-dan-sederhana/,
downloaded,kuliner/mengungkap-kelezatan-dan-keunikan-kue-mochi-sebuah-petualangan-gastronomi-jepang/index.html,https://joinkuliner.com/kuliner/mengungkap-kelezatan-dan-keunikan-kue-mochi-sebuah-petualangan-gastronomi-jepang/,20251009040711,text/html,165905,a7fe1436fcc5a9132fb1ce5e444a04f61cf7868f68b4eeb0040b939a5a0393b3,https://web.archive.org/web/20251009040711id_/https://joinkuliner.com/kuliner/mengungkap-kelezatan-dan-keunikan-kue-mochi-sebuah-petualangan-gastronomi-jepang/,
downloaded,kuliner/mengungkap-kelezatan-jajanan-khas-padang-warisan-kuliner-sumatera-barat/index.html,https://joinkuliner.com/kuliner/mengungkap-kelezatan-jajanan-khas-padang-warisan-kuliner-sumatera-barat/,20250806154317,text/html,153117,65c9853f25c09780f15bdd7ca5029e8dccdeac920dc6278e02196e8b3ba3fae6,https://web.archive.org/web/20250806154317id_/https://joinkuliner.com/kuliner/mengungkap-kelezatan-jajanan-khas-padang-warisan-kuliner-sumatera-barat/,
downloaded,kuliner/mengungkap-peluang-bisnis-memahami-waralaba-murah/index.html,https://joinkuliner.com/kuliner/mengungkap-peluang-bisnis-memahami-waralaba-murah/,20250906223200,text/html,161720,1005bf4d4e841b402117996cb9885767dd025fd86d6f0406720f13f1b59f8a56,https://web.archive.org/web/20250906223200id_/https://joinkuliner.com/kuliner/mengungkap-peluang-bisnis-memahami-waralaba-murah/,
downloaded,kuliner/mengungkap-rahasia-kelezatan-ayam-kecap-resep-dan-cara-membuat-yang-sederhana-namun-menggugah-selera/index.html,https://joinkuliner.com/kuliner/mengungkap-rahasia-kelezatan-ayam-kecap-resep-dan-cara-membuat-yang-sederhana-namun-menggugah-selera/,20250806154343,text/html,152811,0f0b787e604d6773e9272f1cca3e63ab39dbff88232c7a9bb84d9cbbf10103fd,https://web.archive.org/web/20250806154343id_/https://joinkuliner.com/kuliner/mengungkap-rahasia-kelezatan-ayam-kecap-resep-dan-cara-membuat-yang-sederhana-namun-menggugah-selera/,
downloaded,kuliner/menikmati-kelezatan-jajanan-palembang-warisan-kuliner-nusantara/index.html,https://joinkuliner.com/kuliner/menikmati-kelezatan-jajanan-palembang-warisan-kuliner-nusantara/,20250804164053,text/html,149260,685070e66e3dabe95db4b6ebee5de3ce849912f32a36d2fc6e36dea1e10fd1f9,https://web.archive.org/web/20250804164053id_/https://joinkuliner.com/kuliner/menikmati-kelezatan-jajanan-palembang-warisan-kuliner-nusantara/,
downloaded,kuliner/menikmati-kelezatan-kuliner-palangkaraya-eksplorasi-aroma-dan-rasa-yang-menggoda/index.html,https://joinkuliner.com/kuliner/menikmati-kelezatan-kuliner-palangkaraya-eksplorasi-aroma-dan-rasa-yang-menggoda/,20250906235446,text/html,163917,ff93d59c7cdf7c5ea74a76a9ccaf4de0b7ecdff503d57d0c7ddbc65e1000d35e,https://web.archive.org/web/20250906235446id_/https://joinkuliner.com/kuliner/menikmati-kelezatan-kuliner-palangkaraya-eksplorasi-aroma-dan-rasa-yang-menggoda/,
downloaded,kuliner/menikmati-kelezatan-laut-masakan-bahan-baku-ikan-yang-lezat-dan-bergizi/index.html,https://joinkuliner.com/kuliner/menikmati-kelezatan-laut-masakan-bahan-baku-ikan-yang-lezat-dan-bergizi/,20250806154522,text/html,147544,56b97d0600c6a9bf6de48ccb3de8ffe03d8d0abd1f5cfd1add93ecbc88780280,https://web.archive.org/web/20250806154522id_/https://joinkuliner.com/kuliner/menikmati-kelezatan-laut-masakan-bahan-baku-ikan-yang-lezat-dan-bergizi/,
downloaded,kuliner/menikmati-kelezatan-tanpa-rasa-bersalah-eksplorasi-hidangan-berkalori-rendah-untuk-kesehatan-yang-lebih-baik/index.html,https://joinkuliner.com/kuliner/menikmati-kelezatan-tanpa-rasa-bersalah-eksplorasi-hidangan-berkalori-rendah-untuk-kesehatan-yang-lebih-baik/,20250806154824,text/html,149775,e48c77a0ec556d02476af1984075bba41a1843d64313d0e25679dd73696d4697,https://web.archive.org/web/20250806154824id_/https://joinkuliner.com/kuliner/menikmati-kelezatan-tanpa-rasa-bersalah-eksplorasi-hidangan-berkalori-rendah-untuk-kesehatan-yang-lebih-baik/,
downloaded,kuliner/menikmati-makanan-tanpa-batasan-eksplorasi-kelezatan-makanan-bebas-gluten/index.html,https://joinkuliner.com/kuliner/menikmati-makanan-tanpa-batasan-eksplorasi-kelezatan-makanan-bebas-gluten/,20250906235315,text/html,148762,0ab72f2dac0ea655ffd2baa2edd7f3f98d6476c2955a5a4f52c02e7f392eed8d,https://web.archive.org/web/20250906235315id_/https://joinkuliner.com/kuliner/menikmati-makanan-tanpa-batasan-eksplorasi-kelezatan-makanan-bebas-gluten/,
downloaded,kuliner/menjelajah-kelezatan-kuliner-sumatera-lezatnya-ragam-hidangan-tradisional/index.html,https://joinkuliner.com/kuliner/menjelajah-kelezatan-kuliner-sumatera-lezatnya-ragam-hidangan-tradisional/,20250806145530,text/html,151558,ea504216e7da8255139d64c570a4c4143b0680928aff95a72e69856fd0ca296f,https://web.archive.org/web/20250806145530id_/https://joinkuliner.com/kuliner/menjelajah-kelezatan-kuliner-sumatera-lezatnya-ragam-hidangan-tradisional/,
downloaded,kuliner/menjelajahi-kelezatan-dan-keberagaman-dengan-nirmala-food-pilihan-bijak-untuk-santapan-sehari-hari/index.html,https://joinkuliner.com/kuliner/menjelajahi-kelezatan-dan-keberagaman-dengan-nirmala-food-pilihan-bijak-untuk-santapan-sehari-hari/,20250906233507,text/html,165008,5c8275caaa05f30737284a9b39f15245d3d89398cec2fe39a45b63ad19c31d02,https://web.archive.org/web/20250906233507id_/https://joinkuliner.com/kuliner/menjelajahi-kelezatan-dan-keberagaman-dengan-nirmala-food-pilihan-bijak-untuk-santapan-sehari-hari/,
downloaded,kuliner/menjelajahi-kelezatan-kimbap-korea-resep-sejarah-dan-tips-membuat-kimbap-sempurna/index.html,https://joinkuliner.com/kuliner/menjelajahi-kelezatan-kimbap-korea-resep-sejarah-dan-tips-membuat-kimbap-sempurna/,20250719204909,text/html,167513,08701beaabf0475f30745792018fbce975407b1d410854dc4ecd806d9ace251d,https://web.archive.org/web/20250719204909id_/https://joinkuliner.com/kuliner/menjelajahi-kelezatan-kimbap-korea-resep-sejarah-dan-tips-membuat-kimbap-sempurna/,
downloaded,kuliner/menjelajahi-kelezatan-kuliner-kontinental-eksplorasi-contoh-makanan-kontinental-yang-menggugah-selera/index.html,https://joinkuliner.com/kuliner/menjelajahi-kelezatan-kuliner-kontinental-eksplorasi-contoh-makanan-kontinental-yang-menggugah-selera/,20251009042433,text/html,166132,115d127634cd7443f4b618ad9b20310b54c85cd10c55baaa14f9d641400e0176,https://web.archive.org/web/20251009042433id_/https://joinkuliner.com/kuliner/menjelajahi-kelezatan-kuliner-kontinental-eksplorasi-contoh-makanan-kontinental-yang-menggugah-selera/,
downloaded,kuliner/menu-makanan-paling-diburu-saat-lebaran-lezatnya-tradisi-gastronomi/index.html,https://joinkuliner.com/kuliner/menu-makanan-paling-diburu-saat-lebaran-lezatnya-tradisi-gastronomi/,20251009053018,text/html,162082,412fad1b72261d264594cbf6f69e6f046269a2c2bec1ffcbfe088ec066ed71be,https://web.archive.org/web/20251009053018id_/https://joinkuliner.com/kuliner/menu-makanan-paling-diburu-saat-lebaran-lezatnya-tradisi-gastronomi/,
downloaded,kuliner/menyelami-kelezatan-jajanan-korean-food-sebuah-petualangan-kuliner/index.html,https://joinkuliner.com/kuliner/menyelami-kelezatan-jajanan-korean-food-sebuah-petualangan-kuliner/,20250806153757,text/html,150922,24f3caa0e6d26edc5093c72e56ee59f9ebe4d2412218a137c7fc72c384c0101c,https://web.archive.org/web/20250806153757id_/https://joinkuliner.com/kuliner/menyelami-kelezatan-jajanan-korean-food-sebuah-petualangan-kuliner/,
downloaded,kuliner/menyelusuri-kelezatan-kuliner-semarang-rangkuman-2023/index.html,https://joinkuliner.com/kuliner/menyelusuri-kelezatan-kuliner-semarang-rangkuman-2023/,20250806151030,text/html,150811,6e23f27cc623d9f6706d6a92d56fabe5145afb8453d68dc6443aed6e299fe50c,https://web.archive.org/web/20250806151030id_/https://joinkuliner.com/kuliner/menyelusuri-kelezatan-kuliner-semarang-rangkuman-2023/,
downloaded,kuliner/menyelusuri-kelezatan-nusantara-kuliner-indonesia-timur-yang-menggoda-selera/index.html,https://joinkuliner.com/kuliner/menyelusuri-kelezatan-nusantara-kuliner-indonesia-timur-yang-menggoda-selera/,20250806150806,text/html,150175,2bfe2f9ac360d81ddb3ec70a68fdeca54eed6c8b5fc951f2fa068c0fc89f3925,https://web.archive.org/web/20250806150806id_/https://joinkuliner.com/kuliner/menyelusuri-kelezatan-nusantara-kuliner-indonesia-timur-yang-menggoda-selera/,
downloaded,kuliner/merek-mie-instan-terpopuler-pandangan-mendalam-tentang-kelezatan-yang-mendunia/index.html,https://joinkuliner.com/kuliner/merek-mie-instan-terpopuler-pandangan-mendalam-tentang-kelezatan-yang-mendunia/,20250804164657,text/html,151104,9435a8d745014eb948129983a68a6e14924bf5eb40a588028243ea28d2a1d5e1,https://web.archive.org/web/20250804164657id_/https://joinkuliner.com/kuliner/merek-mie-instan-terpopuler-pandangan-mendalam-tentang-kelezatan-yang-mendunia/,
downloaded,kuliner/mie-gacoan-kenikmatan-kuliner-yang-tak-tergantikan/index.html,https://joinkuliner.com/kuliner/mie-gacoan-kenikmatan-kuliner-yang-tak-tergantikan/,20250804150755,text/html,149617,cd5511831cf21be5ec0482d030be6d0ab258f6fb60d2d900ef1c9aade70b2d14,https://web.archive.org/web/20250804150755id_/https://joinkuliner.com/kuliner/mie-gacoan-kenikmatan-kuliner-yang-tak-tergantikan/,
downloaded,kuliner/mie-instan-untuk-vegetarian-alternatif-lezat-dan-bergizi-dalam-gaya-hidup-tanpa-daging/index.html,https://joinkuliner.com/kuliner/mie-instan-untuk-vegetarian-alternatif-lezat-dan-bergizi-dalam-gaya-hidup-tanpa-daging/,20250906220150,text/html,150377,95cd64fd46382a09de0b09d67450cac76fa0df9a9c3a48e2027b02c433dc3fd3,https://web.archive.org/web/20250906220150id_/https://joinkuliner.com/kuliner/mie-instan-untuk-vegetarian-alternatif-lezat-dan-bergizi-dalam-gaya-hidup-tanpa-daging/,
downloaded,kuliner/mille-crepes-menikmati-kenikmatan-manis-menjelajahi-dunia/index.html,https://joinkuliner.com/kuliner/mille-crepes-menikmati-kenikmatan-manis-menjelajahi-dunia/,20250315203856,text/html,165355,dc8b291b6d776eb235dd823b0da380cda4765438a2d3d7667d0ba1011490ac33,https://web.archive.org/web/20250315203856id_/https://joinkuliner.com/kuliner/mille-crepes-menikmati-kenikmatan-manis-menjelajahi-dunia/,
downloaded,kuliner/nasi-bancakan-bandung-menggoda-selera-dengan-kelezatan-pedas-dan-gurih/index.html,https://joinkuliner.com/kuliner/nasi-bancakan-bandung-menggoda-selera-dengan-kelezatan-pedas-dan-gurih/,20251009043447,text/html,150051,c4ab276f20741bec1f73e4ec4206e416ee538372405349b675af95413ef13c84,https://web.archive.org/web/20251009043447id_/https://joinkuliner.com/kuliner/nasi-bancakan-bandung-menggoda-selera-dengan-kelezatan-pedas-dan-gurih/,
downloaded,kuliner/nasi-gandul-memahami-kelezatan-dan-sejarah-hidangan-tradisional-jawa/index.html,https://joinkuliner.com/kuliner/nasi-gandul-memahami-kelezatan-dan-sejarah-hidangan-tradisional-jawa/,20250806153159,text/html,153822,e1e69c12468a88a9c7b75de87d34a6ad49019581183f99d2c9d797fc5dbcf5aa,https://web.archive.org/web/20250806153159id_/https://joinkuliner.com/kuliner/nasi-gandul-memahami-kelezatan-dan-sejarah-hidangan-tradisional-jawa/,
downloaded,kuliner/nasi-kandar-jejak-sejarah-kenikmatan-rasa-dan-rekomendasi-terbaik/index.html,https://joinkuliner.com/kuliner/nasi-kandar-jejak-sejarah-kenikmatan-rasa-dan-rekomendasi-terbaik/,20251009040311,text/html,165525,4c1e6bce0595cf118a4095883120b1b51aaed4fd3453aacbb6497950daaeca2e,https://web.archive.org/web/20251009040311id_/https://joinkuliner.com/kuliner/nasi-kandar-jejak-sejarah-kenikmatan-rasa-dan-rekomendasi-terbaik/,
downloaded,kuliner/pancong-rawabelong-kelezatan-tradisional-yang-menggoda-selera/index.html,https://joinkuliner.com/kuliner/pancong-rawabelong-kelezatan-tradisional-yang-menggoda-selera/,20250806145502,text/html,150917,63d1b1db59bcde8d6ed38f18922990dd362fff744c3bd873fbebf57fdd54b021,https://web.archive.org/web/20250806145502id_/https://joinkuliner.com/kuliner/pancong-rawabelong-kelezatan-tradisional-yang-menggoda-selera/,
downloaded,kuliner/panduan-lengkap-membuat-pizza-enak-dan-lezat-di-rumah/index.html,https://joinkuliner.com/kuliner/panduan-lengkap-membuat-pizza-enak-dan-lezat-di-rumah/,20250906223732,text/html,148096,64c5286739d6d0949cd5427422db09bdffc7b01e69b3e882e2ad4605ea18a8e7,https://web.archive.org/web/20250906223732id_/https://joinkuliner.com/kuliner/panduan-lengkap-membuat-pizza-enak-dan-lezat-di-rumah/,
downloaded,kuliner/pengertian-waralaba-yang-harus-anda-ketahui/index.html,https://joinkuliner.com/kuliner/pengertian-waralaba-yang-harus-anda-ketahui/,20250804164532,text/html,154325,9c5b1b3882cea3b2d58e1d97f67708b507fdb8220a78561b7d9c8c2456e1f898,https://web.archive.org/web/20250804164532id_/https://joinkuliner.com/kuliner/pengertian-waralaba-yang-harus-anda-ketahui/,
downloaded,kuliner/pentingnya-branding-kuliner-untuk-bertahan-di-industri-strategi-menuju-kesuksesan/index.html,https://joinkuliner.com/kuliner/pentingnya-branding-kuliner-untuk-bertahan-di-industri-strategi-menuju-kesuksesan/,20250804165839,text/html,163485,8bf7e4c72957816fa4b8de5fa13467b0bfb91a8aa4bb5ffa0084003fd8a8a08a,https://web.archive.org/web/20250804165839id_/https://joinkuliner.com/kuliner/pentingnya-branding-kuliner-untuk-bertahan-di-industri-strategi-menuju-kesuksesan/,
downloaded,kuliner/pisang-goreng-madu-mengungkap-kelezatan-yang-menggoda/index.html,https://joinkuliner.com/kuliner/pisang-goreng-madu-mengungkap-kelezatan-yang-menggoda/,20250804151235,text/html,149055,e80349778e05b745eeaa3d1df45ffa255063c8c52b4369109a8994165cbdb23d,https://web.archive.org/web/20250804151235id_/https://joinkuliner.com/kuliner/pisang-goreng-madu-mengungkap-kelezatan-yang-menggoda/,
downloaded,kuliner/potensi-bisnis-franchise-minuman-kekinian-di-era-digital/index.html,https://joinkuliner.com/kuliner/potensi-bisnis-franchise-minuman-kekinian-di-era-digital/,20251009043520,text/html,151386,4c2b58264949c3a22888bbee6792c772a9efa8d1d74a188a91e70d80d2eafea0,https://web.archive.org/web/20251009043520id_/https://joinkuliner.com/kuliner/potensi-bisnis-franchise-minuman-kekinian-di-era-digital/,
downloaded,kuliner/prospek-bisnis-warteg-bahari-dalam-jangka-panjang/index.html,https://joinkuliner.com/kuliner/prospek-bisnis-warteg-bahari-dalam-jangka-panjang/,20250906224803,text/html,163826,16fe8ec881a1ecd34640b3d97d25e99beb723a7386245cbe8aac61ae6290c092,https://web.archive.org/web/20250906224803id_/https://joinkuliner.com/kuliner/prospek-bisnis-warteg-bahari-dalam-jangka-panjang/,
downloaded,kuliner/rahasia-kesuksesan-ayam-geprek-sejarah-resep-dan-kelezatan-yang-menggoda/index.html,https://joinkuliner.com/kuliner/rahasia-kesuksesan-ayam-geprek-sejarah-resep-dan-kelezatan-yang-menggoda/,20250210160434,text/html,12266,51aee953999af89c995371fa7ea088e1886359b0ec2d557df6354b3ee8a6d28b,https://web.archive.org/web/20250210160434id_/https://joinkuliner.com/kuliner/rahasia-kesuksesan-ayam-geprek-sejarah-resep-dan-kelezatan-yang-menggoda/,
downloaded,kuliner/rahasia-kesuksesan-rendang-panduan-langkah-demi-langkah-membuat-rendang-yang-lezat/index.html,https://joinkuliner.com/kuliner/rahasia-kesuksesan-rendang-panduan-langkah-demi-langkah-membuat-rendang-yang-lezat/,20250315213628,text/html,152142,94756d23e29b78bbc2ee90f140973e32ca7c909717354e299971669a4805eee3,https://web.archive.org/web/20250315213628id_/https://joinkuliner.com/kuliner/rahasia-kesuksesan-rendang-panduan-langkah-demi-langkah-membuat-rendang-yang-lezat/,
downloaded,kuliner/rahasia-lezat-kue-pancong-yang-menggoda-selera-resep-sejarah-dan-tips-penyajian/index.html,https://joinkuliner.com/kuliner/rahasia-lezat-kue-pancong-yang-menggoda-selera-resep-sejarah-dan-tips-penyajian/,20250804164110,text/html,153267,041aa004682ae7275be23c1474d8f0c8ceeacc808ac3c31752c6c1f66eb467c2,https://web.archive.org/web/20250804164110id_/https://joinkuliner.com/kuliner/rahasia-lezat-kue-pancong-yang-menggoda-selera-resep-sejarah-dan-tips-penyajian/,
downloaded,kuliner/rekomendasi-kuliner-1/index.html,https://joinkuliner.com/kuliner/rekomendasi-kuliner-1/,20250806142837,text/html,153805,7abdf126dbae740de16e485d204f49f9ee42414312fbc4b05954e296ea92eb63,https://web.archive.org/web/20250806142837id_/https://joinkuliner.com/kuliner/rekomendasi-kuliner-1/,
downloaded,kuliner/rekomendasi-kuliner-2/index.html,https://joinkuliner.com/kuliner/rekomendasi-kuliner-2/,20250806153357,text/html,152939,72dcbcd14d1c61917649445eeb056aefedc29fd0ea94bcfd14a81b0c8f0c85df,https://web.archive.org/web/20250806153357id_/https://joinkuliner.com/kuliner/rekomendasi-kuliner-2/,
downloaded,kuliner/review-kelezatan-sayur-lalapan-sunda-yang-menggoda/index.html,https://joinkuliner.com/kuliner/review-kelezatan-sayur-lalapan-sunda-yang-menggoda/,20250210154014,text/html,12154,bb513c6b5d8016c9ae1e2c9f21be71af49dcd940b94f08faceece1af7d8e060e,https://web.archive.org/web/20250210154014id_/https://joinkuliner.com/kuliner/review-kelezatan-sayur-lalapan-sunda-yang-menggoda/,
downloaded,kuliner/review-tempat-makan-mie-aceh-jaly-jaly-ampera-jakarta/index.html,https://joinkuliner.com/kuliner/review-tempat-makan-mie-aceh-jaly-jaly-ampera-jakarta/,20251009045645,text/html,163165,d1c68aa4cbd204520d380b918cc6e83e0b1901bae821ba1615f9c1eb363e6372,https://web.archive.org/web/20251009045645id_/https://joinkuliner.com/kuliner/review-tempat-makan-mie-aceh-jaly-jaly-ampera-jakarta/,
downloaded,kuliner/soto-banjar-achmad-jais-menelusuri-kelezatan-legendaris-dalam-sebuah-mangkuk/index.html,https://joinkuliner.com/kuliner/soto-banjar-achmad-jais-menelusuri-kelezatan-legendaris-dalam-sebuah-mangkuk/,20250806160442,text/html,150878,a9ae712e253dfcbd6b8dad3f78cc47339bd485d1bd0f6db16210edbd94ede78a,https://web.archive.org/web/20250806160442id_/https://joinkuliner.com/kuliner/soto-banjar-achmad-jais-menelusuri-kelezatan-legendaris-dalam-sebuah-mangkuk/,
downloaded,kuliner/soto-cakhar-kelezatan-yang-merayakan-warisan-kuliner-nusantara/index.html,https://joinkuliner.com/kuliner/soto-cakhar-kelezatan-yang-merayakan-warisan-kuliner-nusantara/,20250804164306,text/html,149152,f4bc2f54d57b171f7b675cef250b8813ea8fa3c59c6e776e29351838a36da429,https://web.archive.org/web/20250804164306id_/https://joinkuliner.com/kuliner/soto-cakhar-kelezatan-yang-merayakan-warisan-kuliner-nusantara/,
downloaded,kuliner/telur-gulung-kreasi-lezat-dalam-sekejap/index.html,https://joinkuliner.com/kuliner/telur-gulung-kreasi-lezat-dalam-sekejap/,20250804163036,text/html,147474,14304549d19f5dd457b9be764c7eca800d9693a12a7441c15971e1694725e1fb,https://web.archive.org/web/20250804163036id_/https://joinkuliner.com/kuliner/telur-gulung-kreasi-lezat-dalam-sekejap/,
downloaded,kuliner/tempat-makan-favorit-wisatawan-lokal-indonesia/index.html,https://joinkuliner.com/kuliner/tempat-makan-favorit-wisatawan-lokal-indonesia/,20250804165536,text/html,153091,56a703f3d25ed2be2b4602dcf3669a7b95416e70ff10db778abfa5f5341d6a7a,https://web.archive.org/web/20250804165536id_/https://joinkuliner.com/kuliner/tempat-makan-favorit-wisatawan-lokal-indonesia/,
downloaded,kuliner/tips-mendirikan-usaha-kuliner-panduan-lengkap-untuk-sukses-di-dunia-kuliner/index.html,https://joinkuliner.com/kuliner/tips-mendirikan-usaha-kuliner-panduan-lengkap-untuk-sukses-di-dunia-kuliner/,20250806141851,text/html,152586,729caf3291f3ae5510576ea4775565e8d79e2e5938c786e25d2c22a5a8d776be,https://web.archive.org/web/20250806141851id_/https://joinkuliner.com/kuliner/tips-mendirikan-usaha-kuliner-panduan-lengkap-untuk-sukses-di-dunia-kuliner/,
downloaded,kuliner/trik-jitu-pengusaha-kuliner-rahasia-sukses-meningkatkan-penjualan/index.html,https://joinkuliner.com/kuliner/trik-jitu-pengusaha-kuliner-rahasia-sukses-meningkatkan-penjualan/,20250806150549,text/html,151016,beebeb0e4beef5ca74a1c6ca3f9c1cfc9566efb80ab5ee04b57a60ff51c1c488,https://web.archive.org/web/20250806150549id_/https://joinkuliner.com/kuliner/trik-jitu-pengusaha-kuliner-rahasia-sukses-meningkatkan-penjualan/,
downloaded,kuliner/viral-warteg-kharisma-bahari-perpaduan-kuliner-dan-politik/index.html,https://joinkuliner.com/kuliner/viral-warteg-kharisma-bahari-perpaduan-kuliner-dan-politik/,20250804162314,text/html,152426,e84d07b1b1be4257941bc0718bbd6826056fcc66cc96e49de7503bf06c27fb18,https://web.archive.org/web/20250804162314id_/https://joinkuliner.com/kuliner/viral-warteg-kharisma-bahari-perpaduan-kuliner-dan-politik/,
downloaded,kuliner/warteg-menyelami-kelezatan-dan-keberagaman-kuliner-indonesia/index.html,https://joinkuliner.com/kuliner/warteg-menyelami-kelezatan-dan-keberagaman-kuliner-indonesia/,20250804161429,text/html,148260,3ca151e43fc355b7e5d33eed96e31b185a96f01cd047097ebbb8c9e4d57bf0a0,https://web.archive.org/web/20250804161429id_/https://joinkuliner.com/kuliner/warteg-menyelami-kelezatan-dan-keberagaman-kuliner-indonesia/,
downloaded,login/index.html,https://joinkuliner.com/login/,20251009045836,text/html,9855,22862a58f062f6a53e42ac6725d2446cdde576cf8e7ec032af12890d36b2adbe,https://web.archive.org/web/20251009045836id_/https://joinkuliner.com/login/,
downloaded,makan-malam-yang-lezat-tips-untuk-menikmati-pengalaman-kuliner-anda.bin,https://joinkuliner.com/makan-malam-yang-lezat-tips-untuk-menikmati-pengalaman-kuliner-anda/,20240525082709,unk,1458,498a021610d4229b4847f7bbb5d0e9cfe6bc23c2923622dcd06586d597752730,https://web.archive.org/web/20240525082709id_/https://joinkuliner.com/makan-malam-yang-lezat-tips-untuk-menikmati-pengalaman-kuliner-anda/,
downloaded,memahami-kelezatan-kuliner-lokal-dan-internasional.bin,https://joinkuliner.com/memahami-kelezatan-kuliner-lokal-dan-internasional/,20240525072500,unk,1615,6fc5d04be3546bf44cd209d315367ab2f47eb13d3267e694b3d21b436b2b0eaa,https://web.archive.org/web/20240525072500id_/https://joinkuliner.com/memahami-kelezatan-kuliner-lokal-dan-internasional/,
downloaded,membongkar-rahasia-kesuksesan-bisnis-franchise-mixue.bin,https://joinkuliner.com/membongkar-rahasia-kesuksesan-bisnis-franchise-mixue/,20240525082158,unk,1566,9e2437f1f14fc30567a84396c519bab29dea3b7b89867b61bb710d8c0a9e9803,https://web.archive.org/web/20240525082158id_/https://joinkuliner.com/membongkar-rahasia-kesuksesan-bisnis-franchise-mixue/,
downloaded,memulai-usaha-kuliner-dengan-franchise-warteg-peluang-dan-tantangan.bin,https://joinkuliner.com/memulai-usaha-kuliner-dengan-franchise-warteg-peluang-dan-tantangan/,20240525081009,unk,1500,ec916a3fd88c95cdb73cf27bf35674b92e14a784a05c27d27a4f2853a0345347,https://web.archive.org/web/20240525081009id_/https://joinkuliner.com/memulai-usaha-kuliner-dengan-franchise-warteg-peluang-dan-tantangan/,
downloaded,mengadopsi-gaya-hidup-hemat-dengan-frugaliving-makanan.bin,https://joinkuliner.com/mengadopsi-gaya-hidup-hemat-dengan-frugaliving-makanan/,20240525074253,unk,1507,700c98b70dcd86b7e60f865e7574710c1084984bb17e860d22aba5b5cd2ee085,https://web.archive.org/web/20240525074253id_/https://joinkuliner.com/mengadopsi-gaya-hidup-hemat-dengan-frugaliving-makanan/,
downloaded,menggali-kekayaan-kuliner-malam-jogja-tempat-dan-hidangan-tak-terlupakan.bin,https://joinkuliner.com/menggali-kekayaan-kuliner-malam-jogja-tempat-dan-hidangan-tak-terlupakan/,20240525072907,unk,1495,956b50c169f5b057072d5b66ef2e5ac8c5b30e8f40784c5480b3d13266d1565d,https://web.archive.org/web/20240525072907id_/https://joinkuliner.com/menggali-kekayaan-kuliner-malam-jogja-tempat-dan-hidangan-tak-terlupakan/,
downloaded,menggali-potensi-kesuksesan-bisnis-franchise-coffee-shop.bin,https://joinkuliner.com/menggali-potensi-kesuksesan-bisnis-franchise-coffee-shop/,20240525091620,unk,1436,0bd37a4813a8f33641a2a3472243b5c8a4d22a3181304774777f4c099c82b98d,https://web.archive.org/web/20240525091620id_/https://joinkuliner.com/menggali-potensi-kesuksesan-bisnis-franchise-coffee-shop/,
downloaded,menjadi-pengusaha-sukses-dengan-franchise-pizza-panduan-lengkap.bin,https://joinkuliner.com/menjadi-pengusaha-sukses-dengan-franchise-pizza-panduan-lengkap/,20240525084618,unk,1505,679b4eeabf2c14153c3e4f8d9d4b748176d9ebad7621dcdee540b88929ce9131,https://web.archive.org/web/20240525084618id_/https://joinkuliner.com/menjadi-pengusaha-sukses-dengan-franchise-pizza-panduan-lengkap/,
downloaded,menyelami-kelezatan-jajanan-korean-food-sebuah-petualangan-kuliner.bin,https://joinkuliner.com/menyelami-kelezatan-jajanan-korean-food-sebuah-petualangan-kuliner/,20240525081307,unk,1437,a3dc7e94b0aba41cd96ca2c5f26ff9163711a33c6661843e8e4b15695860e7ea,https://web.archive.org/web/20240525081307id_/https://joinkuliner.com/menyelami-kelezatan-jajanan-korean-food-sebuah-petualangan-kuliner/,
downloaded,page-sitemap.xml,https://joinkuliner.com/page-sitemap.xml,20250904192728,text/xml,8664,0fc0002c74caae07c327b607019a29760bff8bd60c632ffc9bb4a0ec75777324,https://web.archive.org/web/20250904192728id_/https://joinkuliner.com/page-sitemap.xml,
downloaded,page/10/index.html,https://joinkuliner.com/page/10/,20250906235214,text/html,240230,813a44d9b7ebd7cfbc402c7f0efc4d19697ea26b9aeee6b78e561bb88b4b4499,https://web.archive.org/web/20250906235214id_/https://joinkuliner.com/page/10/,
downloaded,page/11/index.html,https://joinkuliner.com/page/11/,20250906220627,text/html,223549,8a2acc69ad8f78aab0b1274118142311ba40957e83df5d1ae04c7baeffa67e63,https://web.archive.org/web/20250906220627id_/https://joinkuliner.com/page/11/,
downloaded,page/12/index.html,https://joinkuliner.com/page/12/,20250806142719,text/html,218061,d67307a8db63eb8c514b01321ca3f1b587967c137c2db5fbbe0354054446744d,https://web.archive.org/web/20250806142719id_/https://joinkuliner.com/page/12/,
downloaded,page/13/index.html,https://joinkuliner.com/page/13/,20250906222925,text/html,222445,be871d4b4bd966de5953861b7e470e35d4b5e766aea687d004bc3d6ad9dec015,https://web.archive.org/web/20250906222925id_/https://joinkuliner.com/page/13/,
downloaded,page/15/index.html,https://joinkuliner.com/page/15/,20250210161025,text/html,11882,b83b46550a147ed12e3e52ba1a0d2fcb195049e0197ccd748ec8a5b11bee5d05,https://web.archive.org/web/20250210161025id_/https://joinkuliner.com/page/15/,
downloaded,page/16/index.html,https://joinkuliner.com/page/16/,20250806150920,text/html,239064,fdb082b0218b67cbe2dcb476339431591250aaa8bdeed260a47fbb74a9a3b9a4,https://web.archive.org/web/20250806150920id_/https://joinkuliner.com/page/16/,
downloaded,page/17/index.html,https://joinkuliner.com/page/17/,20250806151636,text/html,242144,57595ab6996a36e790ab929d65c03df021f295b088f6b6bb2591a9932a9ff4a2,https://web.archive.org/web/20250806151636id_/https://joinkuliner.com/page/17/,
downloaded,page/18/index.html,https://joinkuliner.com/page/18/,20250806152639,text/html,214810,f02f6972053a1f1e7ea5729de0eea81c5f001cec4db35b5668d7f1a500861aa2,https://web.archive.org/web/20250806152639id_/https://joinkuliner.com/page/18/,
downloaded,page/19/index.html,https://joinkuliner.com/page/19/,20250620012543,text/html,199140,48443474c99fa0f1bfd9663eafd002319a2dc828f6618d3802eace175c757c6d,https://web.archive.org/web/20250620012543id_/https://joinkuliner.com/page/19/,
downloaded,page/2/index.html,https://joinkuliner.com/page/2/,20250906234626,text/html,213804,2b5c9d5f14b34c655e78ca17a5605f40b96380d04ac1fc9da088d61f797d12ec,https://web.archive.org/web/20250906234626id_/https://joinkuliner.com/page/2/,
downloaded,page/21/index.html,https://joinkuliner.com/page/21/,20250806141449,text/html,216137,596b999a85357fc72ff98106c6a9c63e93847ba68dd3c0d13397ee5e2e352872,https://web.archive.org/web/20250806141449id_/https://joinkuliner.com/page/21/,
downloaded,page/22/index.html,https://joinkuliner.com/page/22/,20251009040750,text/html,201709,324ef279c91e2d191d300472c1273e6b003f937e02b9682fa383f4201e7cc2fe,https://web.archive.org/web/20251009040750id_/https://joinkuliner.com/page/22/,
downloaded,page/3/index.html,https://joinkuliner.com/page/3/,20251009053322,text/html,221794,e21a3a079ca5bcf107df57be025ae1ed7d4379355aa69bdfa34e7fdc3e490499,https://web.archive.org/web/20251009053322id_/https://joinkuliner.com/page/3/,
downloaded,page/4/index.html,https://joinkuliner.com/page/4/,20250804164929,text/html,211035,c93fe4a89c1c5104fb77903c9a1779514c1024ee1f17ee708712e41c9758e646,https://web.archive.org/web/20250804164929id_/https://joinkuliner.com/page/4/,
downloaded,page/5/index.html,https://joinkuliner.com/page/5/,20251009053351,text/html,196396,57ad2ba78f4e9e0b6f78618c5d7cfd383f848bd0d544b6fc9586efd52b414fa1,https://web.archive.org/web/20251009053351id_/https://joinkuliner.com/page/5/,
downloaded,page/6/index.html,https://joinkuliner.com/page/6/,20250620014951,text/html,221233,b2a8f663d7af0b9880b2a6406275913a541ad7991db79f8cbde8ab8f9c77790a,https://web.archive.org/web/20250620014951id_/https://joinkuliner.com/page/6/,
downloaded,page/7/index.html,https://joinkuliner.com/page/7/,20250804165007,text/html,226587,e11ba6117ec873c3e673ed5a8c453b57a6d2c6f862615afb97235aafe2b5a0d3,https://web.archive.org/web/20250804165007id_/https://joinkuliner.com/page/7/,
downloaded,page/8/index.html,https://joinkuliner.com/page/8/,20250806155734,text/html,251447,75069626b554f59ba1eda86ba428d457efc54631b974097dbb2cb8c559e2b6bd,https://web.archive.org/web/20250806155734id_/https://joinkuliner.com/page/8/,
downloaded,page/9/index.html,https://joinkuliner.com/page/9/,20250804165045,text/html,249119,698fcf41c5bf4fa8d5d8cb383901ceea8764a747e1c561cd2ac182e3f9cc7c0a,https://web.archive.org/web/20250804165045id_/https://joinkuliner.com/page/9/,
downloaded,panduan-lengkap-cara-memulai-bisnis-kuliner-yang-sukses.bin,https://joinkuliner.com/panduan-lengkap-cara-memulai-bisnis-kuliner-yang-sukses/,20240525091648,unk,1490,03d3d02c66e411db85d15d34f65b956f0b9e6ad521717dc8bac0c3e714291132,https://web.archive.org/web/20240525091648id_/https://joinkuliner.com/panduan-lengkap-cara-memulai-bisnis-kuliner-yang-sukses/,
downloaded,peluang-bisnis-franchise-makanan-sukses-di-dunia-kuliner.bin,https://joinkuliner.com/peluang-bisnis-franchise-makanan-sukses-di-dunia-kuliner/,20240525075037,unk,1597,65659195c4c9dac242f8f7aa9a087ef5dd88e215e1a1c36753c5bbc82525af5c,https://web.archive.org/web/20240525075037id_/https://joinkuliner.com/peluang-bisnis-franchise-makanan-sukses-di-dunia-kuliner/,
downloaded,peluang-usaha-bisnis-kuliner/index.html,https://joinkuliner.com/peluang-usaha-bisnis-kuliner/,20250804152348,text/html,209864,b012522a437b82b0d00443a658f1ecc2e863dcada6ad1c91c548f6609856b919,https://web.archive.org/web/20250804152348id_/https://joinkuliner.com/peluang-usaha-bisnis-kuliner/,
downloaded,peluang-usaha-kuliner/10-jenis-usaha-kuliner-yang-paling-laku-di-bulan-puasa/index.html,https://joinkuliner.com/peluang-usaha-kuliner/10-jenis-usaha-kuliner-yang-paling-laku-di-bulan-puasa/,20250804164008,text/html,152249,b5951f3e3ea868a89c07f498996e65cca2b64ee4e85dea0881740a82dee945c1,https://web.archive.org/web/20250804164008id_/https://joinkuliner.com/peluang-usaha-kuliner/10-jenis-usaha-kuliner-yang-paling-laku-di-bulan-puasa/,
downloaded,peluang-usaha-kuliner/alasan-mengapa-banyak-pebisnis-kuliner-pemula-gagal/index.html,https://joinkuliner.com/peluang-usaha-kuliner/alasan-mengapa-banyak-pebisnis-kuliner-pemula-gagal/,20251009052547,text/html,161318,bfb82f85487733ce3d81c139a8e6a9fc3b41cabb49212ae38f8c4b4f8e767144,https://web.archive.org/web/20251009052547id_/https://joinkuliner.com/peluang-usaha-kuliner/alasan-mengapa-banyak-pebisnis-kuliner-pemula-gagal/,
downloaded,peluang-usaha-kuliner/analisis-dan-sejarah-kesuksesan-warteg-kharisma-bahari-strategi-bisnis-tantangan-dan-prospek-masa-depan/index.html,https://joinkuliner.com/peluang-usaha-kuliner/analisis-dan-sejarah-kesuksesan-warteg-kharisma-bahari-strategi-bisnis-tantangan-dan-prospek-masa-depan/,20251009050132,text/html,159354,185a98a1e563c1f404d837fc9ebb1fee9759e42ca2ab543888c39bd2882f59e5,https://web.archive.org/web/20251009050132id_/https://joinkuliner.com/peluang-usaha-kuliner/analisis-dan-sejarah-kesuksesan-warteg-kharisma-bahari-strategi-bisnis-tantangan-dan-prospek-masa-depan/,
downloaded,peluang-usaha-kuliner/apakah-bisnis-warteg-menguntungkan-di-saat-pandemi/index.html,https://joinkuliner.com/peluang-usaha-kuliner/apakah-bisnis-warteg-menguntungkan-di-saat-pandemi/,20250806151446,text/html,153744,e7108c9dfe5a3d7d7c35b973c8c0ff236cc0c04199e27e47f9977e8e9d599153,https://web.archive.org/web/20250806151446id_/https://joinkuliner.com/peluang-usaha-kuliner/apakah-bisnis-warteg-menguntungkan-di-saat-pandemi/,
downloaded,peluang-usaha-kuliner/bisnis-kuliner-legendaris-meraih-kesuksesan-dan-keabadian-dalam-dunia-rasa/index.html,https://joinkuliner.com/peluang-usaha-kuliner/bisnis-kuliner-legendaris-meraih-kesuksesan-dan-keabadian-dalam-dunia-rasa/,20251009051321,text/html,151238,2efc4acb42b937ae28a9227e5291cd5a43537ed7ca30e161636b40339dbf37dd,https://web.archive.org/web/20251009051321id_/https://joinkuliner.com/peluang-usaha-kuliner/bisnis-kuliner-legendaris-meraih-kesuksesan-dan-keabadian-dalam-dunia-rasa/,
downloaded,peluang-usaha-kuliner/bisnis-yang-tahan-banting-di-segala-kondisi-ekonomi-rahasia-kesuksesan-warteg/index.html,https://joinkuliner.com/peluang-usaha-kuliner/bisnis-yang-tahan-banting-di-segala-kondisi-ekonomi-rahasia-kesuksesan-warteg/,20250806143037,text/html,28672,d84765190880f827568450282088793e3e8abd6e3f0aac545b862a1824070d92,https://web.archive.org/web/20250806143037id_/https://joinkuliner.com/peluang-usaha-kuliner/bisnis-yang-tahan-banting-di-segala-kondisi-ekonomi-rahasia-kesuksesan-warteg/,
downloaded,peluang-usaha-kuliner/cara-membuat-bisnis-franchise-menjadi-autopilot-mengubah-mimpi-menjadi-kenyataan/index.html,https://joinkuliner.com/peluang-usaha-kuliner/cara-membuat-bisnis-franchise-menjadi-autopilot-mengubah-mimpi-menjadi-kenyataan/,20251009042124,text/html,153586,037ccd8e10004332822a198c09a70a00027dee8e816034296b85d8165fa73169,https://web.archive.org/web/20251009042124id_/https://joinkuliner.com/peluang-usaha-kuliner/cara-membuat-bisnis-franchise-menjadi-autopilot-mengubah-mimpi-menjadi-kenyataan/,
downloaded,peluang-usaha-kuliner/faktor-faktor-kunci-dalam-memilih-bisnis-waralaba-panduan-komprehensif-untuk-kesuksesan-bisnis-anda/index.html,https://joinkuliner.com/peluang-usaha-kuliner/faktor-faktor-kunci-dalam-memilih-bisnis-waralaba-panduan-komprehensif-untuk-kesuksesan-bisnis-anda/,20250806141944,text/html,153452,2ddd385419b35f0fd0c8abfa2c2e5dc3a16b5fb30f1952a38698ea60d0424539,https://web.archive.org/web/20250806141944id_/https://joinkuliner.com/peluang-usaha-kuliner/faktor-faktor-kunci-dalam-memilih-bisnis-waralaba-panduan-komprehensif-untuk-kesuksesan-bisnis-anda/,
downloaded,peluang-usaha-kuliner/franchise-frozen-food-potensi-dan-janji-kesuksesan/index.html,https://joinkuliner.com/peluang-usaha-kuliner/franchise-frozen-food-potensi-dan-janji-kesuksesan/,20250806153627,text/html,152397,b15321cea0571a54b48a0f90877ab929a83319feda174d106c9084c90e229efb,https://web.archive.org/web/20250806153627id_/https://joinkuliner.com/peluang-usaha-kuliner/franchise-frozen-food-potensi-dan-janji-kesuksesan/,
downloaded,peluang-usaha-kuliner/franchise-koi-membuka-peluang-bisnis-yang-berkembang-di-dunia-minuman-yang-unik/index.html,https://joinkuliner.com/peluang-usaha-kuliner/franchise-koi-membuka-peluang-bisnis-yang-berkembang-di-dunia-minuman-yang-unik/,20250906224838,text/html,153383,b30362e8b94ca5c0d7ef9ffbc786662c802f8d8cf6106d585d54ec1d037cfa39,https://web.archive.org/web/20250906224838id_/https://joinkuliner.com/peluang-usaha-kuliner/franchise-koi-membuka-peluang-bisnis-yang-berkembang-di-dunia-minuman-yang-unik/,
downloaded,peluang-usaha-kuliner/franchise-makanan-terlaris-di-indonesia-pada-tahun-2024/index.html,https://joinkuliner.com/peluang-usaha-kuliner/franchise-makanan-terlaris-di-indonesia-pada-tahun-2024/,20251009045910,text/html,153902,95015267eea843697a3dc5aa6ce5c91cc2543fc27c35b03d73792231e67841e5,https://web.archive.org/web/20251009045910id_/https://joinkuliner.com/peluang-usaha-kuliner/franchise-makanan-terlaris-di-indonesia-pada-tahun-2024/,
downloaded,peluang-usaha-kuliner/franchise-warteg-putra-bahari-kemitraan-strategis/index.html,https://joinkuliner.com/peluang-usaha-kuliner/franchise-warteg-putra-bahari-kemitraan-strategis/,20250620011318,text/html,150367,66fcaa2e76d493828bceea499d7efa51ea1ca4385b3817befda1a81bf4c0350c,https://web.archive.org/web/20250620011318id_/https://joinkuliner.com/peluang-usaha-kuliner/franchise-warteg-putra-bahari-kemitraan-strategis/,
downloaded,peluang-usaha-kuliner/index.html,https://joinkuliner.com/peluang-usaha-kuliner/,20240911154022,text/html,93041,e5a5bb21c4b7917d4a27416cd81b67470cefd5bb4dfee34b08102621417acbb2,https://web.archive.org/web/20240911154022id_/https://joinkuliner.com/peluang-usaha-kuliner/,
downloaded,peluang-usaha-kuliner/info-biaya-kemitraan-alfamart-dan-cara-pengajuanya/index.html,https://joinkuliner.com/peluang-usaha-kuliner/info-biaya-kemitraan-alfamart-dan-cara-pengajuanya/,20250804163128,text/html,28672,aa2b7bed498b9c88fdb4fd20ca19d0f494fa412f658ec906387eb970778546f4,https://web.archive.org/web/20250804163128id_/https://joinkuliner.com/peluang-usaha-kuliner/info-biaya-kemitraan-alfamart-dan-cara-pengajuanya/,
downloaded,peluang-usaha-kuliner/kenapa-harga-menu-warteg-bisa-murah-membongkar-rahasia-keberlanjutan-dan-keterjangkauan/index.html,https://joinkuliner.com/peluang-usaha-kuliner/kenapa-harga-menu-warteg-bisa-murah-membongkar-rahasia-keberlanjutan-dan-keterjangkauan/,20250315211929,text/html,155720,7b1c60473bf3a1186100f81a9545011a6269a4a6c5421c115d40bb0a5489ff14,https://web.archive.org/web/20250315211929id_/https://joinkuliner.com/peluang-usaha-kuliner/kenapa-harga-menu-warteg-bisa-murah-membongkar-rahasia-keberlanjutan-dan-keterjangkauan/,
downloaded,peluang-usaha-kuliner/keuntungan-dan-kerugian-membuka-usaha-waralaba/index.html,https://joinkuliner.com/peluang-usaha-kuliner/keuntungan-dan-kerugian-membuka-usaha-waralaba/,20251009045220,text/html,151017,61c4ad5171d9e726fd38a8a50dbec557035a68f05883baf11945c57bbf0e0741,https://web.archive.org/web/20251009045220id_/https://joinkuliner.com/peluang-usaha-kuliner/keuntungan-dan-kerugian-membuka-usaha-waralaba/,
downloaded,peluang-usaha-kuliner/kuliner-rumah-jendral-merasakan-kelezatan-dalam-sejuta-kenangan/index.html,https://joinkuliner.com/peluang-usaha-kuliner/kuliner-rumah-jendral-merasakan-kelezatan-dalam-sejuta-kenangan/,20250906230733,text/html,152294,cfbad3be995a4df7fff45b0fc00ba8e58e8f673c6aeb36071d74a30559401550,https://web.archive.org/web/20250906230733id_/https://joinkuliner.com/peluang-usaha-kuliner/kuliner-rumah-jendral-merasakan-kelezatan-dalam-sejuta-kenangan/,
downloaded,peluang-usaha-kuliner/membangun-kejayaan-panduan-komprehensif-membuka-franchise-es-teh-yang-sukses-di-indonesia/index.html,https://joinkuliner.com/peluang-usaha-kuliner/membangun-kejayaan-panduan-komprehensif-membuka-franchise-es-teh-yang-sukses-di-indonesia/,20250806152318,text/html,155516,1888bc17e037bf1f806f5d6335dd20b2a83a3a0c6ca319bdbab3e8746bce2a23,https://web.archive.org/web/20250806152318id_/https://joinkuliner.com/peluang-usaha-kuliner/membangun-kejayaan-panduan-komprehensif-membuka-franchise-es-teh-yang-sukses-di-indonesia/,
downloaded,peluang-usaha-kuliner/membuka-peluang-bisnis-waralaba-favorit-anak-muda-yang-menggiurkan/index.html,https://joinkuliner.com/peluang-usaha-kuliner/membuka-peluang-bisnis-waralaba-favorit-anak-muda-yang-menggiurkan/,20251009042233,text/html,154225,5ede538281123267224cbd37b8eef7ba3a59739fbdfbab9a66e94651c73f5e99,https://web.archive.org/web/20251009042233id_/https://joinkuliner.com/peluang-usaha-kuliner/membuka-peluang-bisnis-waralaba-favorit-anak-muda-yang-menggiurkan/,
downloaded,peluang-usaha-kuliner/mengeksplorasi-dunia-food-vlogger-di-indonesia-wawasan-dan-strategi-menuju-kesuksesan/index.html,https://joinkuliner.com/peluang-usaha-kuliner/mengeksplorasi-dunia-food-vlogger-di-indonesia-wawasan-dan-strategi-menuju-kesuksesan/,20251009042751,text/html,155063,0b040b9ff38b79fb0b2282f41816921be1da60c0dbb731afd4695d1fe8bde7ed,https://web.archive.org/web/20251009042751id_/https://joinkuliner.com/peluang-usaha-kuliner/mengeksplorasi-dunia-food-vlogger-di-indonesia-wawasan-dan-strategi-menuju-kesuksesan/,
downloaded,peluang-usaha-kuliner/menggali-keberhasilan-panduan-lengkap-membangun-bisnis-kuliner-terlaris-di-indonesia/index.html,https://joinkuliner.com/peluang-usaha-kuliner/menggali-keberhasilan-panduan-lengkap-membangun-bisnis-kuliner-terlaris-di-indonesia/,20250806155753,text/html,154533,777a52905551a5b49250ae1ce0e235d7ae0c7e7e360ceb9577d287cdf95b27d6,https://web.archive.org/web/20250806155753id_/https://joinkuliner.com/peluang-usaha-kuliner/menggali-keberhasilan-panduan-lengkap-membangun-bisnis-kuliner-terlaris-di-indonesia/,
downloaded,peluang-usaha-kuliner/menggenggam-masa-depan-bisnis-waralaba-anak-muda-dan-gebrakan-inovatif/index.html,https://joinkuliner.com/peluang-usaha-kuliner/menggenggam-masa-depan-bisnis-waralaba-anak-muda-dan-gebrakan-inovatif/,20250804160440,text/html,151869,3d1d8d73e09465f7f88e343a50fad8369d97e033864bd9f9bd2d6b98a37ad127,https://web.archive.org/web/20250804160440id_/https://joinkuliner.com/peluang-usaha-kuliner/menggenggam-masa-depan-bisnis-waralaba-anak-muda-dan-gebrakan-inovatif/,
downloaded,peluang-usaha-kuliner/menguak-potensi-keuntungan-bisnis-warteg-benarkah-bisnis-kuliner-sederhana-tetap-menggiurkan/index.html,https://joinkuliner.com/peluang-usaha-kuliner/menguak-potensi-keuntungan-bisnis-warteg-benarkah-bisnis-kuliner-sederhana-tetap-menggiurkan/,20251009044701,text/html,154386,84116be89d3380a0eabaa785d7ecfae7e39dfa126c54b5bb60677330ac0a8149,https://web.archive.org/web/20251009044701id_/https://joinkuliner.com/peluang-usaha-kuliner/menguak-potensi-keuntungan-bisnis-warteg-benarkah-bisnis-kuliner-sederhana-tetap-menggiurkan/,
downloaded,peluang-usaha-kuliner/menjelajahi-kelezatan-kuliner-nusantara-ragam-hidangan-indonesia-yang-menggoda-selera/index.html,https://joinkuliner.com/peluang-usaha-kuliner/menjelajahi-kelezatan-kuliner-nusantara-ragam-hidangan-indonesia-yang-menggoda-selera/,20250806144246,text/html,149282,6c41b12f85199aedab086349a46d380cf611630f0b40532aab45ca5ec21d77af,https://web.archive.org/web/20250806144246id_/https://joinkuliner.com/peluang-usaha-kuliner/menjelajahi-kelezatan-kuliner-nusantara-ragam-hidangan-indonesia-yang-menggoda-selera/,
downloaded,peluang-usaha-kuliner/potensi-bisnis-franchise-minuman-kekinian-di-era-digital/index.html,https://joinkuliner.com/peluang-usaha-kuliner/potensi-bisnis-franchise-minuman-kekinian-di-era-digital/,20250906221257,text/html,151400,9e1acdf1fbc3e4656719c7c16af5ed36a6716a68837465f3ba3822d1a4f6c10c,https://web.archive.org/web/20250906221257id_/https://joinkuliner.com/peluang-usaha-kuliner/potensi-bisnis-franchise-minuman-kekinian-di-era-digital/,
downloaded,peluang-usaha-kuliner/skema-franchise-untuk-warteg-putri-bahari-di-jakarta/index.html,https://joinkuliner.com/peluang-usaha-kuliner/skema-franchise-untuk-warteg-putri-bahari-di-jakarta/,20250806160415,text/html,150898,264f179deec4413d7513ca0c515e183ea0a2bf486c84ada2afdfcc3daf1ab622,https://web.archive.org/web/20250806160415id_/https://joinkuliner.com/peluang-usaha-kuliner/skema-franchise-untuk-warteg-putri-bahari-di-jakarta/,
downloaded,peluang-usaha-kuliner/waralaba-mcdonalds-peluang-emas-di-industri-makanan-cepat-saji/index.html,https://joinkuliner.com/peluang-usaha-kuliner/waralaba-mcdonalds-peluang-emas-di-industri-makanan-cepat-saji/,20250806154038,text/html,154346,f4bef31ea71447f3951325a79115e304f9226166e28a599c150e4d1c71a2c69e,https://web.archive.org/web/20250806154038id_/https://joinkuliner.com/peluang-usaha-kuliner/waralaba-mcdonalds-peluang-emas-di-industri-makanan-cepat-saji/,
downloaded,post-sitemap.xml,https://joinkuliner.com/post-sitemap.xml,20250904185232,text/xml,90184,36df74dc448e75a9a120d2ee9e44934bc6a87d5f7cb760c2e2f3377a9a1fec86,https://web.archive.org/web/20250904185232id_/https://joinkuliner.com/post-sitemap.xml,
downloaded,post_tag-sitemap.xml,https://joinkuliner.com/post_tag-sitemap.xml,20250904190124,text/xml,14173,4febcf17216595b80e000336defee5914a0c20fae7f5a2ebd34f24fc641d6d14,https://web.archive.org/web/20250904190124id_/https://joinkuliner.com/post_tag-sitemap.xml,
downloaded,rekomendasi-kuliner-1.bin,https://joinkuliner.com/rekomendasi-kuliner-1/,20240525070027,unk,1535,064acbc66741e380f831e5ddf066f67bdd36fcd28e6bce5f1eb18a4197f0b785,https://web.archive.org/web/20240525070027id_/https://joinkuliner.com/rekomendasi-kuliner-1/,
downloaded,rekomendasi-kuliner-2.bin,https://joinkuliner.com/rekomendasi-kuliner-2/,20240525082920,unk,1581,a02c75a9c040cf78d3adf7fad3c0da237948149d5253a5b667f7ee3d99cca9d0,https://web.archive.org/web/20240525082920id_/https://joinkuliner.com/rekomendasi-kuliner-2/,
downloaded,resep-makanan/resep-tongseng-sapi-eksotisme-rasa-indonesia-dalam-setiap-gigitan/index.html,https://joinkuliner.com/resep-makanan/resep-tongseng-sapi-eksotisme-rasa-indonesia-dalam-setiap-gigitan/,20250906223557,text/html,124797,4a9d83b0962253bccc6890c90696ee928993cf27d4e5e847d251603100797289,https://web.archive.org/web/20250906223557id_/https://joinkuliner.com/resep-makanan/resep-tongseng-sapi-eksotisme-rasa-indonesia-dalam-setiap-gigitan/,
downloaded,review/10-brand-minuman-terbaik-di-indonesia-menyegarkan-lidah-dan-mengisi-gelas/index.html,https://joinkuliner.com/review/10-brand-minuman-terbaik-di-indonesia-menyegarkan-lidah-dan-mengisi-gelas/,20250906224158,text/html,157379,f907d4d095976f986bff9809b55f506aaa40efbba33dcf181a01f12e2567e6b1,https://web.archive.org/web/20250906224158id_/https://joinkuliner.com/review/10-brand-minuman-terbaik-di-indonesia-menyegarkan-lidah-dan-mengisi-gelas/,
downloaded,review/asal-usul-dan-sejarah-kue-pukis-berserta-varian-rasanya/index.html,https://joinkuliner.com/review/asal-usul-dan-sejarah-kue-pukis-berserta-varian-rasanya/,20251009043926,text/html,155474,c9540908b47ab0c26ff86de454412cfe296a6a97c7896aaa8e067d53834d3274,https://web.archive.org/web/20251009043926id_/https://joinkuliner.com/review/asal-usul-dan-sejarah-kue-pukis-berserta-varian-rasanya/,
downloaded,review/bluder-cokro-roti-legendaris-dari-madiun-mempunyai-rasa-yang-khas/index.html,https://joinkuliner.com/review/bluder-cokro-roti-legendaris-dari-madiun-mempunyai-rasa-yang-khas/,20250906224127,text/html,153706,0511b06e8cf9b4d53f77c1d5cb584fee976dde3792eeca5fb451c316c2cfb304,https://web.archive.org/web/20250906224127id_/https://joinkuliner.com/review/bluder-cokro-roti-legendaris-dari-madiun-mempunyai-rasa-yang-khas/,
downloaded,review/compare-mie-bangladesh-vs-mie-gacoan-mana-yang-terbaik/index.html,https://joinkuliner.com/review/compare-mie-bangladesh-vs-mie-gacoan-mana-yang-terbaik/,20250804153317,text/html,159305,96ece950f1c59fc7ea326dff0b72c4ef258b4ac1645546e0ab58b89b629e96f3,https://web.archive.org/web/20250804153317id_/https://joinkuliner.com/review/compare-mie-bangladesh-vs-mie-gacoan-mana-yang-terbaik/,
downloaded,review/franchise-cincau-station-panduan-membuka-usaha/index.html,https://joinkuliner.com/review/franchise-cincau-station-panduan-membuka-usaha/,20251009040830,text/html,155384,258e23b391a74622616e5dde5653c518040713bbbc1d79a08db06c8b929f99dc,https://web.archive.org/web/20251009040830id_/https://joinkuliner.com/review/franchise-cincau-station-panduan-membuka-usaha/,
downloaded,review/jelajahi-kelezatan-kuliner-indonesia-di-lima-warteg-terbaik-dari-warteg-bahari-hingga-warteg-mbak-endang/index.html,https://joinkuliner.com/review/jelajahi-kelezatan-kuliner-indonesia-di-lima-warteg-terbaik-dari-warteg-bahari-hingga-warteg-mbak-endang/,20250806155204,text/html,159706,3ad06ef0e14ab6dc40d058c2a1ce2bc2526371e27314f279c32b82d04a9e03e4,https://web.archive.org/web/20250806155204id_/https://joinkuliner.com/review/jelajahi-kelezatan-kuliner-indonesia-di-lima-warteg-terbaik-dari-warteg-bahari-hingga-warteg-mbak-endang/,
downloaded,review/master-chef-mengungkap-rahasia-kecemerlangan-di-dunia-kuliner/index.html,https://joinkuliner.com/review/master-chef-mengungkap-rahasia-kecemerlangan-di-dunia-kuliner/,20250806153555,text/html,153633,d4a4612559e2da073235b44dda96d8b4dbe1209017d8c6471117c9120d001ef6,https://web.archive.org/web/20250806153555id_/https://joinkuliner.com/review/master-chef-mengungkap-rahasia-kecemerlangan-di-dunia-kuliner/,
downloaded,review/mengeksplorasi-kesuksesan-franchise-teh-poci-dan-es-teh-solo/index.html,https://joinkuliner.com/review/mengeksplorasi-kesuksesan-franchise-teh-poci-dan-es-teh-solo/,20251009044230,text/html,158320,84a651c820fcf32d7acd1ca65eea7e85e5c87b95c19b36df210aedd1a4d7b9ff,https://web.archive.org/web/20251009044230id_/https://joinkuliner.com/review/mengeksplorasi-kesuksesan-franchise-teh-poci-dan-es-teh-solo/,
downloaded,review/menggoda-selera-anda-dengan-kelezatan-western-food/index.html,https://joinkuliner.com/review/menggoda-selera-anda-dengan-kelezatan-western-food/,20250620011740,text/html,164004,e9131a194a86d91e2b098d3a204c3ab691c1fb4808d4589b01aca15ff1919a53,https://web.archive.org/web/20250620011740id_/https://joinkuliner.com/review/menggoda-selera-anda-dengan-kelezatan-western-food/,
downloaded,review/menjadi-pengusaha-sukses-dengan-franchise-pizza-panduan-lengkap/index.html,https://joinkuliner.com/review/menjadi-pengusaha-sukses-dengan-franchise-pizza-panduan-lengkap/,20251009043725,text/html,154423,a683686ac9fa847bf27e087b414214fe7a5419fbfa91b392c4efa5592770979e,https://web.archive.org/web/20251009043725id_/https://joinkuliner.com/review/menjadi-pengusaha-sukses-dengan-franchise-pizza-panduan-lengkap/,
downloaded,review/menu-es-teh-indonesia-yang-paling-best-seller/index.html,https://joinkuliner.com/review/menu-es-teh-indonesia-yang-paling-best-seller/,20251009054225,text/html,158034,21e0889e4bb651037d2700702b8f81795e6281d51a079ffafde77dedd3362367,https://web.archive.org/web/20251009054225id_/https://joinkuliner.com/review/menu-es-teh-indonesia-yang-paling-best-seller/,
downloaded,review/mocktail-menikmati-sensasi-rasa-tanpa-alkohol/index.html,https://joinkuliner.com/review/mocktail-menikmati-sensasi-rasa-tanpa-alkohol/,20250806155831,text/html,158567,acbeb945ab9421563bde08c6b9d2c9bbd834c3375b67880103f786a771300d72,https://web.archive.org/web/20250806155831id_/https://joinkuliner.com/review/mocktail-menikmati-sensasi-rasa-tanpa-alkohol/,
downloaded,review/rahasia-sukses-franchise-starbuck-hingga-mendunia-2/index.html,https://joinkuliner.com/review/rahasia-sukses-franchise-starbuck-hingga-mendunia-2/,20250210164722,text/html,12154,3645325ede171cb50916875e5f951c455ef9ed38531713df9c90e740c5f5bef1,https://web.archive.org/web/20250210164722id_/https://joinkuliner.com/review/rahasia-sukses-franchise-starbuck-hingga-mendunia-2/,
downloaded,review/rahasia-sukses-franchise-starbuck-hingga-mendunia/index.html,https://joinkuliner.com/review/rahasia-sukses-franchise-starbuck-hingga-mendunia/,20240314120156,text/html,112045,d5fa51910d1e4c6fe5ced04db3999334aa3862e030e986479f26c2f8abbd81f0,https://web.archive.org/web/20240314120156id_/https://joinkuliner.com/review/rahasia-sukses-franchise-starbuck-hingga-mendunia/,
downloaded,review/review-berkunjung-ke-cafe-rumah-goa-dik-doank-ciputat/index.html,https://joinkuliner.com/review/review-berkunjung-ke-cafe-rumah-goa-dik-doank-ciputat/,20250806152816,text/html,159887,3531a5704f13bc0f0d5b7494985b5fabd2490a304145e283fc54af6056e64598,https://web.archive.org/web/20250806152816id_/https://joinkuliner.com/review/review-berkunjung-ke-cafe-rumah-goa-dik-doank-ciputat/,
downloaded,review/review-di-ketupat-sayur-betawi-bang-iis-kemanggisan/index.html,https://joinkuliner.com/review/review-di-ketupat-sayur-betawi-bang-iis-kemanggisan/,20251009044904,text/html,163318,91c64affbed2fff9905e7d3b8021a0e803eaff320bc6bee25393da14b1d36c0f,https://web.archive.org/web/20251009044904id_/https://joinkuliner.com/review/review-di-ketupat-sayur-betawi-bang-iis-kemanggisan/,
downloaded,review/review-gohyong-mayestik-yang-lagi-viral-di-tv/index.html,https://joinkuliner.com/review/review-gohyong-mayestik-yang-lagi-viral-di-tv/,20251009050238,text/html,156522,d20e51c3c32f8036ac2a75e3eac2d341ef948ac1d7b5425ea27aef6585fffb4e,https://web.archive.org/web/20251009050238id_/https://joinkuliner.com/review/review-gohyong-mayestik-yang-lagi-viral-di-tv/,
downloaded,review/review-makan-di-konbanwa-ramen-tebet-ramen-murah-meriah/index.html,https://joinkuliner.com/review/review-makan-di-konbanwa-ramen-tebet-ramen-murah-meriah/,20250719214256,text/html,163175,20684c9cc9812540232efe0472a27eb068222c69e8a92b3e7028030bd4f03ba0,https://web.archive.org/web/20250719214256id_/https://joinkuliner.com/review/review-makan-di-konbanwa-ramen-tebet-ramen-murah-meriah/,
downloaded,review/review-restoran-gokil-kudus-restoran-mewan-nan-unik/index.html,https://joinkuliner.com/review/review-restoran-gokil-kudus-restoran-mewan-nan-unik/,20250806154131,text/html,158066,fcc6403ddbd13f2de8f2c84b7641cb40a0b89f4c49d741b175b7bc904f0d39be,https://web.archive.org/web/20250806154131id_/https://joinkuliner.com/review/review-restoran-gokil-kudus-restoran-mewan-nan-unik/,
downloaded,review/review-tempat-makan-teras-koering-menggoda-lidah-dan-hati/index.html,https://joinkuliner.com/review/review-tempat-makan-teras-koering-menggoda-lidah-dan-hati/,20250719211207,text/html,160360,293db39a9b757e46e02c71ebc714642627547c475b967ba08c3167d83d1576ec,https://web.archive.org/web/20250719211207id_/https://joinkuliner.com/review/review-tempat-makan-teras-koering-menggoda-lidah-dan-hati/,
downloaded,review/sejarah-hoka-hoka-bento-apakah-sama-dengan-hokben/index.html,https://joinkuliner.com/review/sejarah-hoka-hoka-bento-apakah-sama-dengan-hokben/,20250806144455,text/html,160392,94a0c9591e74f12896595e6b35cefd96f070f3341ce6383d33ee0930a0d89b19,https://web.archive.org/web/20250806144455id_/https://joinkuliner.com/review/sejarah-hoka-hoka-bento-apakah-sama-dengan-hokben/,
downloaded,review/sejarah-roti-sisir-kenapa-di-sebut-roti-sisir/index.html,https://joinkuliner.com/review/sejarah-roti-sisir-kenapa-di-sebut-roti-sisir/,20250804162542,text/html,155839,f4d9c7d6d2fee95198822bb2eb1996a391dfaa8ec205dddf3f8d5a6928d2690a,https://web.archive.org/web/20250804162542id_/https://joinkuliner.com/review/sejarah-roti-sisir-kenapa-di-sebut-roti-sisir/,
downloaded,robots.txt,https://joinkuliner.com/robots.txt,20250904182257,text/plain,295,33b7aac354d1b5902541d35c502307c11bd26cd368ac27334ef6fc1456844fc8,https://web.archive.org/web/20250904182257id_/https://joinkuliner.com/robots.txt,
downloaded,short-codes/index.html,https://joinkuliner.com/short-codes/,20250906223841,text/html,111736,2a5d9dfc43660bafe9ebaf657d08e33a2a3b01facbb4b74c3ffd2e045de95bd4,https://web.archive.org/web/20250906223841id_/https://joinkuliner.com/short-codes/,
downloaded,sitemap_index.xml,https://joinkuliner.com/sitemap_index.xml,20250904182741,text/xml,908,063095c38b9d5cda90a0d0bee41c1ee0cd8e1e6867b597aa1cf125f45062705c,https://web.archive.org/web/20250904182741id_/https://joinkuliner.com/sitemap_index.xml,
downloaded,sukses-dengan-franchise-kekinian-peluang-bisnis-yang-menjanjikan.bin,https://joinkuliner.com/sukses-dengan-franchise-kekinian-peluang-bisnis-yang-menjanjikan/,20240525072151,unk,1486,562200224c73b472c84a165fd61c5dffc3d32a840a00e9e5c875ae44021d336b,https://web.archive.org/web/20240525072151id_/https://joinkuliner.com/sukses-dengan-franchise-kekinian-peluang-bisnis-yang-menjanjikan/,
downloaded,tag/10-franchise-terbaik-di-dunia/index.html,https://joinkuliner.com/tag/10-franchise-terbaik-di-dunia/,20250804162733,text/html,88522,82d9de8f55bf209af63e2f31f827af2231d43537975e60e34a9a09fe99f1a2b4,https://web.archive.org/web/20250804162733id_/https://joinkuliner.com/tag/10-franchise-terbaik-di-dunia/,
downloaded,tag/alasan-membuka-usaha-kuliner/index.html,https://joinkuliner.com/tag/alasan-membuka-usaha-kuliner/,20250719211320,text/html,94315,a2322e7df8e51a20bce0e36adb133765d5f5777cc54c25456b4e60de1970f809,https://web.archive.org/web/20250719211320id_/https://joinkuliner.com/tag/alasan-membuka-usaha-kuliner/,
downloaded,tag/analisis-swot-usaha-makanan/index.html,https://joinkuliner.com/tag/analisis-swot-usaha-makanan/,20250906234728,text/html,88938,ca78be665ff7dd605f68bdc302b2e47c4117456bda750df45de4097340ab43e0,https://web.archive.org/web/20250906234728id_/https://joinkuliner.com/tag/analisis-swot-usaha-makanan/,
downloaded,tag/biaya-kemitraan-alfamart/index.html,https://joinkuliner.com/tag/biaya-kemitraan-alfamart/,20250806151810,text/html,89960,cee6290026d9d5ba4cd108320ef55e228a0181dabb1e35a1970abd5fecf1dd41,https://web.archive.org/web/20250806151810id_/https://joinkuliner.com/tag/biaya-kemitraan-alfamart/,
downloaded,tag/bisnis-franchise/index.html,https://joinkuliner.com/tag/bisnis-franchise/,20250806150505,text/html,95502,f9ba97322ee81784019eaf2995ddee92805af2480b74fb62c94cb842127ef6bc,https://web.archive.org/web/20250806150505id_/https://joinkuliner.com/tag/bisnis-franchise/,
downloaded,tag/bisnis-kuliner-makanan/index.html,https://joinkuliner.com/tag/bisnis-kuliner-makanan/,20250804160407,text/html,88738,53a4cd1164628320603b04abd1bece50c62aeb48f53de6584f0780cfc1f656db,https://web.archive.org/web/20250804160407id_/https://joinkuliner.com/tag/bisnis-kuliner-makanan/,
downloaded,tag/bisnis-kuliner/index.html,https://joinkuliner.com/tag/bisnis-kuliner/,20250806145337,text/html,86141,4d5af0ce024224a4e4983d2c460d5ed5e0a7943782d176a83842f83a53ee42dd,https://web.archive.org/web/20250806145337id_/https://joinkuliner.com/tag/bisnis-kuliner/,
downloaded,tag/bisnis-model-canvas/index.html,https://joinkuliner.com/tag/bisnis-model-canvas/,20250906230127,text/html,86166,ff015a8cbde43849e4d6aabba636e951fc9af34332387ec47ada169f04bbe29b,https://web.archive.org/web/20250906230127id_/https://joinkuliner.com/tag/bisnis-model-canvas/,
downloaded,tag/bisnis-warteg-bahari/index.html,https://joinkuliner.com/tag/bisnis-warteg-bahari/,20251009054054,text/html,86188,6b79780b37046a98b2330e8c183ef342dbef92aaab8657643ef48eb324f8a641,https://web.archive.org/web/20251009054054id_/https://joinkuliner.com/tag/bisnis-warteg-bahari/,
downloaded,tag/bluder-cokro/index.html,https://joinkuliner.com/tag/bluder-cokro/,20250804152310,text/html,86088,3c4d04479cf1d5215cb0223a21816fcb442ce457aa04172fa0b5cb052dcff441,https://web.archive.org/web/20250804152310id_/https://joinkuliner.com/tag/bluder-cokro/,
downloaded,tag/cara-membuat-sambal-terasi-sederhana/index.html,https://joinkuliner.com/tag/cara-membuat-sambal-terasi-sederhana/,20250806140936,text/html,86402,5572ac4ebb8b02fc8a8cd731b077041daf7cf7efff04a920f2b5f4f25913981b,https://web.archive.org/web/20250806140936id_/https://joinkuliner.com/tag/cara-membuat-sambal-terasi-sederhana/,
downloaded,tag/cara-menghitung-hpp-makanan/index.html,https://joinkuliner.com/tag/cara-menghitung-hpp-makanan/,20250804155047,text/html,88688,7a24f66760978514390b6efc61730649997a855dab49602b2a3fc7da13b6ba75,https://web.archive.org/web/20250804155047id_/https://joinkuliner.com/tag/cara-menghitung-hpp-makanan/,
downloaded,tag/chicken-katsu-crispy/index.html,https://joinkuliner.com/tag/chicken-katsu-crispy/,20250806151844,text/html,88438,5353de2741f19fde37c249f039182a68bf864c80c404f361946f871d54df79b6,https://web.archive.org/web/20250806151844id_/https://joinkuliner.com/tag/chicken-katsu-crispy/,
downloaded,tag/faktor-faktor-yang-mempengaruhi-usaha-kuliner/index.html,https://joinkuliner.com/tag/faktor-faktor-yang-mempengaruhi-usaha-kuliner/,20250804162610,text/html,89552,6e73c336a1288f59222e57711379b0dec99b26eb226e326962431ffac1604731,https://web.archive.org/web/20250804162610id_/https://joinkuliner.com/tag/faktor-faktor-yang-mempengaruhi-usaha-kuliner/,
downloaded,tag/faktor-keberhasilan-usaha-kuliner/index.html,https://joinkuliner.com/tag/faktor-keberhasilan-usaha-kuliner/,20250906232700,text/html,89348,ca8a17e10f7784939b0fd7052838f16175e9836f5c2611ffe6d05be7d3eb012d,https://web.archive.org/web/20250906232700id_/https://joinkuliner.com/tag/faktor-keberhasilan-usaha-kuliner/,
downloaded,tag/featured/index.html,https://joinkuliner.com/tag/featured/,20250804152150,text/html,100306,835f4b67bd18fa4a07f1926cfebe64584e4c099219f81a4197db7ecbd652e9d3,https://web.archive.org/web/20250804152150id_/https://joinkuliner.com/tag/featured/,
downloaded,tag/featured/page/2/index.html,https://joinkuliner.com/tag/featured/page/2/,20250906231234,text/html,99873,d9ed26b62eef2eee15ce3799168cec7844fa64e7c473a8a1436b18628ccfee4b,https://web.archive.org/web/20250906231234id_/https://joinkuliner.com/tag/featured/page/2/,
downloaded,tag/featured/page/3/index.html,https://joinkuliner.com/tag/featured/page/3/,20250906230203,text/html,99358,f9fe9399e8c37fb1a2607d30610e4b73c90a7ff89cd61f38b175a78b40aaf6b3,https://web.archive.org/web/20250906230203id_/https://joinkuliner.com/tag/featured/page/3/,
downloaded,tag/featured/page/4/index.html,https://joinkuliner.com/tag/featured/page/4/,20250906224300,text/html,99958,a5de1b47e414e28c680904f53fcfcf1bfdda9d83d3f5721d0bb853e1707d19ad,https://web.archive.org/web/20250906224300id_/https://joinkuliner.com/tag/featured/page/4/,
downloaded,tag/featured/page/5/index.html,https://joinkuliner.com/tag/featured/page/5/,20250906223418,text/html,99412,fc43a7eb2295a919c82eaed1fc4c746361f1013d6de69b4c243619cb378ba010,https://web.archive.org/web/20250906223418id_/https://joinkuliner.com/tag/featured/page/5/,
downloaded,tag/featured/page/6/index.html,https://joinkuliner.com/tag/featured/page/6/,20250906222048,text/html,102643,a635b65f9bf80590fc9933403a1935834776865d6d49af3ee128c1ca44867928,https://web.archive.org/web/20250906222048id_/https://joinkuliner.com/tag/featured/page/6/,
downloaded,tag/featured/page/7/index.html,https://joinkuliner.com/tag/featured/page/7/,20250906221019,text/html,101176,172ab0e3ba2cd1411b736b807503994205eb02a9f30f9bd170aea9d307fbe677,https://web.archive.org/web/20250906221019id_/https://joinkuliner.com/tag/featured/page/7/,
downloaded,tag/featured/page/8/index.html,https://joinkuliner.com/tag/featured/page/8/,20250906235145,text/html,94791,314914c15046ae4275ceafdf47a6930adba9877bc646ac6276a50913c79198fe,https://web.archive.org/web/20250906235145id_/https://joinkuliner.com/tag/featured/page/8/,
downloaded,tag/food-preparation-untuk-pemula/index.html,https://joinkuliner.com/tag/food-preparation-untuk-pemula/,20250804153452,text/html,92422,9dec69e1baf363ef16da1a459f86093b61264178f7fb4ce96e94b29ffcaedd4a,https://web.archive.org/web/20250804153452id_/https://joinkuliner.com/tag/food-preparation-untuk-pemula/,
downloaded,tag/franchise-burger-blenger/index.html,https://joinkuliner.com/tag/franchise-burger-blenger/,20250806144734,text/html,86256,eeac3e88f37b6e91c7dbfdb60481948ac09615aadbb14cd3bfe1972f9d394c07,https://web.archive.org/web/20250806144734id_/https://joinkuliner.com/tag/franchise-burger-blenger/,
downloaded,tag/franchise-cincau-station/index.html,https://joinkuliner.com/tag/franchise-cincau-station/,20250806144526,text/html,86239,0137ee066293b0c8d1bc740147399f5b01bda12b5f4cf065a9dbadf5526aefc9,https://web.archive.org/web/20250806144526id_/https://joinkuliner.com/tag/franchise-cincau-station/,
downloaded,tag/franchise-es-potong-espessia/index.html,https://joinkuliner.com/tag/franchise-es-potong-espessia/,20250906224435,text/html,88791,bfa5fd87669dca29ad52102204686d976caf2bb51d01bfe7a70016b310314c8e,https://web.archive.org/web/20250906224435id_/https://joinkuliner.com/tag/franchise-es-potong-espessia/,
downloaded,tag/franchise-es-teh-ginastel/index.html,https://joinkuliner.com/tag/franchise-es-teh-ginastel/,20250804161747,text/html,88795,8f68610597b95e91984efedfd4914c3e082346d7e8e0e93485a424bf13fb614c,https://web.archive.org/web/20250804161747id_/https://joinkuliner.com/tag/franchise-es-teh-ginastel/,
downloaded,tag/franchise-kekinian/index.html,https://joinkuliner.com/tag/franchise-kekinian/,20250806154457,text/html,89417,e399b6aec18f671baa66a43b8c86ccbbaf15dcde83a4f9d76b4398ea54472dd1,https://web.archive.org/web/20250806154457id_/https://joinkuliner.com/tag/franchise-kekinian/,
downloaded,tag/franchise-makanan-korea/index.html,https://joinkuliner.com/tag/franchise-makanan-korea/,20250804160112,text/html,88780,03f77985a9f0a4dca0bd1836a44d93d7265abfc876545032b35afd7048c323bd,https://web.archive.org/web/20250804160112id_/https://joinkuliner.com/tag/franchise-makanan-korea/,
downloaded,tag/franchise-makanan-terlaris/index.html,https://joinkuliner.com/tag/franchise-makanan-terlaris/,20250804162245,text/html,86301,cbe3482b844d2f4f357ceadf50542e662b1f59a6c4bea9bfdfae10f22a47c428,https://web.archive.org/web/20250804162245id_/https://joinkuliner.com/tag/franchise-makanan-terlaris/,
downloaded,tag/franchise-minuman-kekinian/index.html,https://joinkuliner.com/tag/franchise-minuman-kekinian/,20250804162216,text/html,86311,5674965609b4abc5dc6b7e23c13ccbcec484b2948537fd9cf9e14ab422dedd1c,https://web.archive.org/web/20250804162216id_/https://joinkuliner.com/tag/franchise-minuman-kekinian/,
downloaded,tag/franchise-starbuck/index.html,https://joinkuliner.com/tag/franchise-starbuck/,20250804154459,text/html,86141,cbc3913d706c8a1bde044f38382d626d0f00ee3cd4483772c677a6315fbfc95a,https://web.archive.org/web/20250804154459id_/https://joinkuliner.com/tag/franchise-starbuck/,
downloaded,tag/franchise-takoyaki/index.html,https://joinkuliner.com/tag/franchise-takoyaki/,20250906233857,text/html,88210,6d60deba4e036b45462bb53d1879f7ccd22f5ef7554a6bf1deadb210b77431e7,https://web.archive.org/web/20250906233857id_/https://joinkuliner.com/tag/franchise-takoyaki/,
downloaded,tag/franchise-teh-poci/index.html,https://joinkuliner.com/tag/franchise-teh-poci/,20250806150420,text/html,86181,198d09e44792ebe8459e715c72c9aea4ab402f4a782d04e9602b5364f458532d,https://web.archive.org/web/20250806150420id_/https://joinkuliner.com/tag/franchise-teh-poci/,
downloaded,tag/franchise-terbaik/index.html,https://joinkuliner.com/tag/franchise-terbaik/,20250804164911,text/html,88895,4c1b7ed0d19542970e1d04ff6da196a8bfc18fcd23567d6d45bea1dbd5fb7755,https://web.archive.org/web/20250804164911id_/https://joinkuliner.com/tag/franchise-terbaik/,
downloaded,tag/franchise-toko-buah/index.html,https://joinkuliner.com/tag/franchise-toko-buah/,20251009040545,text/html,88767,4f7ddf664b6e81dedfd40daf213f5a093133fd54cc6889cda21ae72d9d63d756,https://web.archive.org/web/20251009040545id_/https://joinkuliner.com/tag/franchise-toko-buah/,
downloaded,tag/franchise-toko-roti/index.html,https://joinkuliner.com/tag/franchise-toko-roti/,20250806155134,text/html,88442,c841725125e3e4cb2a84287101faad3a788e0b8f7436c830592084448d541d2b,https://web.archive.org/web/20250806155134id_/https://joinkuliner.com/tag/franchise-toko-roti/,
downloaded,tag/franchise-warteg-jaya-bahari/index.html,https://joinkuliner.com/tag/franchise-warteg-jaya-bahari/,20250804153647,text/html,88857,349280bc0b29725f2b80e3345a7791786a5f477a2d324c5d3cb7fce907690b96,https://web.archive.org/web/20250804153647id_/https://joinkuliner.com/tag/franchise-warteg-jaya-bahari/,
downloaded,tag/franchise/index.html,https://joinkuliner.com/tag/franchise/,20250806152459,text/html,98806,cb20487de20c79daf885ad4221698c87b48ac87d544a124ba6e71bf24c9168be,https://web.archive.org/web/20250806152459id_/https://joinkuliner.com/tag/franchise/,
downloaded,tag/gohyong-mayestik-viral/index.html,https://joinkuliner.com/tag/gohyong-mayestik-viral/,20250806142451,text/html,91153,85df98cd33e3fb4c80b869aec6757d24c8cfb60172f27c00f9f648857ca4c974,https://web.archive.org/web/20250806142451id_/https://joinkuliner.com/tag/gohyong-mayestik-viral/,
downloaded,tag/gokil-kudus/index.html,https://joinkuliner.com/tag/gokil-kudus/,20250806151738,text/html,91181,4e383653941f2495d55acc314e61d2d91a8e2683a9777bd14d786c9b3f5af366,https://web.archive.org/web/20250806151738id_/https://joinkuliner.com/tag/gokil-kudus/,
downloaded,tag/gokil-restoran/index.html,https://joinkuliner.com/tag/gokil-restoran/,20250806144318,text/html,91232,01ae92d5f4d9f6187b3641d4604fda61c323d9a46e82cc466fdc16f429b06df5,https://web.archive.org/web/20250806144318id_/https://joinkuliner.com/tag/gokil-restoran/,
downloaded,tag/harga-franchise-dcrepes/index.html,https://joinkuliner.com/tag/harga-franchise-dcrepes/,20250804152503,text/html,88758,e7fc7ed6be507d1ccc1dd49254a0d0bc77a69d235d202e9001e82ff7e120c03e,https://web.archive.org/web/20250804152503id_/https://joinkuliner.com/tag/harga-franchise-dcrepes/,
downloaded,tag/harga-franchise-dkriuk/index.html,https://joinkuliner.com/tag/harga-franchise-dkriuk/,20251009052516,text/html,88429,29993a9f14755ec2691638acd0c3cbe120940bf9d8093f5b55687ba6d8a657a4,https://web.archive.org/web/20251009052516id_/https://joinkuliner.com/tag/harga-franchise-dkriuk/,
downloaded,tag/hokben/index.html,https://joinkuliner.com/tag/hokben/,20250806144350,text/html,90459,4d8a1117f5497341e417682873377f8fd2af3f55672f5371d37d089760b8a8c5,https://web.archive.org/web/20250806144350id_/https://joinkuliner.com/tag/hokben/,
downloaded,tag/imlek/index.html,https://joinkuliner.com/tag/imlek/,20250804151329,text/html,85951,ca5724322c2a5632e248f69961e66a2fd49677c674184132ad7665b327ce6f29,https://web.archive.org/web/20250804151329id_/https://joinkuliner.com/tag/imlek/,
downloaded,tag/indofishmart/index.html,https://joinkuliner.com/tag/indofishmart/,20251009042048,text/html,88809,392511d5a2a2ae435486b97db695d8717ff5a4da398719d3361b788746661a7c,https://web.archive.org/web/20251009042048id_/https://joinkuliner.com/tag/indofishmart/,
downloaded,tag/kacang-kacangan/index.html,https://joinkuliner.com/tag/kacang-kacangan/,20250806152353,text/html,91791,d9ab50f6292e219d24fa63d4b5b7fbb7ceb6d91a47b5724e82313383acd8a004,https://web.archive.org/web/20250806152353id_/https://joinkuliner.com/tag/kacang-kacangan/,
downloaded,tag/kemitraan/index.html,https://joinkuliner.com/tag/kemitraan/,20251009051624,text/html,88758,b5a5064efc9513849d3030022300a22612683ccb9dd37d6303b816f7710c41bc,https://web.archive.org/web/20251009051624id_/https://joinkuliner.com/tag/kemitraan/,
downloaded,tag/kesuburan-pria/index.html,https://joinkuliner.com/tag/kesuburan-pria/,20251009052644,text/html,86102,f1b9840d7c4f7b477c4d132e512358c386aa5e476361b5ed88ff163d948fc1fe,https://web.archive.org/web/20251009052644id_/https://joinkuliner.com/tag/kesuburan-pria/,
downloaded,tag/ketupat-sayur-betawi-bang-iis/index.html,https://joinkuliner.com/tag/ketupat-sayur-betawi-bang-iis/,20250906233108,text/html,88511,b884adfb06d5764e94de11843a80b3507ab4bdf982a74f093187bf379822e2be,https://web.archive.org/web/20250906233108id_/https://joinkuliner.com/tag/ketupat-sayur-betawi-bang-iis/,
downloaded,tag/kode-makanan-yang-mengandung-babi/index.html,https://joinkuliner.com/tag/kode-makanan-yang-mengandung-babi/,20250315194801,text/html,88291,db5fbf7d29e33a48827033e0fa5f4d77f7c17ac41b2a7f76ac4e2fe99b919fd1,https://web.archive.org/web/20250315194801id_/https://joinkuliner.com/tag/kode-makanan-yang-mengandung-babi/,
downloaded,tag/konbanwa-ramen-tebet/index.html,https://joinkuliner.com/tag/konbanwa-ramen-tebet/,20250906223700,text/html,88004,67e093a6505db956b7fce1a376ad170db4ef0c6b8b487c4d31b4b1276d3c450c,https://web.archive.org/web/20250906223700id_/https://joinkuliner.com/tag/konbanwa-ramen-tebet/,
downloaded,tag/kuliner-imlek/index.html,https://joinkuliner.com/tag/kuliner-imlek/,20250806151224,text/html,86063,1066b47431e7d71d06b4f2d015ddf8690c12356092040ca0797a990ee66b7e7f,https://web.archive.org/web/20250806151224id_/https://joinkuliner.com/tag/kuliner-imlek/,
downloaded,tag/kuliner-kacang/index.html,https://joinkuliner.com/tag/kuliner-kacang/,20250906234002,text/html,91774,5382daa1cc7eae33e386ea7e09f19ea50b12457fa4ee996e29dbe69b979c5d45,https://web.archive.org/web/20250906234002id_/https://joinkuliner.com/tag/kuliner-kacang/,
downloaded,tag/kuliner-minang/index.html,https://joinkuliner.com/tag/kuliner-minang/,20250806153327,text/html,91978,03968b3bf106478fe303cb6113f462e7d0fb9de0c8a2f12e21d4d1d22e18c3f1,https://web.archive.org/web/20250806153327id_/https://joinkuliner.com/tag/kuliner-minang/,
downloaded,tag/kuliner-padang-panjang/index.html,https://joinkuliner.com/tag/kuliner-padang-panjang/,20250806143312,text/html,92114,0501d3e72cc91dcbd04c78c0c81bbef86693c4a1f6c413c9cf45d8aa73ec79e1,https://web.archive.org/web/20250806143312id_/https://joinkuliner.com/tag/kuliner-padang-panjang/,
downloaded,tag/kuliner-ramadhan/index.html,https://joinkuliner.com/tag/kuliner-ramadhan/,20250906232153,text/html,86141,f9eaabc6f2961596c98da325e2616e0970101671aa9d6f353f3661a788faea6e,https://web.archive.org/web/20250906232153id_/https://joinkuliner.com/tag/kuliner-ramadhan/,
downloaded,tag/kuliner/index.html,https://joinkuliner.com/tag/kuliner/,20250620013309,text/html,98035,7724993551b235a0b1da48a7594b02355587da3a6e470f60e584a9b5fdc2bfdd,https://web.archive.org/web/20250620013309id_/https://joinkuliner.com/tag/kuliner/,
downloaded,tag/makanan-kacang/index.html,https://joinkuliner.com/tag/makanan-kacang/,20250806143819,text/html,91774,5c770bb17296739079748645d553e830348dd13ca323559be1821cdad99b5025,https://web.archive.org/web/20250806143819id_/https://joinkuliner.com/tag/makanan-kacang/,
downloaded,tag/makanan-kesuburan-pria/index.html,https://joinkuliner.com/tag/makanan-kesuburan-pria/,20250806143114,text/html,86214,968574972a749bcf57d558a03f73c037ef94c64b9c5ba36a704081db2b338cf9,https://web.archive.org/web/20250806143114id_/https://joinkuliner.com/tag/makanan-kesuburan-pria/,
downloaded,tag/makanan-sehat/index.html,https://joinkuliner.com/tag/makanan-sehat/,20250806160604,text/html,86163,042ae2192422fcd4816585687beb3f064f60eb629ea9042620fd67a122a25a03,https://web.archive.org/web/20250806160604id_/https://joinkuliner.com/tag/makanan-sehat/,
downloaded,tag/makanan-tradisional/index.html,https://joinkuliner.com/tag/makanan-tradisional/,20250806160631,text/html,86247,69188493daf09c2e8bd65e703cbb857d47e727116214ff859caf1e7475690f0c,https://web.archive.org/web/20250806160631id_/https://joinkuliner.com/tag/makanan-tradisional/,
downloaded,tag/makanan/index.html,https://joinkuliner.com/tag/makanan/,20250719202021,text/html,86079,fb5d0a1801eb76aa6a2839b6226d500916a54b4bb7a51782d227e036dfdf7b8a,https://web.archive.org/web/20250719202021id_/https://joinkuliner.com/tag/makanan/,
downloaded,tag/menu-es-teh-indonesia-best-seller/index.html,https://joinkuliner.com/tag/menu-es-teh-indonesia-best-seller/,20250906231039,text/html,88908,9816d639212d2349d71fa5d3894f3a7c020857a71f9657478d93132a550e111e,https://web.archive.org/web/20250906231039id_/https://joinkuliner.com/tag/menu-es-teh-indonesia-best-seller/,
downloaded,tag/menu-lebaran-idul-fitri/index.html,https://joinkuliner.com/tag/menu-lebaran-idul-fitri/,20250806145129,text/html,91162,b840854d706cd0552a08959ef1ab804430192b8873eb0cfaf119cdf0fa1fa59c,https://web.archive.org/web/20250806145129id_/https://joinkuliner.com/tag/menu-lebaran-idul-fitri/,
downloaded,tag/mie-aceh-jaly-jaly/index.html,https://joinkuliner.com/tag/mie-aceh-jaly-jaly/,20250906222600,text/html,88585,b6a452be0887e0bbbaf44ae6523f7304c8ba2832730a42e1a35de768837f488b,https://web.archive.org/web/20250906222600id_/https://joinkuliner.com/tag/mie-aceh-jaly-jaly/,
downloaded,tag/mie-banglades-vs-mie-gacoan/index.html,https://joinkuliner.com/tag/mie-banglades-vs-mie-gacoan/,20250804150915,text/html,90491,8c93c67995851152370d6df636ee9f3efeda9c61bb00c5895f38c3bcaa693d47,https://web.archive.org/web/20250804150915id_/https://joinkuliner.com/tag/mie-banglades-vs-mie-gacoan/,
downloaded,tag/modal-300-ribu-bisa-usaha-apa/index.html,https://joinkuliner.com/tag/modal-300-ribu-bisa-usaha-apa/,20250906230240,text/html,88886,7f1c724c6f739a5cb435e316f20916ac6f4fa03768b008c5befb955990e20108,https://web.archive.org/web/20250906230240id_/https://joinkuliner.com/tag/modal-300-ribu-bisa-usaha-apa/,
downloaded,tag/modal-usaha-adalah/index.html,https://joinkuliner.com/tag/modal-usaha-adalah/,20250719204219,text/html,88505,3366405238dde284dfc6a9a95e77ba51c8eb2b3afbf4f057c02c8cb37bbc7af9,https://web.archive.org/web/20250719204219id_/https://joinkuliner.com/tag/modal-usaha-adalah/,
downloaded,tag/modal-usaha-kuliner/index.html,https://joinkuliner.com/tag/modal-usaha-kuliner/,20250806152849,text/html,86151,59c3ed406a810ff288ee80bf3b0da825c7ca5301355a9aebbce50b1cb94a81ed,https://web.archive.org/web/20250806152849id_/https://joinkuliner.com/tag/modal-usaha-kuliner/,
downloaded,tag/olahan-tempe-unik/index.html,https://joinkuliner.com/tag/olahan-tempe-unik/,20250806150725,text/html,88301,e7dd3bea32a8febe8bfd479a7af2939dfea27db69707cc3a930ffa00f5580342,https://web.archive.org/web/20250806150725id_/https://joinkuliner.com/tag/olahan-tempe-unik/,
downloaded,tag/pebisnis-kuliner/index.html,https://joinkuliner.com/tag/pebisnis-kuliner/,20250906225843,text/html,86169,15f282309f47609d2468e455696fd83d20fa84ee2d4501f58eb3843902836c2e,https://web.archive.org/web/20250906225843id_/https://joinkuliner.com/tag/pebisnis-kuliner/,
downloaded,tag/peluang-bisnis-kuliner/index.html,https://joinkuliner.com/tag/peluang-bisnis-kuliner/,20250906221840,text/html,88351,96004bbf5110ba97bf152172d88c9232e2424d0cb847943eeea6c30869155bf9,https://web.archive.org/web/20250906221840id_/https://joinkuliner.com/tag/peluang-bisnis-kuliner/,
downloaded,tag/pemilik-franchise/index.html,https://joinkuliner.com/tag/pemilik-franchise/,20250806141201,text/html,92410,317606fffbba95b9332bec54e5caa4108d74de3df68b1e4077fa3263ec1c0aa0,https://web.archive.org/web/20250806141201id_/https://joinkuliner.com/tag/pemilik-franchise/,
downloaded,tag/pengertian-waralaba/index.html,https://joinkuliner.com/tag/pengertian-waralaba/,20250804164126,text/html,91482,59a302677e72bbce793d8f08cad4cbd9ecd9615bf1bf9a91c97e2a5bf1e8a156,https://web.archive.org/web/20250804164126id_/https://joinkuliner.com/tag/pengertian-waralaba/,
downloaded,tag/pengusaha-kuliner/index.html,https://joinkuliner.com/tag/pengusaha-kuliner/,20250806155438,text/html,86183,984a43a6d4897728f83f46f01b4ce969086007ae49a9f03f3e55d2d4586b9c64,https://web.archive.org/web/20250806155438id_/https://joinkuliner.com/tag/pengusaha-kuliner/,
downloaded,tag/penyubur-kejantanan-laki-laki/index.html,https://joinkuliner.com/tag/penyubur-kejantanan-laki-laki/,20251009042623,text/html,86312,ad92aa382b05b4dd54cb9dee4ffc628e9d2f624b6fcf2389189765913e14aef8,https://web.archive.org/web/20251009042623id_/https://joinkuliner.com/tag/penyubur-kejantanan-laki-laki/,
downloaded,tag/penyubur-kejantanan-pria/index.html,https://joinkuliner.com/tag/penyubur-kejantanan-pria/,20250806141747,text/html,86242,e7bda11a529967cd3279ba6d93acfd8a1d62ada386ac1f561ce442c7689b02a3,https://web.archive.org/web/20250806141747id_/https://joinkuliner.com/tag/penyubur-kejantanan-pria/,
downloaded,tag/rahasia-sukses-franchise-starbuck/index.html,https://joinkuliner.com/tag/rahasia-sukses-franchise-starbuck/,20250906234420,text/html,86351,f700c12ef1a6296b93fe711fde7cf88003ff300f981050437054c53baa615bd7,https://web.archive.org/web/20250906234420id_/https://joinkuliner.com/tag/rahasia-sukses-franchise-starbuck/,
downloaded,tag/rendang/index.html,https://joinkuliner.com/tag/rendang/,20250719213144,text/html,91859,52abc57d32da6fdc31584fc7a5a20cb01d1f4544109813ff766d9f8da82dc302,https://web.archive.org/web/20250719213144id_/https://joinkuliner.com/tag/rendang/,
downloaded,tag/resep-laksa-oncom/index.html,https://joinkuliner.com/tag/resep-laksa-oncom/,20250804152425,text/html,88329,04d96112acdbed8b628d4e6ba79f8b5e6c479c0981c60680a0770e4febddebb7,https://web.archive.org/web/20250804152425id_/https://joinkuliner.com/tag/resep-laksa-oncom/,
downloaded,tag/resep-makaroni-keju-tanpa-oven/index.html,https://joinkuliner.com/tag/resep-makaroni-keju-tanpa-oven/,20250804153042,text/html,88468,41db3b23ae70a4a6e69db8307b2252c6a46cdd7d622288acbbd8d137054cae36,https://web.archive.org/web/20250804153042id_/https://joinkuliner.com/tag/resep-makaroni-keju-tanpa-oven/,
downloaded,tag/resep-tongseng-sapi/index.html,https://joinkuliner.com/tag/resep-tongseng-sapi/,20250906232804,text/html,88578,ed91807c89f7d49292fe35bed03e9af694734c67237f6c3f472fea05632ca4c9,https://web.archive.org/web/20250906232804id_/https://joinkuliner.com/tag/resep-tongseng-sapi/,
downloaded,tag/restoran-gokil/index.html,https://joinkuliner.com/tag/restoran-gokil/,20250806145602,text/html,91232,a93cd98eae1c0010f965a83aad036cb7fb15d93bed60b3fb128b11e8c8ec44ce,https://web.archive.org/web/20250806145602id_/https://joinkuliner.com/tag/restoran-gokil/,
downloaded,tag/restoran/index.html,https://joinkuliner.com/tag/restoran/,20250804160822,text/html,98052,1d055ef772975ce3ca5ea9cc16cfbe3ffdfdc5e763d6132b4f4d67489cee3f71,https://web.archive.org/web/20250804160822id_/https://joinkuliner.com/tag/restoran/,
downloaded,tag/rocket-chicken/index.html,https://joinkuliner.com/tag/rocket-chicken/,20250806154010,text/html,92359,bf46eca5351fa6bbbedec941c8c24e640d3670ecdf05cff51c334c0576f3a372,https://web.archive.org/web/20250806154010id_/https://joinkuliner.com/tag/rocket-chicken/,
downloaded,tag/roti-bluder-cokro/index.html,https://joinkuliner.com/tag/roti-bluder-cokro/,20250121124656,text/html,85525,fbb44efd5b0d298f4d494dd32bc524563e083887c6637b978a95526261ae004d,https://web.archive.org/web/20250121124656id_/https://joinkuliner.com/tag/roti-bluder-cokro/,
downloaded,tag/rujak-gerobakan/index.html,https://joinkuliner.com/tag/rujak-gerobakan/,20250906220344,text/html,86110,141e48676924c992bf56c5f0f0ecc894c36d969a18a663546d601dffe53c2a6b,https://web.archive.org/web/20250906220344id_/https://joinkuliner.com/tag/rujak-gerobakan/,
downloaded,tag/rumah-goa/index.html,https://joinkuliner.com/tag/rumah-goa/,20250804150435,text/html,89013,f1dda86980b1b1b13e5cddd03f977ce5aa81f2e59e7fe44241ed2f730525ed56,https://web.archive.org/web/20250804150435id_/https://joinkuliner.com/tag/rumah-goa/,
downloaded,tag/sate-padang/index.html,https://joinkuliner.com/tag/sate-padang/,20250804145709,text/html,91927,35c3c64e138d2cc21dd234cf3d96301d6c84ddc8571ca2d8f7b2d7968480e6fc,https://web.archive.org/web/20250804145709id_/https://joinkuliner.com/tag/sate-padang/,
downloaded,tag/sayur-lalapan/index.html,https://joinkuliner.com/tag/sayur-lalapan/,20250804150255,text/html,88044,cc47d652a632513e587c9ad30ddcff73f8a1af1f2c002c7bbf2758694bd4be7b,https://web.archive.org/web/20250804150255id_/https://joinkuliner.com/tag/sayur-lalapan/,
downloaded,tag/sejarah-hoka-hoka-bento/index.html,https://joinkuliner.com/tag/sejarah-hoka-hoka-bento/,20250806155659,text/html,90748,3c2827a437566c8fc02b9b500ad922a868ed8fb844a282c7bb81209902a29315,https://web.archive.org/web/20250806155659id_/https://joinkuliner.com/tag/sejarah-hoka-hoka-bento/,
downloaded,tag/sejarah-hokben/index.html,https://joinkuliner.com/tag/sejarah-hokben/,20250806153127,text/html,90595,68515e1d087d34420d9b4935eb4967c1dbe953daaa19794b98ff019317c5c7af,https://web.archive.org/web/20250806153127id_/https://joinkuliner.com/tag/sejarah-hokben/,
downloaded,tag/sejarah-kue-pukis/index.html,https://joinkuliner.com/tag/sejarah-kue-pukis/,20251009045527,text/html,86163,2b9501f57c4802cbe48881d4a27a0678782be66b75bce62a692712907a2818d6,https://web.archive.org/web/20251009045527id_/https://joinkuliner.com/tag/sejarah-kue-pukis/,
downloaded,tag/strategi-promosi-bisnis-kuliner/index.html,https://joinkuliner.com/tag/strategi-promosi-bisnis-kuliner/,20250906235346,text/html,86335,8a8513768923221daa759826a0311dea969c13827f9b950adf7a7d153e23da9e,https://web.archive.org/web/20250906235346id_/https://joinkuliner.com/tag/strategi-promosi-bisnis-kuliner/,
downloaded,tag/strategi-promosi-bisnis-makanan/index.html,https://joinkuliner.com/tag/strategi-promosi-bisnis-makanan/,20250719205527,text/html,86344,801d129fb559ecfde8ecad3be8f8d8d0b53f3115efa8d917e7c5964848cd4581,https://web.archive.org/web/20250719205527id_/https://joinkuliner.com/tag/strategi-promosi-bisnis-makanan/,
downloaded,tag/strategi-promosi-kuliner-2/index.html,https://joinkuliner.com/tag/strategi-promosi-kuliner-2/,20250806145931,text/html,86258,13f01abca7224c2345897131f8864a77a278efa281a8fc51eba93e3a838dabd8,https://web.archive.org/web/20250806145931id_/https://joinkuliner.com/tag/strategi-promosi-kuliner-2/,
downloaded,tag/strategi-promosi-usaha-makanan/index.html,https://joinkuliner.com/tag/strategi-promosi-usaha-makanan/,20250806144216,text/html,86330,df4ddb06561445f0c62ce93f651c9c0bc437a55cae73e6f1d632ac89da17c783,https://web.archive.org/web/20250806144216id_/https://joinkuliner.com/tag/strategi-promosi-usaha-makanan/,
downloaded,tag/tahun-baru-cina/index.html,https://joinkuliner.com/tag/tahun-baru-cina/,20250806150051,text/html,86091,791655b19f089655f7246dfcec0c5873f93ff65fd31ca9b191a938ccfe32e72f,https://web.archive.org/web/20250806150051id_/https://joinkuliner.com/tag/tahun-baru-cina/,
downloaded,tag/teh-poci/index.html,https://joinkuliner.com/tag/teh-poci/,20250806151409,text/html,86041,87e280c5eb4020f7c718683f9eb18e7e0dc34803fff26eb2614600c3fe486351,https://web.archive.org/web/20250806151409id_/https://joinkuliner.com/tag/teh-poci/,
downloaded,tag/teh-solo/index.html,https://joinkuliner.com/tag/teh-solo/,20250804153927,text/html,86041,3614f1444543f453bd27536e04d4f5ca220e2c8718ad22246559e22a9098b319,https://web.archive.org/web/20250804153927id_/https://joinkuliner.com/tag/teh-solo/,
downloaded,tag/tempat-makan-favorit/index.html,https://joinkuliner.com/tag/tempat-makan-favorit/,20250806151300,text/html,88528,21765ffb4170440f71ed43c3cd81c5142d32e9b7869abbef282564a1b2942640,https://web.archive.org/web/20250806151300id_/https://joinkuliner.com/tag/tempat-makan-favorit/,
downloaded,tag/tempat-makan/index.html,https://joinkuliner.com/tag/tempat-makan/,20250719201722,text/html,88392,0984b7a3d5a890f6b58074276bbdd5257cd6541b3d560fe28180fe9e5696afa9,https://web.archive.org/web/20250719201722id_/https://joinkuliner.com/tag/tempat-makan/,
downloaded,tag/teras-koering/index.html,https://joinkuliner.com/tag/teras-koering/,20250806150952,text/html,90928,fc1c8ebda273d64fe4aaadafb1912ce4a8083192223840029e884f81be304811,https://web.archive.org/web/20250806150952id_/https://joinkuliner.com/tag/teras-koering/,
downloaded,tag/usaha-kuliner-puasa/index.html,https://joinkuliner.com/tag/usaha-kuliner-puasa/,20250806145058,text/html,86182,460a19aed7ebd833212ef430823e86324e1de164c3331c9c567bd96101b30d1c,https://web.archive.org/web/20250806145058id_/https://joinkuliner.com/tag/usaha-kuliner-puasa/,
downloaded,tag/usaha-makanan/index.html,https://joinkuliner.com/tag/usaha-makanan/,20250315213120,text/html,85469,a3bac599728eac81777a799b8b7926340c89a305ca1d25e9dcbdaeb75c19db77,https://web.archive.org/web/20250315213120id_/https://joinkuliner.com/tag/usaha-makanan/,
downloaded,tag/usaha-warteg-bahari/index.html,https://joinkuliner.com/tag/usaha-warteg-bahari/,20250906231308,text/html,86174,73d1e0e946ba4f58544b181b8115541dad2aaf7e8c2f4f96a1129ac515c9a75a,https://web.archive.org/web/20250906231308id_/https://joinkuliner.com/tag/usaha-warteg-bahari/,
downloaded,tag/usaha/index.html,https://joinkuliner.com/tag/usaha/,20251009052615,text/html,88690,09e6889047f62c238974e664e6dbe24722869d35a21b4094e7090808cf5f0f52,https://web.archive.org/web/20251009052615id_/https://joinkuliner.com/tag/usaha/,
downloaded,tag/variasi-kue-pukis/index.html,https://joinkuliner.com/tag/variasi-kue-pukis/,20250806144144,text/html,86163,2d6258eb12a6628a1aafbc7a1f260a1e385fdcd6e1e08466f720010b70d788d0,https://web.archive.org/web/20250806144144id_/https://joinkuliner.com/tag/variasi-kue-pukis/,
downloaded,tag/waralaba-cincau-station/index.html,https://joinkuliner.com/tag/waralaba-cincau-station/,20250806142538,text/html,86225,d1955d64671eb8ce99363bad5b147f9e6fbbabe5e25769aa4fee1dce1914b5aa,https://web.archive.org/web/20250806142538id_/https://joinkuliner.com/tag/waralaba-cincau-station/,
downloaded,tag/waralaba-luar-negeri-terkenal/index.html,https://joinkuliner.com/tag/waralaba-luar-negeri-terkenal/,20250806142241,text/html,89010,b277ec63575cebd469adae8bce4f645f80b915d4b6337469a82128f0ca0c60b8,https://web.archive.org/web/20250806142241id_/https://joinkuliner.com/tag/waralaba-luar-negeri-terkenal/,
downloaded,tag/warteg-kharisma-bahari/index.html,https://joinkuliner.com/tag/warteg-kharisma-bahari/,20250804161612,text/html,91842,044fdfe7657454f247cc920909e384062aa42faf6d0ff250614708700bd1ca09,https://web.archive.org/web/20250804161612id_/https://joinkuliner.com/tag/warteg-kharisma-bahari/,
downloaded,tag/warteg-putra-bahari/index.html,https://joinkuliner.com/tag/warteg-putra-bahari/,20250906234942,text/html,86192,a69df5d358bef8dce8ea1e199002c43f5f3603668cef4feaa2acf823f5d45607,https://web.archive.org/web/20250906234942id_/https://joinkuliner.com/tag/warteg-putra-bahari/,
downloaded,tag/wirausaha-kuliner/index.html,https://joinkuliner.com/tag/wirausaha-kuliner/,20250719202626,text/html,90030,7cef8c842c6690fb9d79b70ca51997a4afbf647771b68b8842386abb9b5d0014,https://web.archive.org/web/20250719202626id_/https://joinkuliner.com/tag/wirausaha-kuliner/,
downloaded,tips-mendirikan-usaha-kuliner-panduan-lengkap-untuk-sukses-di-dunia-kuliner.bin,https://joinkuliner.com/tips-mendirikan-usaha-kuliner-panduan-lengkap-untuk-sukses-di-dunia-kuliner/,20240525085402,unk,1565,ea86be2cb9dd6c5020bf545a224390b941cea8f6b76357d9541e9e30dbb18a9d,https://web.archive.org/web/20240525085402id_/https://joinkuliner.com/tips-mendirikan-usaha-kuliner-panduan-lengkap-untuk-sukses-di-dunia-kuliner/,
downloaded,tips/10-alasan-mengapa-anda-harus-membuka-usaha-kuliner/index.html,https://joinkuliner.com/tips/10-alasan-mengapa-anda-harus-membuka-usaha-kuliner/,20250806145026,text/html,185738,639a561b6ac5a8cc0000d93facbf4caa2caef4aad79b819b812687b35431fce4,https://web.archive.org/web/20250806145026id_/https://joinkuliner.com/tips/10-alasan-mengapa-anda-harus-membuka-usaha-kuliner/,
downloaded,tips/10-rekomendasi-makanan-penyubur-kejantanan-pria/index.html,https://joinkuliner.com/tips/10-rekomendasi-makanan-penyubur-kejantanan-pria/,20250620015051,text/html,176415,f0aecf9f5d4bde0ae7626de0a2ac0a746938ebcba98b3679e6683a5513ee1502,https://web.archive.org/web/20250620015051id_/https://joinkuliner.com/tips/10-rekomendasi-makanan-penyubur-kejantanan-pria/,
downloaded,tips/15-rekomendasi-menu-masakan-sehari-hari-agar-suami-tidak-bosan-makan-di-rumah/index.html,https://joinkuliner.com/tips/15-rekomendasi-menu-masakan-sehari-hari-agar-suami-tidak-bosan-makan-di-rumah/,20250906235116,text/html,175878,dfa22274d537c141bc90b2908096b243d44ce57facc555b5420d44c72987b2d7,https://web.archive.org/web/20250906235116id_/https://joinkuliner.com/tips/15-rekomendasi-menu-masakan-sehari-hari-agar-suami-tidak-bosan-makan-di-rumah/,
downloaded,tips/5-tips-cara-membuat-chicken-katsu-crispy-yang-lezat/index.html,https://joinkuliner.com/tips/5-tips-cara-membuat-chicken-katsu-crispy-yang-lezat/,20250806142630,text/html,173738,81f9c2e12733dbceac328497cf74b6eb5d6f158c7e5e3d887b205054e05bce3d,https://web.archive.org/web/20250806142630id_/https://joinkuliner.com/tips/5-tips-cara-membuat-chicken-katsu-crispy-yang-lezat/,
downloaded,tips/5-tips-memilih-pinjaman-modal-usaha-kuliner/index.html,https://joinkuliner.com/tips/5-tips-memilih-pinjaman-modal-usaha-kuliner/,20250804164521,text/html,173225,824cae205a095f187d24f7ff0a858f367bff9af44a179805c41a14fc0cc930a3,https://web.archive.org/web/20250804164521id_/https://joinkuliner.com/tips/5-tips-memilih-pinjaman-modal-usaha-kuliner/,
downloaded,tips/cara-membuat-sambal-terasi-sederhana-resep-rumahan/index.html,https://joinkuliner.com/tips/cara-membuat-sambal-terasi-sederhana-resep-rumahan/,20250719215738,text/html,175189,73806c7c91a6d766b3665b928c4bffe803b010e4a5695b6e02cc0e85f46f6e63,https://web.archive.org/web/20250719215738id_/https://joinkuliner.com/tips/cara-membuat-sambal-terasi-sederhana-resep-rumahan/,
downloaded,tips/faktor-faktor-keberhasilan-dan-kegagalan-wirausaha-kuliner/index.html,https://joinkuliner.com/tips/faktor-faktor-keberhasilan-dan-kegagalan-wirausaha-kuliner/,20250719215446,text/html,181513,72c3f80111fe8983ec786ae7f594ba760d5cd060d613724ecbf2473c9993afc0,https://web.archive.org/web/20250719215446id_/https://joinkuliner.com/tips/faktor-faktor-keberhasilan-dan-kegagalan-wirausaha-kuliner/,
downloaded,tips/franchise-burger-blenger-harga-bahan-syarat-yang-di-butuhkan/index.html,https://joinkuliner.com/tips/franchise-burger-blenger-harga-bahan-syarat-yang-di-butuhkan/,20250906230052,text/html,178637,4fa0bf4d4c49c52747c6aa02f7d81604c5db563ef8c4e0052186d0e3c3b50852,https://web.archive.org/web/20250906230052id_/https://joinkuliner.com/tips/franchise-burger-blenger-harga-bahan-syarat-yang-di-butuhkan/,
downloaded,tips/franchise-makanan-terlaris-di-indonesia-pada-tahun-2024/index.html,https://joinkuliner.com/tips/franchise-makanan-terlaris-di-indonesia-pada-tahun-2024/,20250906232835,text/html,154703,44a15d1059f03acb5531052a1812f6f0a4eb08890d5f70f917c63651cd152776,https://web.archive.org/web/20250906232835id_/https://joinkuliner.com/tips/franchise-makanan-terlaris-di-indonesia-pada-tahun-2024/,
downloaded,tips/harga-beras-mahal-anda-bisa-beralih-ke-makanan-pokok-ini-sekarang/index.html,https://joinkuliner.com/tips/harga-beras-mahal-anda-bisa-beralih-ke-makanan-pokok-ini-sekarang/,20240226043219,text/html,90523,c16f68b21e4f3ab9b920f5b29ed79ba33d418e0b6be9ba43a9f210b4688e58b2,https://web.archive.org/web/20240226043219id_/https://joinkuliner.com/tips/harga-beras-mahal-anda-bisa-beralih-ke-makanan-pokok-ini-sekarang/,
downloaded,tips/makanan-fungsional-contoh-dan-efek-positifnya-terhadap-tubuh/index.html,https://joinkuliner.com/tips/makanan-fungsional-contoh-dan-efek-positifnya-terhadap-tubuh/,20250806143152,text/html,151023,cbbfe6f0bd1a30632a06ae4eab3d0d4ff0abf37e19ca94ab8bc7b1ec2854d318,https://web.archive.org/web/20250806143152id_/https://joinkuliner.com/tips/makanan-fungsional-contoh-dan-efek-positifnya-terhadap-tubuh/,
downloaded,tips/makanan-sehari-hari-membonsankan-hidup-sehat-dimulai-dari-dapur-anda/index.html,https://joinkuliner.com/tips/makanan-sehari-hari-membonsankan-hidup-sehat-dimulai-dari-dapur-anda/,20250804155259,text/html,171826,6d95aaaec38ae0129021264082366bdb6b9ed939b69dd316e2a708c3f77dcc72,https://web.archive.org/web/20250804155259id_/https://joinkuliner.com/tips/makanan-sehari-hari-membonsankan-hidup-sehat-dimulai-dari-dapur-anda/,
downloaded,tips/maknan-dan-gizi-seimbang-untuk-tumbuh-kembang-anak-sangat-penting-ini-penjelasannya/index.html,https://joinkuliner.com/tips/maknan-dan-gizi-seimbang-untuk-tumbuh-kembang-anak-sangat-penting-ini-penjelasannya/,20250806152952,text/html,161514,178321a1aa3e4a5c7fd71a2060d16d5604234dc80f8db0078517139b6e1f6886,https://web.archive.org/web/20250806152952id_/https://joinkuliner.com/tips/maknan-dan-gizi-seimbang-untuk-tumbuh-kembang-anak-sangat-penting-ini-penjelasannya/,
downloaded,tips/membangun-bisnis-franchise-rocket-chicken-panduan-lengkap/index.html,https://joinkuliner.com/tips/membangun-bisnis-franchise-rocket-chicken-panduan-lengkap/,20251009035222,text/html,159969,35c7f4c9f2e8142cb1cd64f7b401a7759d048062776ab425724ef4a44536c716,https://web.archive.org/web/20251009035222id_/https://joinkuliner.com/tips/membangun-bisnis-franchise-rocket-chicken-panduan-lengkap/,
downloaded,tips/membangun-kemitraan-janji-jiwa-strategi-dan-manfaatnya/index.html,https://joinkuliner.com/tips/membangun-kemitraan-janji-jiwa-strategi-dan-manfaatnya/,20251009054156,text/html,177231,256e042b60325545955bb42c0204c947cb07b14ea9f696c220be1b850f537447,https://web.archive.org/web/20251009054156id_/https://joinkuliner.com/tips/membangun-kemitraan-janji-jiwa-strategi-dan-manfaatnya/,
downloaded,tips/mendalam-ke-dunia-kopi-mengulas-8-franchise-kopi-terbesar-di-indonesia/index.html,https://joinkuliner.com/tips/mendalam-ke-dunia-kopi-mengulas-8-franchise-kopi-terbesar-di-indonesia/,20250210160604,text/html,12250,693cb5593c569d76f4168b42dee05505ec95453968f0a473d7893feede6e94e7,https://web.archive.org/web/20250210160604id_/https://joinkuliner.com/tips/mendalam-ke-dunia-kopi-mengulas-8-franchise-kopi-terbesar-di-indonesia/,
downloaded,tips/mengadopsi-gaya-hidup-hemat-dengan-frugaliving-makanan/index.html,https://joinkuliner.com/tips/mengadopsi-gaya-hidup-hemat-dengan-frugaliving-makanan/,20250806153918,text/html,173259,a525e5d1d6f457587c362456a293277b81330fc73da297e85d8823f8c1ea1548,https://web.archive.org/web/20250806153918id_/https://joinkuliner.com/tips/mengadopsi-gaya-hidup-hemat-dengan-frugaliving-makanan/,
downloaded,tips/menggali-potensi-kesuksesan-bisnis-franchise-coffee-shop/index.html,https://joinkuliner.com/tips/menggali-potensi-kesuksesan-bisnis-franchise-coffee-shop/,20250804161718,text/html,177043,2b838c070168af3ffb660e9051bff9b20b945af07b4250b99b143d299cabde95,https://web.archive.org/web/20250804161718id_/https://joinkuliner.com/tips/menggali-potensi-kesuksesan-bisnis-franchise-coffee-shop/,
downloaded,tips/menghadirkan-kelezatan-rumah-resep-nasi-goreng-spesial-ala-restoran-ternama/index.html,https://joinkuliner.com/tips/menghadirkan-kelezatan-rumah-resep-nasi-goreng-spesial-ala-restoran-ternama/,20250906231824,text/html,161976,b4154ec618c8af24d6a5b1f29a04fc79d9cfbb26b8beed31877e7231ff6cd586,https://web.archive.org/web/20250906231824id_/https://joinkuliner.com/tips/menghadirkan-kelezatan-rumah-resep-nasi-goreng-spesial-ala-restoran-ternama/,
downloaded,tips/panduan-lengkap-cara-memulai-bisnis-kuliner-yang-sukses/index.html,https://joinkuliner.com/tips/panduan-lengkap-cara-memulai-bisnis-kuliner-yang-sukses/,20250719212342,text/html,180418,9cd5f2d280298cbc5d21ecdb42d5b439893e0052fc376f3931594051a949ee39,https://web.archive.org/web/20250719212342id_/https://joinkuliner.com/tips/panduan-lengkap-cara-memulai-bisnis-kuliner-yang-sukses/,
downloaded,tips/panduan-menjadi-anggota-kpps-yang-produktif-agar-kuat-kerja-33-jam-salah-satunya-makan-yang-teratur/index.html,https://joinkuliner.com/tips/panduan-menjadi-anggota-kpps-yang-produktif-agar-kuat-kerja-33-jam-salah-satunya-makan-yang-teratur/,20251009045032,text/html,178900,599dcb4f0b985c0a85077ef703e8a518833bba04ea07f55c49ed4d72cb0d42fe,https://web.archive.org/web/20251009045032id_/https://joinkuliner.com/tips/panduan-menjadi-anggota-kpps-yang-produktif-agar-kuat-kerja-33-jam-salah-satunya-makan-yang-teratur/,
downloaded,tips/peluang-bisnis-franchise-makanan-sukses-di-dunia-kuliner/index.html,https://joinkuliner.com/tips/peluang-bisnis-franchise-makanan-sukses-di-dunia-kuliner/,20250906235547,text/html,178079,7c543f680ae09e71f340001d6c0e8090e68e4c93763479db4213cc76d5101ee4,https://web.archive.org/web/20250906235547id_/https://joinkuliner.com/tips/peluang-bisnis-franchise-makanan-sukses-di-dunia-kuliner/,
downloaded,tips/penerapan-bisnis-model-canvas-untuk-usaha-makanan/index.html,https://joinkuliner.com/tips/penerapan-bisnis-model-canvas-untuk-usaha-makanan/,20250806142358,text/html,175389,08fab0a17285b733ac7abbeb91ca66bda4690ade4c99d51e696ee2b6d0a2abef,https://web.archive.org/web/20250806142358id_/https://joinkuliner.com/tips/penerapan-bisnis-model-canvas-untuk-usaha-makanan/,
downloaded,tips/resep-laksa-oncom-yang-memikat-selera/index.html,https://joinkuliner.com/tips/resep-laksa-oncom-yang-memikat-selera/,20251009054329,text/html,175404,d7c98eaf42b41694140e578ccfb47fd7c0872a024933d9d998b4067c054de166,https://web.archive.org/web/20251009054329id_/https://joinkuliner.com/tips/resep-laksa-oncom-yang-memikat-selera/,
downloaded,tips/resep-makaroni-keju-sederhana-tanpa-menggunakan-oven/index.html,https://joinkuliner.com/tips/resep-makaroni-keju-sederhana-tanpa-menggunakan-oven/,20250804165638,text/html,176385,daa42c0c6218900db32f223f94490df4c307f0f4d693f01fbf65122b6a6875a8,https://web.archive.org/web/20250804165638id_/https://joinkuliner.com/tips/resep-makaroni-keju-sederhana-tanpa-menggunakan-oven/,
downloaded,tips/seberapa-pentingkah-food-preparation-untuk-pemula/index.html,https://joinkuliner.com/tips/seberapa-pentingkah-food-preparation-untuk-pemula/,20250906231901,text/html,176017,1d3808034cddbd25b4655f2c7e036d60d8f633fa6aa877737e752996adc2e139,https://web.archive.org/web/20250906231901id_/https://joinkuliner.com/tips/seberapa-pentingkah-food-preparation-untuk-pemula/,
downloaded,tips/strategi-promosi-kuliner-panduan-bagi-pebisnis-pemula-part-1/index.html,https://joinkuliner.com/tips/strategi-promosi-kuliner-panduan-bagi-pebisnis-pemula-part-1/,20250806150322,text/html,175990,811a237c1326216afcbfbe76cf0447cf42a6d9309d9f2cb2659c1f17dd136f84,https://web.archive.org/web/20250806150322id_/https://joinkuliner.com/tips/strategi-promosi-kuliner-panduan-bagi-pebisnis-pemula-part-1/,
downloaded,tips/strategi-promosi-kuliner-panduan-bagi-pebisnis-pemula-part-2/index.html,https://joinkuliner.com/tips/strategi-promosi-kuliner-panduan-bagi-pebisnis-pemula-part-2/,20250806144629,text/html,194976,623e53c42ccf65daaa8909cd1be0c3a538b9ec87d90b1c8b0261941b969b32c4,https://web.archive.org/web/20250806144629id_/https://joinkuliner.com/tips/strategi-promosi-kuliner-panduan-bagi-pebisnis-pemula-part-2/,
downloaded,tips/strategi-promosi-kuliner-panduan-bagi-pebisnis-pemula-part-3/index.html,https://joinkuliner.com/tips/strategi-promosi-kuliner-panduan-bagi-pebisnis-pemula-part-3/,20250906223237,text/html,182122,cd557211fdebf5f31c25dff3740d22725273bba48d65c61b454ff1c3119c3feb,https://web.archive.org/web/20250906223237id_/https://joinkuliner.com/tips/strategi-promosi-kuliner-panduan-bagi-pebisnis-pemula-part-3/,
downloaded,tips/strategi-promosi-kuliner-panduan-bagi-pebisnis-pemula-part-4/index.html,https://joinkuliner.com/tips/strategi-promosi-kuliner-panduan-bagi-pebisnis-pemula-part-4/,20250804152111,text/html,179434,c48618dc6a042a6b2209efc8fd7620f039fc03ca867cb74b65f988d15be3b964,https://web.archive.org/web/20250804152111id_/https://joinkuliner.com/tips/strategi-promosi-kuliner-panduan-bagi-pebisnis-pemula-part-4/,
downloaded,tips/sukses-dengan-franchise-kekinian-peluang-bisnis-yang-menjanjikan/index.html,https://joinkuliner.com/tips/sukses-dengan-franchise-kekinian-peluang-bisnis-yang-menjanjikan/,20250906225625,text/html,181108,68f4f18f001188fb119f36a3fcb1215715b242f5e863a8585540f62734b46ac2,https://web.archive.org/web/20250906225625id_/https://joinkuliner.com/tips/sukses-dengan-franchise-kekinian-peluang-bisnis-yang-menjanjikan/,
downloaded,tips/tips-usaha-rujak-gerobakan-agar-cepat-sukses/index.html,https://joinkuliner.com/tips/tips-usaha-rujak-gerobakan-agar-cepat-sukses/,20250906233719,text/html,173057,4ff9adfb470eceb054d2e58ba70bae6202d6ba7b3a99cbc9f70d4d3539163aef,https://web.archive.org/web/20250906233719id_/https://joinkuliner.com/tips/tips-usaha-rujak-gerobakan-agar-cepat-sukses/,
downloaded,travel/budaya-merayakan-tahun-baru-jejak-sejarah-dan-asal-usul-tradisi/index.html,https://joinkuliner.com/travel/budaya-merayakan-tahun-baru-jejak-sejarah-dan-asal-usul-tradisi/,20250906234451,text/html,175611,22d725b29911f838d7876ce44e52175d1d468318c4b02d1f692c150657543264,https://web.archive.org/web/20250906234451id_/https://joinkuliner.com/travel/budaya-merayakan-tahun-baru-jejak-sejarah-dan-asal-usul-tradisi/,
downloaded,travel/mengenang-tahun-lalu-menyambut-yang-baru-cerita-tradisi-dan-harapan-di-tengah-malam-tahun-baru/index.html,https://joinkuliner.com/travel/mengenang-tahun-lalu-menyambut-yang-baru-cerita-tradisi-dan-harapan-di-tengah-malam-tahun-baru/,20250906220741,text/html,181162,09ffbb3f3536eeb47c31ff49a080c6eb3c14a46eac1e08bb530eec51d42d6c24,https://web.archive.org/web/20250906220741id_/https://joinkuliner.com/travel/mengenang-tahun-lalu-menyambut-yang-baru-cerita-tradisi-dan-harapan-di-tengah-malam-tahun-baru/,
downloaded,travel/tempat-tempat-tahun-baruan-seru-destinasi-paling-menggairahkan-untuk-merayakan-awal-tahun-baru/index.html,https://joinkuliner.com/travel/tempat-tempat-tahun-baruan-seru-destinasi-paling-menggairahkan-untuk-merayakan-awal-tahun-baru/,20251009044329,text/html,179178,3a83acbd91eb9e838150ce059ba929b8a6b5305dfb2ce0894c116b010badc639,https://web.archive.org/web/20251009044329id_/https://joinkuliner.com/travel/tempat-tempat-tahun-baruan-seru-destinasi-paling-menggairahkan-untuk-merayakan-awal-tahun-baru/,
quarantined,uncategorized/зеркало-тор-сайт-даркнет-ссылка-kraken/index.html,https://joinkuliner.com/uncategorized/%D0%B7%D0%B5%D1%80%D0%BA%D0%B0%D0%BB%D0%BE-%D1%82%D0%BE%D1%80-%D1%81%D0%B0%D0%B9%D1%82-%D0%B4%D0%B0%D1%80%D0%BA%D0%BD%D0%B5%D1%82-%D1%81%D1%81%D1%8B%D0%BB%D0%BA%D0%B0-kraken/,20250210152948,text/html,12842,2fb0d19829d7d8949b92391e67aedacbf4fea1fbfcc4bea0911674cefa840ba9,https://web.archive.org/web/20250210152948id_/https://joinkuliner.com/uncategorized/%D0%B7%D0%B5%D1%80%D0%BA%D0%B0%D0%BB%D0%BE-%D1%82%D0%BE%D1%80-%D1%81%D0%B0%D0%B9%D1%82-%D0%B4%D0%B0%D1%80%D0%BA%D0%BD%D0%B5%D1%82-%D1%81%D1%81%D1%8B%D0%BB%D0%BA%D0%B0-kraken/,confirmed injected non-owner spam removed during validation
quarantined,uncategorized/ยิงปลา/index.html,https://joinkuliner.com/uncategorized/%E0%B8%A2%E0%B8%B4%E0%B8%87%E0%B8%9B%E0%B8%A5%E0%B8%B2/,20241110190709,text/html,151959,0e7068efc51f978866bbfa08d33f77ad7e0a8379c66f41ca238cc88066337796,https://web.archive.org/web/20241110190709id_/https://joinkuliner.com/uncategorized/%E0%B8%A2%E0%B8%B4%E0%B8%87%E0%B8%9B%E0%B8%A5%E0%B8%B2/,confirmed injected non-owner spam removed during validation
downloaded,uncategorized/5-franchise-makanan-terbesar-di-indonesia/index.html,https://joinkuliner.com/uncategorized/5-franchise-makanan-terbesar-di-indonesia/,20250804151830,text/html,151742,87345d40204230bf6f8bb715abbcf86ddef4ae142bada0038a96ae99e8805e19,https://web.archive.org/web/20250804151830id_/https://joinkuliner.com/uncategorized/5-franchise-makanan-terbesar-di-indonesia/,
downloaded,uncategorized/apakah-franchise-perlu-izin-usaha-mengungkap-kebutuhan-dan-prosedur-pengajuan-izin-untuk-bisnis-waralaba/index.html,https://joinkuliner.com/uncategorized/apakah-franchise-perlu-izin-usaha-mengungkap-kebutuhan-dan-prosedur-pengajuan-izin-untuk-bisnis-waralaba/,20250806141633,text/html,162143,24c86ebfcef684378bd6a26d32e3023e4ebc0889fe5215f3481ca126bccc0a55,https://web.archive.org/web/20250806141633id_/https://joinkuliner.com/uncategorized/apakah-franchise-perlu-izin-usaha-mengungkap-kebutuhan-dan-prosedur-pengajuan-izin-untuk-bisnis-waralaba/,
downloaded,uncategorized/apakah-warteg-termasuk-fast-food-memahami-perbedaan-dan-keunikan-konsep-kuliner-indonesia/index.html,https://joinkuliner.com/uncategorized/apakah-warteg-termasuk-fast-food-memahami-perbedaan-dan-keunikan-konsep-kuliner-indonesia/,20251009045946,text/html,155118,651abbc555461289c0f32c179fb388575867b5e42dfb7424c91a0e5bfb336497,https://web.archive.org/web/20251009045946id_/https://joinkuliner.com/uncategorized/apakah-warteg-termasuk-fast-food-memahami-perbedaan-dan-keunikan-konsep-kuliner-indonesia/,
downloaded,uncategorized/ayam-gulai-resep-dan-cara-pembuatan-yang-lezat/index.html,https://joinkuliner.com/uncategorized/ayam-gulai-resep-dan-cara-pembuatan-yang-lezat/,20250806153825,text/html,148003,21105f1c46d726626441fea220b7f09edd3afa35714bfb51b1a24293fcda8948,https://web.archive.org/web/20250806153825id_/https://joinkuliner.com/uncategorized/ayam-gulai-resep-dan-cara-pembuatan-yang-lezat/,
downloaded,uncategorized/bubble-tea-fenomena-minuman-kontemporer-yang-memikat-selera/index.html,https://joinkuliner.com/uncategorized/bubble-tea-fenomena-minuman-kontemporer-yang-memikat-selera/,20250906223524,text/html,157962,e46aa6266af2f4a2d92ba1495515cfb555c0f0fa4a85aabc596b1b430d62c948,https://web.archive.org/web/20250906223524id_/https://joinkuliner.com/uncategorized/bubble-tea-fenomena-minuman-kontemporer-yang-memikat-selera/,
downloaded,uncategorized/cara-membuat-bisnis-franchise-menjadi-autopilot-mengubah-mimpi-menjadi-kenyataan/index.html,https://joinkuliner.com/uncategorized/cara-membuat-bisnis-franchise-menjadi-autopilot-mengubah-mimpi-menjadi-kenyataan/,20231211143147,text/html,119032,768580065258a347fb5e4962007eb8ff448ced72fa51d7a09d90d98eb8667ea1,https://web.archive.org/web/20231211143147id_/https://joinkuliner.com/uncategorized/cara-membuat-bisnis-franchise-menjadi-autopilot-mengubah-mimpi-menjadi-kenyataan/,
downloaded,uncategorized/franchise-frozen-food-potensi-dan-janji-kesuksesan/index.html,https://joinkuliner.com/uncategorized/franchise-frozen-food-potensi-dan-janji-kesuksesan/,20231211144819,text/html,116799,eaa46a5068f3532f1568becf13e0808a0a4c21c5ce02ff41f56446321edf98ab,https://web.archive.org/web/20231211144819id_/https://joinkuliner.com/uncategorized/franchise-frozen-food-potensi-dan-janji-kesuksesan/,
downloaded,uncategorized/franchise-sistematis-terbaik-di-akhir-2024-mengapa-kemitraan-indofishmart-id-menjadi-pilihan-utama/index.html,https://joinkuliner.com/uncategorized/franchise-sistematis-terbaik-di-akhir-2024-mengapa-kemitraan-indofishmart-id-menjadi-pilihan-utama/,20251009053520,text/html,170792,f98a5191ea37a0833a5ff01fe4c5c1ddd9ff72206ffc7078ba78a8562e58d374,https://web.archive.org/web/20251009053520id_/https://joinkuliner.com/uncategorized/franchise-sistematis-terbaik-di-akhir-2024-mengapa-kemitraan-indofishmart-id-menjadi-pilihan-utama/,
downloaded,uncategorized/kuliner-kacang-kacangan-menggali-kelezatan-dalam-masakan-kesehatan-ini.bin,https://joinkuliner.com/uncategorized/kuliner-kacang-kacangan-menggali-kelezatan-dalam-masakan-kesehatan-ini/,20240525072238,unk,1555,bedd82b9e3963a0d12e88f2db9434188a969bd2f8dbeeb2bb15bd1ec260f6e8f,https://web.archive.org/web/20240525072238id_/https://joinkuliner.com/uncategorized/kuliner-kacang-kacangan-menggali-kelezatan-dalam-masakan-kesehatan-ini/,
downloaded,uncategorized/melahap-kelezatan-indonesia-menu-warteg-yang-wajib-dicicipi-sekali-seumur-hidup/index.html,https://joinkuliner.com/uncategorized/melahap-kelezatan-indonesia-menu-warteg-yang-wajib-dicicipi-sekali-seumur-hidup/,20250620013236,text/html,159248,ef6822123185c2353d6c506500987a4d7313473a2b2c1739dcca6b5932043359,https://web.archive.org/web/20250620013236id_/https://joinkuliner.com/uncategorized/melahap-kelezatan-indonesia-menu-warteg-yang-wajib-dicicipi-sekali-seumur-hidup/,
downloaded,uncategorized/memahami-kode-makanan-yang-mengandung-babi/index.html,https://joinkuliner.com/uncategorized/memahami-kode-makanan-yang-mengandung-babi/,20250719200303,text/html,157782,e958e760e78b612d6e58da7aeccb0c6d67c3b5125def7971ac056a63e3cb4066,https://web.archive.org/web/20250719200303id_/https://joinkuliner.com/uncategorized/memahami-kode-makanan-yang-mengandung-babi/,
downloaded,uncategorized/menelusuri-energi-pekat-fenomena-minuman-berenergi-dan-dampaknya-pada-keseharian/index.html,https://joinkuliner.com/uncategorized/menelusuri-energi-pekat-fenomena-minuman-berenergi-dan-dampaknya-pada-keseharian/,20250804153752,text/html,159750,c1f0d22a7be62f5d60bf62804bc13518fa0d3c197b5619939877a1d08ae396bb,https://web.archive.org/web/20250804153752id_/https://joinkuliner.com/uncategorized/menelusuri-energi-pekat-fenomena-minuman-berenergi-dan-dampaknya-pada-keseharian/,
downloaded,uncategorized/mengungkap-kelezatan-kuliner-jawa-melibatkan-lidah-dalam-sebuah-petualangan-rasa/index.html,https://joinkuliner.com/uncategorized/mengungkap-kelezatan-kuliner-jawa-melibatkan-lidah-dalam-sebuah-petualangan-rasa/,20250804150552,text/html,158691,99343ee9e26a31d45b63ead46ac0a8bf89cf847068ae1b085e418412636723d3,https://web.archive.org/web/20250804150552id_/https://joinkuliner.com/uncategorized/mengungkap-kelezatan-kuliner-jawa-melibatkan-lidah-dalam-sebuah-petualangan-rasa/,
downloaded,uncategorized/menjaga-kesehatan-tubuh-dengan-makanan-sehat-panduan-lengkap/index.html,https://joinkuliner.com/uncategorized/menjaga-kesehatan-tubuh-dengan-makanan-sehat-panduan-lengkap/,20250719215858,text/html,179015,755a14cb036478496f2027ded536a482a48e3ec6085efe30d4a5175a062e7d64,https://web.archive.org/web/20250719215858id_/https://joinkuliner.com/uncategorized/menjaga-kesehatan-tubuh-dengan-makanan-sehat-panduan-lengkap/,
downloaded,uncategorized/menu-makanan-untuk-memeriahkan-natal-anda-kelezatan-tradisional-dan-inovatif-untuk-membuat-pesta-anda-tidak-terlupakan/index.html,https://joinkuliner.com/uncategorized/menu-makanan-untuk-memeriahkan-natal-anda-kelezatan-tradisional-dan-inovatif-untuk-membuat-pesta-anda-tidak-terlupakan/,20250906225755,text/html,157367,a64bbd6bfcd9b774bd4486a9fcc17a5b7d834864d2fc7cb172ca67ef09f51d50,https://web.archive.org/web/20250906225755id_/https://joinkuliner.com/uncategorized/menu-makanan-untuk-memeriahkan-natal-anda-kelezatan-tradisional-dan-inovatif-untuk-membuat-pesta-anda-tidak-terlupakan/,
downloaded,uncategorized/peluang-usaha-kuliner-jelajahi-dunia-bisnis-makanan/index.html,https://joinkuliner.com/uncategorized/peluang-usaha-kuliner-jelajahi-dunia-bisnis-makanan/,20250806155515,text/html,151096,5b125891af22da36e40588c15c858c4e059c76073b21bb509390086146812c6d,https://web.archive.org/web/20250806155515id_/https://joinkuliner.com/uncategorized/peluang-usaha-kuliner-jelajahi-dunia-bisnis-makanan/,
downloaded,uncategorized/pengertian-kemitraan-atau-partnership-dalam-konteks-bisnis/index.html,https://joinkuliner.com/uncategorized/pengertian-kemitraan-atau-partnership-dalam-konteks-bisnis/,20250806151525,text/html,155426,0cabdb428bcb174972b067dd801471614df37a0de37c32529bd7d13e64eb61e4,https://web.archive.org/web/20250806151525id_/https://joinkuliner.com/uncategorized/pengertian-kemitraan-atau-partnership-dalam-konteks-bisnis/,
downloaded,uncategorized/rahasia-kuat-makan-seperti-tan-boy-kun-tips-makan-sehat-dan-gaya-hidup-aktif/index.html,https://joinkuliner.com/uncategorized/rahasia-kuat-makan-seperti-tan-boy-kun-tips-makan-sehat-dan-gaya-hidup-aktif/,20250806144109,text/html,178913,0d9a873cd82fae55c70532e39cdfed00da3acfcc7001ab2d5354f75bd5c21538,https://web.archive.org/web/20250806144109id_/https://joinkuliner.com/uncategorized/rahasia-kuat-makan-seperti-tan-boy-kun-tips-makan-sehat-dan-gaya-hidup-aktif/,
downloaded,uncategorized/strategi-dan-prinsip-pembagian-keuntungan-yang-adil-dalam-bisnis-kemitraan/index.html,https://joinkuliner.com/uncategorized/strategi-dan-prinsip-pembagian-keuntungan-yang-adil-dalam-bisnis-kemitraan/,20250806155743,text/html,156368,e129c225c7df306151d9c075a3ec753535e88117bb6fc8b623180ce066c3b7f4,https://web.archive.org/web/20250806155743id_/https://joinkuliner.com/uncategorized/strategi-dan-prinsip-pembagian-keuntungan-yang-adil-dalam-bisnis-kemitraan/,
downloaded,uncategorized/usaha-frozen-food-strategi-sukses-dan-tantangan-di-era-modern/index.html,https://joinkuliner.com/uncategorized/usaha-frozen-food-strategi-sukses-dan-tantangan-di-era-modern/,20250620005802,text/html,158501,4aa07781d7a2c595c8e5b54986239074972098bd90e6e3f29b7cadffb5fb29e8,https://web.archive.org/web/20250620005802id_/https://joinkuliner.com/uncategorized/usaha-frozen-food-strategi-sukses-dan-tantangan-di-era-modern/,
downloaded,usaha-kuliner/cara-mengembangkan-bisnis-kuliner-makanan-agar-selalu-rame/index.html,https://joinkuliner.com/usaha-kuliner/cara-mengembangkan-bisnis-kuliner-makanan-agar-selalu-rame/,20250806142029,text/html,120557,838684ff162e07b3860833061219809231a8c605a9fad235aef8c214cd1372d8,https://web.archive.org/web/20250806142029id_/https://joinkuliner.com/usaha-kuliner/cara-mengembangkan-bisnis-kuliner-makanan-agar-selalu-rame/,
downloaded,wp-content/cache/min/1/ajax/libs/font-awesome/4.5.0/css/font-awesome.min__q_ad5d08282d.css,https://joinkuliner.com/wp-content/cache/min/1/ajax/libs/font-awesome/4.5.0/css/font-awesome.min.css?ver=1706701912,20240131150445,text/css,27836,bb01ee07c4168b893184540fcdfe5ef5f7e2a9d00cc8486d9474d71a39f41be6,https://web.archive.org/web/20240131150445id_/https://joinkuliner.com/wp-content/cache/min/1/ajax/libs/font-awesome/4.5.0/css/font-awesome.min.css?ver=1706701912,
downloaded,wp-content/cache/min/1/count__q_e070405306.js,https://joinkuliner.com/wp-content/cache/min/1/count.js?ver=1706701995,20240131150138,application/javascript,1513,a7fea6ca0f8a7f1c125310f9bf15f002ff5603a8809cc57221aa44c39b69d0a6,https://web.archive.org/web/20240131150138id_/https://joinkuliner.com/wp-content/cache/min/1/count.js?ver=1706701995,
downloaded,wp-content/cache/min/1/ed0a91fd806ed20b1fdb98c5dd5f1a85.js,https://joinkuliner.com/wp-content/cache/min/1/ed0a91fd806ed20b1fdb98c5dd5f1a85.js,20240131150150,application/javascript,144774,37af8342e8a2a085e78a8e3e4fc2fa1deeeaec19b9da9e42413056e426ae8708,https://web.archive.org/web/20240131150150id_/https://joinkuliner.com/wp-content/cache/min/1/ed0a91fd806ed20b1fdb98c5dd5f1a85.js,
downloaded,wp-content/cache/min/1/wp-content/plugins/sneeit-framework/fonts/font-awesome-5x/css/all.min__q_ad5d08282d.css,https://joinkuliner.com/wp-content/cache/min/1/wp-content/plugins/sneeit-framework/fonts/font-awesome-5x/css/all.min.css?ver=1706701912,20240131150405,text/css,54921,f1a40b2aeae5eac8fec63c39b547b0e74d978c337b49280b39f6e909f430f946,https://web.archive.org/web/20240131150405id_/https://joinkuliner.com/wp-content/cache/min/1/wp-content/plugins/sneeit-framework/fonts/font-awesome-5x/css/all.min.css?ver=1706701912,
downloaded,wp-content/cache/min/1/wp-includes/css/dashicons.min__q_ad5d08282d.css,https://joinkuliner.com/wp-content/cache/min/1/wp-includes/css/dashicons.min.css?ver=1706701912,20240131150133,text/css,59109,8276d99808a3a111dcb2dc61c895388c21341d48be9c3f87d905787a49c2b832,https://web.archive.org/web/20240131150133id_/https://joinkuliner.com/wp-content/cache/min/1/wp-includes/css/dashicons.min.css?ver=1706701912,
downloaded,wp-content/cache/min/1/wp-includes/js/thickbox/thickbox__q_ad5d08282d.css,https://joinkuliner.com/wp-content/cache/min/1/wp-includes/js/thickbox/thickbox.css?ver=1706701912,20240131150617,text/css,2205,caebd1629bed791be02ad5eeea324e86fefd12b736f7f4b428b1f1dc77232dbf,https://web.archive.org/web/20240131150617id_/https://joinkuliner.com/wp-content/cache/min/1/wp-includes/js/thickbox/thickbox.css?ver=1706701912,
downloaded,wp-content/cache/min/1/wp-includes/js/thickbox/thickbox__q_ad5d08282d.js,https://joinkuliner.com/wp-content/cache/min/1/wp-includes/js/thickbox/thickbox.js?ver=1706701912,20240131150153,application/javascript,9754,38616635ddc2f120134719c4131fa62c0eed68c887f3d23b375b2be007df2888,https://web.archive.org/web/20240131150153id_/https://joinkuliner.com/wp-content/cache/min/1/wp-includes/js/thickbox/thickbox.js?ver=1706701912,
downloaded,wp-content/plugins/elementor/assets/css/frontend-lite.min__q_01229d24c0.css,https://joinkuliner.com/wp-content/plugins/elementor/assets/css/frontend-lite.min.css?ver=3.19.2,20240302040815,text/css,118630,3c9ef71cb1059c3b6059b62872bb1cb9eaea460b73ecd5431a8b3fe719a131d7,https://web.archive.org/web/20240302040815id_/https://joinkuliner.com/wp-content/plugins/elementor/assets/css/frontend-lite.min.css?ver=3.19.2,
downloaded,wp-content/plugins/elementor/assets/css/frontend-lite.min__q_1c11837ab9.css,https://joinkuliner.com/wp-content/plugins/elementor/assets/css/frontend-lite.min.css?ver=3.18.1,20231211143236,text/css,117332,751dbe20b3d4e5d1afdbe0a9eb3a93aed6eda03af0a90fd4b7b51cf40e856a5b,https://web.archive.org/web/20231211143236id_/https://joinkuliner.com/wp-content/plugins/elementor/assets/css/frontend-lite.min.css?ver=3.18.1,
downloaded,wp-content/plugins/elementor/assets/css/frontend-lite.min__q_4c4868a89f.css,https://joinkuliner.com/wp-content/plugins/elementor/assets/css/frontend-lite.min.css?ver=3.17.1,20231123193959,text/css,117332,bce03924db334ec1c0000b5eb4a77edca62584ddc8c0dc0e3509066e7cc8ee5d,https://web.archive.org/web/20231123193959id_/https://joinkuliner.com/wp-content/plugins/elementor/assets/css/frontend-lite.min.css?ver=3.17.1,
downloaded,wp-content/plugins/elementor/assets/css/frontend-lite.min__q_6714388ba2.css,https://joinkuliner.com/wp-content/plugins/elementor/assets/css/frontend-lite.min.css?ver=3.23.3,20241204043758,text/css,212120,ac23176b7f4dd09a1c12457fa8fcdf5e46734c8cb7f0c3925f5f3d51544bc0d3,https://web.archive.org/web/20241204043758id_/https://joinkuliner.com/wp-content/plugins/elementor/assets/css/frontend-lite.min.css?ver=3.23.3,
downloaded,wp-content/plugins/elementor/assets/css/frontend.min.css,https://joinkuliner.com/wp-content/plugins/elementor/assets/css/frontend.min.css,20250609110755,text/css,53358,5271312dc4effacd655d0b5ef75554749698885a487bf4612b64cd9e9505b54b,https://web.archive.org/web/20250609110755id_/https://joinkuliner.com/wp-content/plugins/elementor/assets/css/frontend.min.css,
downloaded,wp-content/plugins/elementor/assets/css/widget-heading.min.css,https://joinkuliner.com/wp-content/plugins/elementor/assets/css/widget-heading.min.css,20250609032849,text/css,600,7b34f1c226a162148905e9269385e05387570331bcdd4d65d4a7df5c731ecb5d,https://web.archive.org/web/20250609032849id_/https://joinkuliner.com/wp-content/plugins/elementor/assets/css/widget-heading.min.css,
downloaded,wp-content/plugins/elementor/assets/css/widget-icon-list.min.css,https://joinkuliner.com/wp-content/plugins/elementor/assets/css/widget-icon-list.min.css,20231211143252,text/css,9921,083eb692af67ca7478b0190274c3fb545b538172bab3b7c9b321cd08a9421646,https://web.archive.org/web/20231211143252id_/https://joinkuliner.com/wp-content/plugins/elementor/assets/css/widget-icon-list.min.css,
downloaded,wp-content/plugins/elementor/assets/css/widget-image.min.css,https://joinkuliner.com/wp-content/plugins/elementor/assets/css/widget-image.min.css,20250609032839,text/css,254,704815e96e1b8e84733520b7f46bbcfd1a065e0b1890dbfc3429a620f034bae9,https://web.archive.org/web/20250609032839id_/https://joinkuliner.com/wp-content/plugins/elementor/assets/css/widget-image.min.css,
downloaded,wp-content/plugins/elementor/assets/js/frontend-modules.min.js,https://joinkuliner.com/wp-content/plugins/elementor/assets/js/frontend-modules.min.js,20241204043055,text/javascript,73568,95f2ef13495d2acf51e4c0e32b2e5b924ffb671722195958f7a2ab6e4350da8f,https://web.archive.org/web/20241204043055id_/https://joinkuliner.com/wp-content/plugins/elementor/assets/js/frontend-modules.min.js,
downloaded,wp-content/plugins/elementor/assets/js/frontend-modules.min__q_01229d24c0.js,https://joinkuliner.com/wp-content/plugins/elementor/assets/js/frontend-modules.min.js?ver=3.19.2,20240226043309,application/javascript,60173,bfbd80809e8f863fa4c57fee859cfb30ed989cb6d521928a73586ed1055e6ffe,https://web.archive.org/web/20240226043309id_/https://joinkuliner.com/wp-content/plugins/elementor/assets/js/frontend-modules.min.js?ver=3.19.2,
downloaded,wp-content/plugins/elementor/assets/js/frontend-modules.min__q_1c11837ab9.js,https://joinkuliner.com/wp-content/plugins/elementor/assets/js/frontend-modules.min.js?ver=3.18.1,20231211144820,application/javascript,60173,55173c3ac6f81971fc75557938ada11c633fb3a2b25fd82a88a0d9c935f56836,https://web.archive.org/web/20231211144820id_/https://joinkuliner.com/wp-content/plugins/elementor/assets/js/frontend-modules.min.js?ver=3.18.1,
downloaded,wp-content/plugins/elementor/assets/js/frontend-modules.min__q_4c4868a89f.js,https://joinkuliner.com/wp-content/plugins/elementor/assets/js/frontend-modules.min.js?ver=3.17.1,20231123151051,application/javascript,60151,eaa9734d3a25beec6b6c3b02f0c29be3ae18d16449f4c092d5d3ef360949f907,https://web.archive.org/web/20231123151051id_/https://joinkuliner.com/wp-content/plugins/elementor/assets/js/frontend-modules.min.js?ver=3.17.1,
downloaded,wp-content/plugins/elementor/assets/js/frontend-modules.min__q_6714388ba2.js,https://joinkuliner.com/wp-content/plugins/elementor/assets/js/frontend-modules.min.js?ver=3.23.3,20250810064809,application/javascript,48393,454e41f5c4f3b318bcf8a71a296121220e4912eff7fa43c0896de0f6936b72de,https://web.archive.org/web/20250810064809id_/https://joinkuliner.com/wp-content/plugins/elementor/assets/js/frontend-modules.min.js?ver=3.23.3,
downloaded,wp-content/plugins/elementor/assets/js/frontend-modules.min__q_9127f93745.js,https://joinkuliner.com/wp-content/plugins/elementor/assets/js/frontend-modules.min.js?ver=3.19.4,20240229105353,application/javascript,60173,1f686850e2e1e05a883c0b5e32bc85a99a8dafb3d599bd79f95b585ba3a58556,https://web.archive.org/web/20240229105353id_/https://joinkuliner.com/wp-content/plugins/elementor/assets/js/frontend-modules.min.js?ver=3.19.4,
downloaded,wp-content/plugins/elementor/assets/js/frontend.min.js,https://joinkuliner.com/wp-content/plugins/elementor/assets/js/frontend.min.js,20241204054027,text/javascript,40249,22c3050a6e8a667b2fbc0a74647a3bac6bbeee4f7b3e70499209b915ac736083,https://web.archive.org/web/20241204054027id_/https://joinkuliner.com/wp-content/plugins/elementor/assets/js/frontend.min.js,
downloaded,wp-content/plugins/elementor/assets/js/frontend.min__q_01229d24c0.js,https://joinkuliner.com/wp-content/plugins/elementor/assets/js/frontend.min.js?ver=3.19.2,20240226043220,application/javascript,40306,3fe543befe804b3847051f8d79d0f0bd7c0995248b9b87b1ab3a49f6862cb903,https://web.archive.org/web/20240226043220id_/https://joinkuliner.com/wp-content/plugins/elementor/assets/js/frontend.min.js?ver=3.19.2,
downloaded,wp-content/plugins/elementor/assets/js/frontend.min__q_1c11837ab9.js,https://joinkuliner.com/wp-content/plugins/elementor/assets/js/frontend.min.js?ver=3.18.1,20231211144821,application/javascript,40436,391fa30447b2fab5e2c38be7258740a96dd835181d4a29286e0f88f04f825271,https://web.archive.org/web/20231211144821id_/https://joinkuliner.com/wp-content/plugins/elementor/assets/js/frontend.min.js?ver=3.18.1,
downloaded,wp-content/plugins/elementor/assets/js/frontend.min__q_4c4868a89f.js,https://joinkuliner.com/wp-content/plugins/elementor/assets/js/frontend.min.js?ver=3.17.1,20231123151103,application/javascript,40436,864ad82e1a2ce1b1896f00882f8c431d4542e49e32c0f16d54004e4bb68f04a9,https://web.archive.org/web/20231123151103id_/https://joinkuliner.com/wp-content/plugins/elementor/assets/js/frontend.min.js?ver=3.17.1,
downloaded,wp-content/plugins/elementor/assets/js/frontend.min__q_9127f93745.js,https://joinkuliner.com/wp-content/plugins/elementor/assets/js/frontend.min.js?ver=3.19.4,20240229105353,application/javascript,40306,bd6a2cc187e662d9e3c3611f2b08353d237c05aff614342d26d978ab8b504976,https://web.archive.org/web/20240229105353id_/https://joinkuliner.com/wp-content/plugins/elementor/assets/js/frontend.min.js?ver=3.19.4,
downloaded,wp-content/plugins/elementor/assets/js/frontend.min__q_b24ef37983.js,https://joinkuliner.com/wp-content/plugins/elementor/assets/js/frontend.min.js?ver=3.29.0,20250609032811,text/javascript,32876,ca1f7ccb6ebf20e7d08cadca4fc3444686f39303e9f08a555e37b5a603e85d13,https://web.archive.org/web/20250609032811id_/https://joinkuliner.com/wp-content/plugins/elementor/assets/js/frontend.min.js?ver=3.29.0,
downloaded,wp-content/plugins/elementor/assets/js/webpack.runtime.min.js,https://joinkuliner.com/wp-content/plugins/elementor/assets/js/webpack.runtime.min.js,20241204041918,text/javascript,4997,02caeda898063a8981b1a6c8afe31a8d12b51e88842338b3c3506771e29af8d9,https://web.archive.org/web/20241204041918id_/https://joinkuliner.com/wp-content/plugins/elementor/assets/js/webpack.runtime.min.js,
downloaded,wp-content/plugins/elementor/assets/js/webpack.runtime.min__q_01229d24c0.js,https://joinkuliner.com/wp-content/plugins/elementor/assets/js/webpack.runtime.min.js?ver=3.19.2,20240226043318,application/javascript,4997,dc032c361978c8fa496519488b6cee1b77554a1844ed6cb5d212d2fb87bc55e8,https://web.archive.org/web/20240226043318id_/https://joinkuliner.com/wp-content/plugins/elementor/assets/js/webpack.runtime.min.js?ver=3.19.2,
downloaded,wp-content/plugins/elementor/assets/js/webpack.runtime.min__q_1c11837ab9.js,https://joinkuliner.com/wp-content/plugins/elementor/assets/js/webpack.runtime.min.js?ver=3.18.1,20231211144823,application/javascript,4997,4d7ba7a925a260e8005bdaa1ab651e7eb5781fe88d0859553916c02d13bacd1f,https://web.archive.org/web/20231211144823id_/https://joinkuliner.com/wp-content/plugins/elementor/assets/js/webpack.runtime.min.js?ver=3.18.1,
downloaded,wp-content/plugins/elementor/assets/js/webpack.runtime.min__q_4c4868a89f.js,https://joinkuliner.com/wp-content/plugins/elementor/assets/js/webpack.runtime.min.js?ver=3.17.1,20231123151050,application/javascript,4997,2aef5d13706ab4a839892251ddfeae860c628cf41e017ab5cf567f7051b8c7be,https://web.archive.org/web/20231123151050id_/https://joinkuliner.com/wp-content/plugins/elementor/assets/js/webpack.runtime.min.js?ver=3.17.1,
downloaded,wp-content/plugins/elementor/assets/js/webpack.runtime.min__q_9127f93745.js,https://joinkuliner.com/wp-content/plugins/elementor/assets/js/webpack.runtime.min.js?ver=3.19.4,20240229105353,application/javascript,4997,dc5c23d953f36b20f935cb682d82bff5ab44c7ddce00ed7187330bc2ec5e5a60,https://web.archive.org/web/20240229105353id_/https://joinkuliner.com/wp-content/plugins/elementor/assets/js/webpack.runtime.min.js?ver=3.19.4,
downloaded,wp-content/plugins/elementor/assets/js/webpack.runtime.min__q_b24ef37983.js,https://joinkuliner.com/wp-content/plugins/elementor/assets/js/webpack.runtime.min.js?ver=3.29.0,20250609032759,text/javascript,5700,fdbac8131b3ff1d5b523a0d8f1373ee03f0d4fac66b8928645adb243841b7bac,https://web.archive.org/web/20250609032759id_/https://joinkuliner.com/wp-content/plugins/elementor/assets/js/webpack.runtime.min.js?ver=3.29.0,
downloaded,wp-content/plugins/elementor/assets/lib/animations/animations.min.css,https://joinkuliner.com/wp-content/plugins/elementor/assets/lib/animations/animations.min.css,20241206125350,text/css,18468,fe513ef974b767510d0a2b9f1b4d3afa53185b89ab617c869e5e3d6db960192c,https://web.archive.org/web/20241206125350id_/https://joinkuliner.com/wp-content/plugins/elementor/assets/lib/animations/animations.min.css,
downloaded,wp-content/plugins/elementor/assets/lib/animations/animations.min__q_4c4868a89f.css,https://joinkuliner.com/wp-content/plugins/elementor/assets/lib/animations/animations.min.css?ver=3.17.1,20231123151103,text/css,18468,fe513ef974b767510d0a2b9f1b4d3afa53185b89ab617c869e5e3d6db960192c,https://web.archive.org/web/20231123151103id_/https://joinkuliner.com/wp-content/plugins/elementor/assets/lib/animations/animations.min.css?ver=3.17.1,
downloaded,wp-content/plugins/elementor/assets/lib/eicons/css/elementor-icons.min.css,https://joinkuliner.com/wp-content/plugins/elementor/assets/lib/eicons/css/elementor-icons.min.css,20241204051116,text/css,19820,ef1de196d21cc8c1648dd4f77219c6e0d3d8660fcef059a2c6159bc023906398,https://web.archive.org/web/20241204051116id_/https://joinkuliner.com/wp-content/plugins/elementor/assets/lib/eicons/css/elementor-icons.min.css,
downloaded,wp-content/plugins/elementor/assets/lib/eicons/css/elementor-icons.min__q_04575bf0ca.css,https://joinkuliner.com/wp-content/plugins/elementor/assets/lib/eicons/css/elementor-icons.min.css?ver=5.30.0,20250810034810,text/css,21178,21a164281fdc206afa21ab7f24757702fed6f16d7c5d4824d31179201cfb48ee,https://web.archive.org/web/20250810034810id_/https://joinkuliner.com/wp-content/plugins/elementor/assets/lib/eicons/css/elementor-icons.min.css?ver=5.30.0,
downloaded,wp-content/plugins/elementor/assets/lib/eicons/css/elementor-icons.min__q_1c56421b20.css,https://joinkuliner.com/wp-content/plugins/elementor/assets/lib/eicons/css/elementor-icons.min.css?ver=5.23.0,20231123194003,text/css,19533,941b1493157dfb7316bcb3c7357a94e9ba173607d80559408620f4ab4c39c88d,https://web.archive.org/web/20231123194003id_/https://joinkuliner.com/wp-content/plugins/elementor/assets/lib/eicons/css/elementor-icons.min.css?ver=5.23.0,
downloaded,wp-content/plugins/elementor/assets/lib/eicons/css/elementor-icons.min__q_b93679373d.css,https://joinkuliner.com/wp-content/plugins/elementor/assets/lib/eicons/css/elementor-icons.min.css?ver=5.25.0,20231211143308,text/css,19571,d2f82e2e141c7a7f31f40ab9ed8c499bba09505bac8b806cf016d10550e2a6d7,https://web.archive.org/web/20231211143308id_/https://joinkuliner.com/wp-content/plugins/elementor/assets/lib/eicons/css/elementor-icons.min.css?ver=5.25.0,
downloaded,wp-content/plugins/elementor/assets/lib/eicons/fonts/eicons__q_372cbf65f7.eot,https://joinkuliner.com/wp-content/plugins/elementor/assets/lib/eicons/fonts/eicons.eot?5.23.0,20231123194038,application/vnd.ms-fontobject,214608,c1fbcb3525d7aac82d75943e8b75bd1853396bac1d4350e9faec155d6e039c60,https://web.archive.org/web/20231123194038id_/https://joinkuliner.com/wp-content/plugins/elementor/assets/lib/eicons/fonts/eicons.eot?5.23.0,
downloaded,wp-content/plugins/elementor/assets/lib/eicons/fonts/eicons__q_372cbf65f7.svg,https://joinkuliner.com/wp-content/plugins/elementor/assets/lib/eicons/fonts/eicons.svg?5.23.0,20231123194131,image/svg+xml,322806,54a45f3286ccbceaebc159a02b7b2a662ce45b56b856c2ba3001d3a53e6fb051,https://web.archive.org/web/20231123194131id_/https://joinkuliner.com/wp-content/plugins/elementor/assets/lib/eicons/fonts/eicons.svg?5.23.0,
downloaded,wp-content/plugins/elementor/assets/lib/eicons/fonts/eicons__q_372cbf65f7.ttf,https://joinkuliner.com/wp-content/plugins/elementor/assets/lib/eicons/fonts/eicons.ttf?5.23.0,20231123194100,font/ttf,214448,36044cc2b96a52a0b04af568385415ff0d5cb0b8c0d3f211dd8de46bf1cd9926,https://web.archive.org/web/20231123194100id_/https://joinkuliner.com/wp-content/plugins/elementor/assets/lib/eicons/fonts/eicons.ttf?5.23.0,
downloaded,wp-content/plugins/elementor/assets/lib/eicons/fonts/eicons__q_372cbf65f7.woff,https://joinkuliner.com/wp-content/plugins/elementor/assets/lib/eicons/fonts/eicons.woff?5.23.0,20231123194008,font/woff,116044,c32cecf3c17a69c8bfde39be00bf61be31f873cc730974a648d63de35cc1ad33,https://web.archive.org/web/20231123194008id_/https://joinkuliner.com/wp-content/plugins/elementor/assets/lib/eicons/fonts/eicons.woff?5.23.0,
downloaded,wp-content/plugins/elementor/assets/lib/eicons/fonts/eicons__q_372cbf65f7.woff2,https://joinkuliner.com/wp-content/plugins/elementor/assets/lib/eicons/fonts/eicons.woff2?5.23.0,20231123194007,font/woff2,94720,9434610f03b23074f9ae8ba5dbed66819c052a1d3c8e2256296c50ddeb4fe7f8,https://web.archive.org/web/20231123194007id_/https://joinkuliner.com/wp-content/plugins/elementor/assets/lib/eicons/fonts/eicons.woff2?5.23.0,
downloaded,wp-content/plugins/elementor/assets/lib/eicons/fonts/eicons__q_a623885351.eot,https://joinkuliner.com/wp-content/plugins/elementor/assets/lib/eicons/fonts/eicons.eot?5.29.0,20240302041004,application/vnd.ms-fontobject,218588,59f0027aa65bb7a0c26bdcd3b956c05837c8eaaff4c472a5948fb06442437aac,https://web.archive.org/web/20240302041004id_/https://joinkuliner.com/wp-content/plugins/elementor/assets/lib/eicons/fonts/eicons.eot?5.29.0,
downloaded,wp-content/plugins/elementor/assets/lib/eicons/fonts/eicons__q_a623885351.svg,https://joinkuliner.com/wp-content/plugins/elementor/assets/lib/eicons/fonts/eicons.svg?5.29.0,20240302040959,image/svg+xml,330200,d3ef313d160a9d5e887657ccfeb19ae48373fbb67394db3ddb57d23236a42993,https://web.archive.org/web/20240302040959id_/https://joinkuliner.com/wp-content/plugins/elementor/assets/lib/eicons/fonts/eicons.svg?5.29.0,
downloaded,wp-content/plugins/elementor/assets/lib/eicons/fonts/eicons__q_a623885351.ttf,https://joinkuliner.com/wp-content/plugins/elementor/assets/lib/eicons/fonts/eicons.ttf?5.29.0,20240302040820,font/ttf,218428,f6d71968a80e5dc9b1db2f75653339dae3f538cb339fb4b0ededf9457f30c61c,https://web.archive.org/web/20240302040820id_/https://joinkuliner.com/wp-content/plugins/elementor/assets/lib/eicons/fonts/eicons.ttf?5.29.0,
downloaded,wp-content/plugins/elementor/assets/lib/eicons/fonts/eicons__q_a623885351.woff,https://joinkuliner.com/wp-content/plugins/elementor/assets/lib/eicons/fonts/eicons.woff?5.29.0,20240302040817,font/woff,118748,4d83d717e65056e758c35c03492ddc5dcc1af3dcd662a6e079fd4241969dbbc8,https://web.archive.org/web/20240302040817id_/https://joinkuliner.com/wp-content/plugins/elementor/assets/lib/eicons/fonts/eicons.woff?5.29.0,
downloaded,wp-content/plugins/elementor/assets/lib/eicons/fonts/eicons__q_a623885351.woff2,https://joinkuliner.com/wp-content/plugins/elementor/assets/lib/eicons/fonts/eicons.woff2?5.29.0,20240302040819,font/woff2,96924,b8e6c0950b169464c66da055d932bc8cf911fd8a937f1d9ca60fd0f0e9f6f083,https://web.archive.org/web/20240302040819id_/https://joinkuliner.com/wp-content/plugins/elementor/assets/lib/eicons/fonts/eicons.woff2?5.29.0,
downloaded,wp-content/plugins/elementor/assets/lib/eicons/fonts/eicons__q_c0f46e4249.eot,https://joinkuliner.com/wp-content/plugins/elementor/assets/lib/eicons/fonts/eicons.eot?5.25.0,20231211143313,application/vnd.ms-fontobject,215824,d6b951e49ad000b08ea6a2cbff8b07f7186d589718d57bde1ede9ac707bfc7b7,https://web.archive.org/web/20231211143313id_/https://joinkuliner.com/wp-content/plugins/elementor/assets/lib/eicons/fonts/eicons.eot?5.25.0,
downloaded,wp-content/plugins/elementor/assets/lib/font-awesome/css/fontawesome.min.css,https://joinkuliner.com/wp-content/plugins/elementor/assets/lib/font-awesome/css/fontawesome.min.css,20250810053534,text/css,58071,fafc4160788beca657ec3e3041976281fb6d54a0e82bb4d22a433f7c6bb8b1d6,https://web.archive.org/web/20250810053534id_/https://joinkuliner.com/wp-content/plugins/elementor/assets/lib/font-awesome/css/fontawesome.min.css,
downloaded,wp-content/plugins/elementor/assets/lib/font-awesome/css/regular.min.css,https://joinkuliner.com/wp-content/plugins/elementor/assets/lib/font-awesome/css/regular.min.css,20250810152808,text/css,677,eea3d6ccda7f6503078cce9dc41176c1357af1c93a5b3625131ef7cf21c9d7c4,https://web.archive.org/web/20250810152808id_/https://joinkuliner.com/wp-content/plugins/elementor/assets/lib/font-awesome/css/regular.min.css,
downloaded,wp-content/plugins/elementor/assets/lib/font-awesome/css/solid.min__q_8dca8df803.css,https://joinkuliner.com/wp-content/plugins/elementor/assets/lib/font-awesome/css/solid.min.css?ver=5.15.3,20231211144818,text/css,669,37bab6cd583982e8eff58501a99d7c5c4d63664c1ca34f9e3b7cf526c5b73ae2,https://web.archive.org/web/20231211144818id_/https://joinkuliner.com/wp-content/plugins/elementor/assets/lib/font-awesome/css/solid.min.css?ver=5.15.3,
downloaded,wp-content/plugins/elementor/assets/lib/font-awesome/webfonts/fa-regular-400.eot,https://joinkuliner.com/wp-content/plugins/elementor/assets/lib/font-awesome/webfonts/fa-regular-400.eot,20231123210513,application/vnd.ms-fontobject,34034,cf83ffb8cf0023bd439dfdd5d02f1954b6ee027e85897d6cfc5f90bbca9ec1d2,https://web.archive.org/web/20231123210513id_/https://joinkuliner.com/wp-content/plugins/elementor/assets/lib/font-awesome/webfonts/fa-regular-400.eot,
downloaded,wp-content/plugins/elementor/assets/lib/font-awesome/webfonts/fa-regular-400.svg,https://joinkuliner.com/wp-content/plugins/elementor/assets/lib/font-awesome/webfonts/fa-regular-400.svg,20231123210516,image/svg+xml,144714,2326849b6c3dfa217a0e9ecaec9553c910a4e2987c87315c85073d2b95a484f3,https://web.archive.org/web/20231123210516id_/https://joinkuliner.com/wp-content/plugins/elementor/assets/lib/font-awesome/webfonts/fa-regular-400.svg,
downloaded,wp-content/plugins/elementor/assets/lib/font-awesome/webfonts/fa-regular-400.ttf,https://joinkuliner.com/wp-content/plugins/elementor/assets/lib/font-awesome/webfonts/fa-regular-400.ttf,20231123210523,font/ttf,33736,c651b8a67d3193206f622c3c3b0fbca4a2f2727108c4212b52c1e2a2e84c9b31,https://web.archive.org/web/20231123210523id_/https://joinkuliner.com/wp-content/plugins/elementor/assets/lib/font-awesome/webfonts/fa-regular-400.ttf,
downloaded,wp-content/plugins/elementor/assets/lib/font-awesome/webfonts/fa-regular-400.woff,https://joinkuliner.com/wp-content/plugins/elementor/assets/lib/font-awesome/webfonts/fa-regular-400.woff,20231123210522,font/woff,16276,14c9db4ff87fde08f67b0a69dd594bab6d87174812a0dbd34c59833bfed8cc0e,https://web.archive.org/web/20231123210522id_/https://joinkuliner.com/wp-content/plugins/elementor/assets/lib/font-awesome/webfonts/fa-regular-400.woff,
downloaded,wp-content/plugins/elementor/assets/lib/font-awesome/webfonts/fa-regular-400.woff2,https://joinkuliner.com/wp-content/plugins/elementor/assets/lib/font-awesome/webfonts/fa-regular-400.woff2,20231123210521,font/woff2,13276,8afc6e5e842baab16010c2ce6fcf48ec4ded8e1579a37c1f1bc027e120d04951,https://web.archive.org/web/20231123210521id_/https://joinkuliner.com/wp-content/plugins/elementor/assets/lib/font-awesome/webfonts/fa-regular-400.woff2,
downloaded,wp-content/plugins/elementor/assets/lib/font-awesome/webfonts/fa-solid-900.eot,https://joinkuliner.com/wp-content/plugins/elementor/assets/lib/font-awesome/webfonts/fa-solid-900.eot,20231211144819,application/vnd.ms-fontobject,203030,75a761159ae266c5332a4f266e07a5543712ffb76ee0260b07782195c04dc364,https://web.archive.org/web/20231211144819id_/https://joinkuliner.com/wp-content/plugins/elementor/assets/lib/font-awesome/webfonts/fa-solid-900.eot,
downloaded,wp-content/plugins/elementor/assets/lib/font-awesome/webfonts/fa-solid-900.svg,https://joinkuliner.com/wp-content/plugins/elementor/assets/lib/font-awesome/webfonts/fa-solid-900.svg,20231211144819,image/svg+xml,918991,fa498fb2596a5235c5c86d7b68a7fbe76e9855c01af4b0e5ab41c41047c648e0,https://web.archive.org/web/20231211144819id_/https://joinkuliner.com/wp-content/plugins/elementor/assets/lib/font-awesome/webfonts/fa-solid-900.svg,
downloaded,wp-content/plugins/elementor/assets/lib/font-awesome/webfonts/fa-solid-900.ttf,https://joinkuliner.com/wp-content/plugins/elementor/assets/lib/font-awesome/webfonts/fa-solid-900.ttf,20231211144827,font/ttf,202744,3d06af1f31cd83ace7a265a014b8fb5dee15770ecac8f7a55555190e627e03c2,https://web.archive.org/web/20231211144827id_/https://joinkuliner.com/wp-content/plugins/elementor/assets/lib/font-awesome/webfonts/fa-solid-900.ttf,
downloaded,wp-content/plugins/elementor/assets/lib/font-awesome/webfonts/fa-solid-900.woff,https://joinkuliner.com/wp-content/plugins/elementor/assets/lib/font-awesome/webfonts/fa-solid-900.woff,20231211144822,font/woff,101652,74edc18b67c487e32f181719fdb347e2e77020744651f446e9acd7bd6821e2e7,https://web.archive.org/web/20231211144822id_/https://joinkuliner.com/wp-content/plugins/elementor/assets/lib/font-awesome/webfonts/fa-solid-900.woff,
downloaded,wp-content/plugins/elementor/assets/lib/font-awesome/webfonts/fa-solid-900.woff2,https://joinkuliner.com/wp-content/plugins/elementor/assets/lib/font-awesome/webfonts/fa-solid-900.woff2,20231211144820,font/woff2,78196,d0b4256abed72481585662971262eabee345c19f837af00d7ce24239d3b40eef,https://web.archive.org/web/20231211144820id_/https://joinkuliner.com/wp-content/plugins/elementor/assets/lib/font-awesome/webfonts/fa-solid-900.woff2,
downloaded,wp-content/plugins/elementor/assets/lib/swiper/v8/css/swiper.min.css,https://joinkuliner.com/wp-content/plugins/elementor/assets/lib/swiper/v8/css/swiper.min.css,20250810033244,text/css,16471,c57e64fcb72bddafa9c38de574441c3e69ac6c961df96b0cad34da83658bd196,https://web.archive.org/web/20250810033244id_/https://joinkuliner.com/wp-content/plugins/elementor/assets/lib/swiper/v8/css/swiper.min.css,
downloaded,wp-content/plugins/elementor/assets/lib/waypoints/waypoints.min.js,https://joinkuliner.com/wp-content/plugins/elementor/assets/lib/waypoints/waypoints.min.js,20241204052634,text/javascript,12198,214674cc77aba35ab3567b88e2739fd08e8e96c61d279559ad61874069683ea0,https://web.archive.org/web/20241204052634id_/https://joinkuliner.com/wp-content/plugins/elementor/assets/lib/waypoints/waypoints.min.js,
downloaded,wp-content/plugins/google-analytics-for-wordpress/assets/js/frontend-gtag.min__q_83e73901f9.js,https://joinkuliner.com/wp-content/plugins/google-analytics-for-wordpress/assets/js/frontend-gtag.min.js?ver=8.21.0,20231123194004,application/javascript,11689,d7bdba02afa8c04c13f280c71a50f8c8186c883711c5dabbd13566dd738bff0a,https://web.archive.org/web/20231123194004id_/https://joinkuliner.com/wp-content/plugins/google-analytics-for-wordpress/assets/js/frontend-gtag.min.js?ver=8.21.0,
downloaded,wp-content/plugins/pro-elements/assets/css/frontend-lite.min.css,https://joinkuliner.com/wp-content/plugins/pro-elements/assets/css/frontend-lite.min.css,20241204043352,text/css,11052,1bbf52873467c0e252a46206a194680d6be4e9c4398a6f3bc400f3a68faf6820,https://web.archive.org/web/20241204043352id_/https://joinkuliner.com/wp-content/plugins/pro-elements/assets/css/frontend-lite.min.css,
downloaded,wp-content/plugins/pro-elements/assets/css/frontend-lite.min__q_ecb3f613ce.css,https://joinkuliner.com/wp-content/plugins/pro-elements/assets/css/frontend-lite.min.css?ver=3.18.3,20240302040810,text/css,11052,368c697c04728aa1469a635250662a1ce4aba70f195968ab34d449acd9e3f6ec,https://web.archive.org/web/20240302040810id_/https://joinkuliner.com/wp-content/plugins/pro-elements/assets/css/frontend-lite.min.css?ver=3.18.3,
downloaded,wp-content/plugins/pro-elements/assets/css/frontend.min.css,https://joinkuliner.com/wp-content/plugins/pro-elements/assets/css/frontend.min.css,20250609032800,text/css,456375,67a82ddc9338e8d4015d03b6df0b15a3082039b4d9df0ef767610f9387130f81,https://web.archive.org/web/20250609032800id_/https://joinkuliner.com/wp-content/plugins/pro-elements/assets/css/frontend.min.css,
downloaded,wp-content/plugins/pro-elements/assets/js/elements-handlers.min.js,https://joinkuliner.com/wp-content/plugins/pro-elements/assets/js/elements-handlers.min.js,20241204040631,text/javascript,38281,47b06ac513553f711400896d5d19ff1ffa6e27ebea096026a3e3210ddf6b559e,https://web.archive.org/web/20241204040631id_/https://joinkuliner.com/wp-content/plugins/pro-elements/assets/js/elements-handlers.min.js,
downloaded,wp-content/plugins/pro-elements/assets/js/elements-handlers.min__q_ecb3f613ce.js,https://joinkuliner.com/wp-content/plugins/pro-elements/assets/js/elements-handlers.min.js?ver=3.18.3,20240226043216,application/javascript,38131,3bb4cf1aea9fa729546ff9b8200887c8223b7f1fa1f679cf74fa02b0fb7bd06b,https://web.archive.org/web/20240226043216id_/https://joinkuliner.com/wp-content/plugins/pro-elements/assets/js/elements-handlers.min.js?ver=3.18.3,
downloaded,wp-content/plugins/pro-elements/assets/js/frontend.min.js,https://joinkuliner.com/wp-content/plugins/pro-elements/assets/js/frontend.min.js,20241204043819,text/javascript,25065,0ad4303d2dbf8f5db7dfc78d82cb9d5a8bd39f5f6d8bfc82f6e08b7c87ea5873,https://web.archive.org/web/20241204043819id_/https://joinkuliner.com/wp-content/plugins/pro-elements/assets/js/frontend.min.js,
downloaded,wp-content/plugins/pro-elements/assets/js/frontend.min__q_ecb3f613ce.js,https://joinkuliner.com/wp-content/plugins/pro-elements/assets/js/frontend.min.js?ver=3.18.3,20240226043219,application/javascript,25142,25575f76a4cc4456547809d4526d5b0e5ebd05b6d1ad45da36f2be424e66bdc9,https://web.archive.org/web/20240226043219id_/https://joinkuliner.com/wp-content/plugins/pro-elements/assets/js/frontend.min.js?ver=3.18.3,
downloaded,wp-content/plugins/pro-elements/assets/js/webpack-pro.runtime.min.js,https://joinkuliner.com/wp-content/plugins/pro-elements/assets/js/webpack-pro.runtime.min.js,20241204040702,text/javascript,5824,a76b141f651d500ab9d25232ec34bc341b5a9a930ee22e626f82990e02aae913,https://web.archive.org/web/20241204040702id_/https://joinkuliner.com/wp-content/plugins/pro-elements/assets/js/webpack-pro.runtime.min.js,
downloaded,wp-content/plugins/pro-elements/assets/js/webpack-pro.runtime.min__q_ecb3f613ce.js,https://joinkuliner.com/wp-content/plugins/pro-elements/assets/js/webpack-pro.runtime.min.js?ver=3.18.3,20240226043220,application/javascript,5824,8a76ff8d991267a96a548e85b769aeab50e02e99c6f041fccb3e0b174c648646,https://web.archive.org/web/20240226043220id_/https://joinkuliner.com/wp-content/plugins/pro-elements/assets/js/webpack-pro.runtime.min.js?ver=3.18.3,
downloaded,wp-content/plugins/security-malware-firewall/images/logo_small.png,https://joinkuliner.com/wp-content/plugins/security-malware-firewall/images/logo_small.png,20240401154408,image/png,6549,6b31480048d0a61b442ef5f45e8d782bda2c5c948f478995ffd754762bc416a5,https://web.archive.org/web/20240401154408id_/https://joinkuliner.com/wp-content/plugins/security-malware-firewall/images/logo_small.png,
downloaded,wp-content/plugins/security-malware-firewall/js/spbc-cookie.min__q_547fc8b874.js,https://joinkuliner.com/wp-content/plugins/security-malware-firewall/js/spbc-cookie.min.js?ver=2.130.1,20240401153517,application/javascript,1195,de224e59cf076f9bf26cc5d87e15eb1c10ffc16de25524e020ef29afce7369eb,https://web.archive.org/web/20240401153517id_/https://joinkuliner.com/wp-content/plugins/security-malware-firewall/js/spbc-cookie.min.js?ver=2.130.1,
downloaded,wp-content/plugins/sneeit-framework/css/min/front-menus-compact.min__q_adfba06ad7.css,https://joinkuliner.com/wp-content/plugins/sneeit-framework/css/min/front-menus-compact.min.css?ver=8.2,20231123194001,text/css,4688,a27eda603283a5df8b527067d87cbeb9cacefdf5fa708ce9987649805d01beaa,https://web.archive.org/web/20231123194001id_/https://joinkuliner.com/wp-content/plugins/sneeit-framework/css/min/front-menus-compact.min.css?ver=8.2,
downloaded,wp-content/plugins/sneeit-framework/css/min/front-optimize-images.min__q_adfba06ad7.css,https://joinkuliner.com/wp-content/plugins/sneeit-framework/css/min/front-optimize-images.min.css?ver=8.2,20240229105347,text/css,966,cc79aaf81d25281bb9ee9485304910789fafd37c589f096a18028a214f028587,https://web.archive.org/web/20240229105347id_/https://joinkuliner.com/wp-content/plugins/sneeit-framework/css/min/front-optimize-images.min.css?ver=8.2,
downloaded,wp-content/plugins/sneeit-framework/css/min/front-rating.min__q_adfba06ad7.css,https://joinkuliner.com/wp-content/plugins/sneeit-framework/css/min/front-rating.min.css?ver=8.2,20231123193958,text/css,1718,6a9b7b06799a9cc61c1172655b6eb192417908737e6198094a97c0378adea1c4,https://web.archive.org/web/20231123193958id_/https://joinkuliner.com/wp-content/plugins/sneeit-framework/css/min/front-rating.min.css?ver=8.2,
downloaded,wp-content/plugins/sneeit-framework/css/min/front-responsive.min__q_adfba06ad7.css,https://joinkuliner.com/wp-content/plugins/sneeit-framework/css/min/front-responsive.min.css?ver=8.2,20240229105347,text/css,724,e9a35d96d72bce31a6bcbba4a9bf01c4374bf8a56e628310f585a3876a9b24cc,https://web.archive.org/web/20240229105347id_/https://joinkuliner.com/wp-content/plugins/sneeit-framework/css/min/front-responsive.min.css?ver=8.2,
downloaded,wp-content/plugins/sneeit-framework/fonts/font-awesome-5x/css/all.min__q_adfba06ad7.css,https://joinkuliner.com/wp-content/plugins/sneeit-framework/fonts/font-awesome-5x/css/all.min.css?ver=8.2,20231123194005,text/css,53592,481a0574246e281316ffa0e15399bf5388bb81ae550ce0401a0353b6bb2d1e5a,https://web.archive.org/web/20231123194005id_/https://joinkuliner.com/wp-content/plugins/sneeit-framework/fonts/font-awesome-5x/css/all.min.css?ver=8.2,
downloaded,wp-content/plugins/sneeit-framework/fonts/font-awesome-5x/css/v4-shims.min__q_adfba06ad7.css,https://joinkuliner.com/wp-content/plugins/sneeit-framework/fonts/font-awesome-5x/css/v4-shims.min.css?ver=8.2,20231123193958,text/css,26440,eaa1e58b3b0e585b241a5c1538aba7b3e0f59c1eacb19ac742b363d701a99477,https://web.archive.org/web/20231123193958id_/https://joinkuliner.com/wp-content/plugins/sneeit-framework/fonts/font-awesome-5x/css/v4-shims.min.css?ver=8.2,
downloaded,wp-content/plugins/sneeit-framework/fonts/font-awesome-5x/webfonts/fa-brands-400.eot,https://joinkuliner.com/wp-content/plugins/sneeit-framework/fonts/font-awesome-5x/webfonts/fa-brands-400.eot,20231123194007,application/vnd.ms-fontobject,134396,fbe588bb10c5efb4f18033085939a8a24804e60f3eabeb0bedc8d773b2111b19,https://web.archive.org/web/20231123194007id_/https://joinkuliner.com/wp-content/plugins/sneeit-framework/fonts/font-awesome-5x/webfonts/fa-brands-400.eot,
downloaded,wp-content/plugins/sneeit-framework/fonts/font-awesome-5x/webfonts/fa-brands-400.svg,https://joinkuliner.com/wp-content/plugins/sneeit-framework/fonts/font-awesome-5x/webfonts/fa-brands-400.svg,20231123194229,image/svg+xml,749739,ca79b184831289822dba106b9d05c3a1660eb243aa933ed1b02aa6f38d7c6f82,https://web.archive.org/web/20231123194229id_/https://joinkuliner.com/wp-content/plugins/sneeit-framework/fonts/font-awesome-5x/webfonts/fa-brands-400.svg,
downloaded,wp-content/plugins/sneeit-framework/fonts/font-awesome-5x/webfonts/fa-brands-400.ttf,https://joinkuliner.com/wp-content/plugins/sneeit-framework/fonts/font-awesome-5x/webfonts/fa-brands-400.ttf,20231123194008,font/ttf,134160,b52e41923dfdc250e4f7914afab339390b49f6834e158e0294cddf71c8f6248b,https://web.archive.org/web/20231123194008id_/https://joinkuliner.com/wp-content/plugins/sneeit-framework/fonts/font-awesome-5x/webfonts/fa-brands-400.ttf,
downloaded,wp-content/plugins/sneeit-framework/fonts/font-awesome-5x/webfonts/fa-brands-400.woff,https://joinkuliner.com/wp-content/plugins/sneeit-framework/fonts/font-awesome-5x/webfonts/fa-brands-400.woff,20231123194209,font/woff,87048,eb098ff1725c8819ea67b54d857b6574d20ccfbb2cc451c1fab85fb4d968a62d,https://web.archive.org/web/20231123194209id_/https://joinkuliner.com/wp-content/plugins/sneeit-framework/fonts/font-awesome-5x/webfonts/fa-brands-400.woff,
downloaded,wp-content/plugins/sneeit-framework/fonts/font-awesome-5x/webfonts/fa-brands-400.woff2,https://joinkuliner.com/wp-content/plugins/sneeit-framework/fonts/font-awesome-5x/webfonts/fa-brands-400.woff2,20231123194349,font/woff2,74288,eed474a49bdbf745c19e463f070e67977c1ab27835603eb749d9e5c249cf81f8,https://web.archive.org/web/20231123194349id_/https://joinkuliner.com/wp-content/plugins/sneeit-framework/fonts/font-awesome-5x/webfonts/fa-brands-400.woff2,
downloaded,wp-content/plugins/sneeit-framework/fonts/font-awesome-5x/webfonts/fa-regular-400.eot,https://joinkuliner.com/wp-content/plugins/sneeit-framework/fonts/font-awesome-5x/webfonts/fa-regular-400.eot,20231123194006,application/vnd.ms-fontobject,40308,c6df1ff9cbe02ea678f5313b35bd7e6e5297277609ca2c32454b618418ce7cea,https://web.archive.org/web/20231123194006id_/https://joinkuliner.com/wp-content/plugins/sneeit-framework/fonts/font-awesome-5x/webfonts/fa-regular-400.eot,
downloaded,wp-content/plugins/sneeit-framework/fonts/font-awesome-5x/webfonts/fa-regular-400.svg,https://joinkuliner.com/wp-content/plugins/sneeit-framework/fonts/font-awesome-5x/webfonts/fa-regular-400.svg,20231123194009,image/svg+xml,139827,45650f6651fb71dc7123bc1cb87bbefb0f11ad96788886fbba2cd44a569034b4,https://web.archive.org/web/20231123194009id_/https://joinkuliner.com/wp-content/plugins/sneeit-framework/fonts/font-awesome-5x/webfonts/fa-regular-400.svg,
downloaded,wp-content/plugins/sneeit-framework/fonts/font-awesome-5x/webfonts/fa-regular-400.ttf,https://joinkuliner.com/wp-content/plugins/sneeit-framework/fonts/font-awesome-5x/webfonts/fa-regular-400.ttf,20231123194009,font/ttf,40080,8f7bc93b0c9bcfe653e9ca309126481221a74f15ffe19be6f7cff40a011c769d,https://web.archive.org/web/20231123194009id_/https://joinkuliner.com/wp-content/plugins/sneeit-framework/fonts/font-awesome-5x/webfonts/fa-regular-400.ttf,
downloaded,wp-content/plugins/sneeit-framework/fonts/font-awesome-5x/webfonts/fa-regular-400.woff,https://joinkuliner.com/wp-content/plugins/sneeit-framework/fonts/font-awesome-5x/webfonts/fa-regular-400.woff,20231123194011,font/woff,18164,9f982c59382f0b1a0f9f53ce2024a1504b9b51e4c371d2bfcca4b5090eb021fe,https://web.archive.org/web/20231123194011id_/https://joinkuliner.com/wp-content/plugins/sneeit-framework/fonts/font-awesome-5x/webfonts/fa-regular-400.woff,
downloaded,wp-content/plugins/sneeit-framework/fonts/font-awesome-5x/webfonts/fa-regular-400.woff2,https://joinkuliner.com/wp-content/plugins/sneeit-framework/fonts/font-awesome-5x/webfonts/fa-regular-400.woff2,20231123194010,font/woff2,14872,0ecdc6188a4b2ec48e2ebf84a2a6584e78473f1216d7119832b5dc109bec7492,https://web.archive.org/web/20231123194010id_/https://joinkuliner.com/wp-content/plugins/sneeit-framework/fonts/font-awesome-5x/webfonts/fa-regular-400.woff2,
downloaded,wp-content/plugins/sneeit-framework/fonts/font-awesome-5x/webfonts/fa-solid-900.eot,https://joinkuliner.com/wp-content/plugins/sneeit-framework/fonts/font-awesome-5x/webfonts/fa-solid-900.eot,20231123194007,application/vnd.ms-fontobject,209012,80b515c5dde09d7b33f75dc382b4c91b9db20fdb1a9978b671e425c98e42b2cd,https://web.archive.org/web/20231123194007id_/https://joinkuliner.com/wp-content/plugins/sneeit-framework/fonts/font-awesome-5x/webfonts/fa-solid-900.eot,
downloaded,wp-content/plugins/sneeit-framework/fonts/font-awesome-5x/webfonts/fa-solid-900.svg,https://joinkuliner.com/wp-content/plugins/sneeit-framework/fonts/font-awesome-5x/webfonts/fa-solid-900.svg,20231123194310,image/svg+xml,794056,d613d3a63df6e17ed6fda6a3a2bf1b7aa36561b882382eeccdf7161b0e24ab29,https://web.archive.org/web/20231123194310id_/https://joinkuliner.com/wp-content/plugins/sneeit-framework/fonts/font-awesome-5x/webfonts/fa-solid-900.svg,
downloaded,wp-content/plugins/sneeit-framework/fonts/font-awesome-5x/webfonts/fa-solid-900.ttf,https://joinkuliner.com/wp-content/plugins/sneeit-framework/fonts/font-awesome-5x/webfonts/fa-solid-900.ttf,20231123194009,font/ttf,208792,2e9112db77640346bf93bc6031a2e2ede793324533273de02c61345d39b70d26,https://web.archive.org/web/20231123194009id_/https://joinkuliner.com/wp-content/plugins/sneeit-framework/fonts/font-awesome-5x/webfonts/fa-solid-900.ttf,
downloaded,wp-content/plugins/sneeit-framework/fonts/font-awesome-5x/webfonts/fa-solid-900.woff,https://joinkuliner.com/wp-content/plugins/sneeit-framework/fonts/font-awesome-5x/webfonts/fa-solid-900.woff,20231123194010,font/woff,102224,e14bf8513c6848f983ed24852e9700dec95589b748e26bacd6b2ca7dc9bb2aee,https://web.archive.org/web/20231123194010id_/https://joinkuliner.com/wp-content/plugins/sneeit-framework/fonts/font-awesome-5x/webfonts/fa-solid-900.woff,
downloaded,wp-content/plugins/sneeit-framework/fonts/font-awesome-5x/webfonts/fa-solid-900.woff2,https://joinkuliner.com/wp-content/plugins/sneeit-framework/fonts/font-awesome-5x/webfonts/fa-solid-900.woff2,20231123194008,font/woff2,79100,f419ad7a4477f36ce73c74a23dce784150ca38fa5075a8e06109709cbb716903,https://web.archive.org/web/20231123194008id_/https://joinkuliner.com/wp-content/plugins/sneeit-framework/fonts/font-awesome-5x/webfonts/fa-solid-900.woff2,
downloaded,wp-content/plugins/sneeit-framework/js/html5.js,https://joinkuliner.com/wp-content/plugins/sneeit-framework/js/html5.js,20231123193958,application/javascript,10330,a4b3b91b775b356ac4b5c34ac94dbcc1212ef23b5e89bfa9bfcc92e285a4447a,https://web.archive.org/web/20231123193958id_/https://joinkuliner.com/wp-content/plugins/sneeit-framework/js/html5.js,
downloaded,wp-content/plugins/sneeit-framework/js/min/front-articles-pagination.min__q_adfba06ad7.js,https://joinkuliner.com/wp-content/plugins/sneeit-framework/js/min/front-articles-pagination.min.js?ver=8.2,20231123151056,application/javascript,7142,dd980ce503971eb3f39900a1bb27eea11a35f511a85ca7e6e664bec04e69cbbc,https://web.archive.org/web/20231123151056id_/https://joinkuliner.com/wp-content/plugins/sneeit-framework/js/min/front-articles-pagination.min.js?ver=8.2,
downloaded,wp-content/plugins/sneeit-framework/js/min/front-menus-compact.min__q_adfba06ad7.js,https://joinkuliner.com/wp-content/plugins/sneeit-framework/js/min/front-menus-compact.min.js?ver=8.2,20231123151052,application/javascript,5266,9946fdb0e9520378412582b3ed9bdeb5f10ef1d173df164a138f90f1725fa125,https://web.archive.org/web/20231123151052id_/https://joinkuliner.com/wp-content/plugins/sneeit-framework/js/min/front-menus-compact.min.js?ver=8.2,
downloaded,wp-content/plugins/sneeit-framework/js/min/front-optimize-images.min__q_adfba06ad7.js,https://joinkuliner.com/wp-content/plugins/sneeit-framework/js/min/front-optimize-images.min.js?ver=8.2,20231123151052,application/javascript,6900,c3c3ee560626058745a8e19e9135796c5261c0446677daee92630f0af1c1e776,https://web.archive.org/web/20231123151052id_/https://joinkuliner.com/wp-content/plugins/sneeit-framework/js/min/front-optimize-images.min.js?ver=8.2,
downloaded,wp-content/plugins/sneeit-framework/js/min/front-responsive.min__q_adfba06ad7.js,https://joinkuliner.com/wp-content/plugins/sneeit-framework/js/min/front-responsive.min.js?ver=8.2,20231123151059,application/javascript,1961,b8e1203acfdc0821b267e08c99e59af4a7e436b3d4056b069ca2542fe508195a,https://web.archive.org/web/20231123151059id_/https://joinkuliner.com/wp-content/plugins/sneeit-framework/js/min/front-responsive.min.js?ver=8.2,
downloaded,wp-content/plugins/sneeit-framework/js/min/front-sticky-columns.min__q_adfba06ad7.js,https://joinkuliner.com/wp-content/plugins/sneeit-framework/js/min/front-sticky-columns.min.js?ver=8.2,20231123151049,application/javascript,3456,b5467ca098ce5112f627b7835d45d82375a195b689fa7b85cd79cb83f849ae9d,https://web.archive.org/web/20231123151049id_/https://joinkuliner.com/wp-content/plugins/sneeit-framework/js/min/front-sticky-columns.min.js?ver=8.2,
downloaded,wp-content/plugins/wp-rocket/assets/js/lazyload/17.8.3/lazyload.min.js,https://joinkuliner.com/wp-content/plugins/wp-rocket/assets/js/lazyload/17.8.3/lazyload.min.js,20240131150137,application/javascript,8892,f40767552e5e94b2d5f9a65d7f640cfa7d225298023dbd682095e040809a3d1a,https://web.archive.org/web/20240131150137id_/https://joinkuliner.com/wp-content/plugins/wp-rocket/assets/js/lazyload/17.8.3/lazyload.min.js,
downloaded,wp-content/plugins/wpforms-lite/assets/js/integrations/elementor/frontend.min__q_03838b7d68.js,https://joinkuliner.com/wp-content/plugins/wpforms-lite/assets/js/integrations/elementor/frontend.min.js?ver=1.8.4,20231123151100,application/javascript,771,2dea57483641f8762937dfd9b09126a9b21c88bd3d7486186003e0bbb9043145,https://web.archive.org/web/20231123151100id_/https://joinkuliner.com/wp-content/plugins/wpforms-lite/assets/js/integrations/elementor/frontend.min.js?ver=1.8.4,
downloaded,wp-content/plugins/zox-alp/scripts/jquery.sticky-kit.min.js,https://joinkuliner.com/wp-content/plugins/zox-alp//scripts/jquery.sticky-kit.min.js,20241204035532,text/javascript,2798,8e8230f2d1e6e230d63f5bd3091ea092eb8d1f447b5f6c84c5b776cf4f50a65d,https://web.archive.org/web/20241204035532id_/https://joinkuliner.com/wp-content/plugins/zox-alp//scripts/jquery.sticky-kit.min.js,
downloaded,wp-content/plugins/zox-alp/scripts/jquery.sticky-kit.min__q_a8982f8e66.js,https://joinkuliner.com/wp-content/plugins/zox-alp//scripts/jquery.sticky-kit.min.js?ver=6.4.3,20240401152922,application/javascript,2798,8e8230f2d1e6e230d63f5bd3091ea092eb8d1f447b5f6c84c5b776cf4f50a65d,https://web.archive.org/web/20240401152922id_/https://joinkuliner.com/wp-content/plugins/zox-alp//scripts/jquery.sticky-kit.min.js?ver=6.4.3,
downloaded,wp-content/plugins/zox-alp/scripts/jquery.waypoints.min.js,https://joinkuliner.com/wp-content/plugins/zox-alp//scripts/jquery.waypoints.min.js,20241204043731,text/javascript,10478,42656c5a534309426b3c5452b07c4013df29165e754e36e51d724ad962bebc1f,https://web.archive.org/web/20241204043731id_/https://joinkuliner.com/wp-content/plugins/zox-alp//scripts/jquery.waypoints.min.js,
downloaded,wp-content/plugins/zox-alp/scripts/jquery.waypoints.min__q_a8982f8e66.js,https://joinkuliner.com/wp-content/plugins/zox-alp//scripts/jquery.waypoints.min.js?ver=6.4.3,20240401152923,application/javascript,10478,42656c5a534309426b3c5452b07c4013df29165e754e36e51d724ad962bebc1f,https://web.archive.org/web/20240401152923id_/https://joinkuliner.com/wp-content/plugins/zox-alp//scripts/jquery.waypoints.min.js?ver=6.4.3,
downloaded,wp-content/themes/flatnews/assets/css/min/main.min__q_9be4512521.css,https://joinkuliner.com/wp-content/themes/flatnews/assets/css/min/main.min.css?ver=5.6,20231123194000,text/css,63182,268866adba37ce9edefc46419b736b10d2e131e89054ad89f146bef47c83f94e,https://web.archive.org/web/20231123194000id_/https://joinkuliner.com/wp-content/themes/flatnews/assets/css/min/main.min.css?ver=5.6,
downloaded,wp-content/themes/flatnews/assets/css/min/responsive.min__q_9be4512521.css,https://joinkuliner.com/wp-content/themes/flatnews/assets/css/min/responsive.min.css?ver=5.6,20231123193958,text/css,2805,3998c4a89cd15fa10c172e0b1201b1d5726946d7b09d5e55f38d49054ca506f9,https://web.archive.org/web/20231123193958id_/https://joinkuliner.com/wp-content/themes/flatnews/assets/css/min/responsive.min.css?ver=5.6,
downloaded,wp-content/themes/flatnews/assets/js/min/main.min__q_9be4512521.js,https://joinkuliner.com/wp-content/themes/flatnews/assets/js/min/main.min.js?ver=5.6,20231123151059,application/javascript,56810,ae39ea8b9bb86d012d2991282e793a23c378ba11c83475e38c6d0c5e6f91c84c,https://web.archive.org/web/20231123151059id_/https://joinkuliner.com/wp-content/themes/flatnews/assets/js/min/main.min.js?ver=5.6,
downloaded,wp-content/themes/zox-news-child/font-awesome/css/all.css,https://joinkuliner.com/wp-content/themes/zox-news-child/font-awesome/css/all.css,20241204035341,text/css,73577,0cb8cc3fee4275e182236ab19c3aae55274f43aa0ffde9c0510d8d59fcf8e5dc,https://web.archive.org/web/20241204035341id_/https://joinkuliner.com/wp-content/themes/zox-news-child/font-awesome/css/all.css,
downloaded,wp-content/themes/zox-news-child/font-awesome/css/all__q_40bced49b0.css,https://joinkuliner.com/wp-content/themes/zox-news-child/font-awesome/css/all.css?ver=6.7.2,20250403074556,text/css,73577,0cb8cc3fee4275e182236ab19c3aae55274f43aa0ffde9c0510d8d59fcf8e5dc,https://web.archive.org/web/20250403074556id_/https://joinkuliner.com/wp-content/themes/zox-news-child/font-awesome/css/all.css?ver=6.7.2,
downloaded,wp-content/themes/zox-news-child/style.css,https://joinkuliner.com/wp-content/themes/zox-news-child/style.css,20241204043558,text/css,546,334b209cc22693d004730734ed783c39635f37a04f625c450be70cfb2c69172c,https://web.archive.org/web/20241204043558id_/https://joinkuliner.com/wp-content/themes/zox-news-child/style.css,
downloaded,wp-content/themes/zox-news/css/media-queries.css,https://joinkuliner.com/wp-content/themes/zox-news/css/media-queries.css,20241204035655,text/css,125461,54a154c7cfb58f84d9cf10cf29aa979b4a0bbef7058ea7faf05baec4cccd33da,https://web.archive.org/web/20241204035655id_/https://joinkuliner.com/wp-content/themes/zox-news/css/media-queries.css,
downloaded,wp-content/themes/zox-news/css/media-queries__q_a8982f8e66.css,https://joinkuliner.com/wp-content/themes/zox-news/css/media-queries.css?ver=6.4.3,20240401152936,text/css,125461,54a154c7cfb58f84d9cf10cf29aa979b4a0bbef7058ea7faf05baec4cccd33da,https://web.archive.org/web/20240401152936id_/https://joinkuliner.com/wp-content/themes/zox-news/css/media-queries.css?ver=6.4.3,
downloaded,wp-content/themes/zox-news/css/reset.css,https://joinkuliner.com/wp-content/themes/zox-news/css/reset.css,20250810045656,text/css,1082,a56add0a0fe88ca8ad47ea3def87d8d5934976680db80c6530c0b28529854f0b,https://web.archive.org/web/20250810045656id_/https://joinkuliner.com/wp-content/themes/zox-news/css/reset.css,
downloaded,wp-content/themes/zox-news/css/reset__q_a8982f8e66.css,https://joinkuliner.com/wp-content/themes/zox-news/css/reset.css?ver=6.4.3,20240401152934,text/css,1082,a56add0a0fe88ca8ad47ea3def87d8d5934976680db80c6530c0b28529854f0b,https://web.archive.org/web/20240401152934id_/https://joinkuliner.com/wp-content/themes/zox-news/css/reset.css?ver=6.4.3,
downloaded,wp-content/themes/zox-news/font-awesome/webfonts/fa-brands-400.eot,https://joinkuliner.com/wp-content/themes/zox-news/font-awesome/webfonts/fa-brands-400.eot,20240401153056,application/vnd.ms-fontobject,134294,e4299464e7b012968eed63ac2db1c9509f56bca409ef9f71f2926a8c3c80b2a9,https://web.archive.org/web/20240401153056id_/https://joinkuliner.com/wp-content/themes/zox-news/font-awesome/webfonts/fa-brands-400.eot,
downloaded,wp-content/themes/zox-news/font-awesome/webfonts/fa-brands-400.svg,https://joinkuliner.com/wp-content/themes/zox-news/font-awesome/webfonts/fa-brands-400.svg,20240401153044,image/svg+xml,747927,a3b9817780214caf01e8aec20bcdc2305a1ff34a15fae81ecd0923df9cd5cd0a,https://web.archive.org/web/20240401153044id_/https://joinkuliner.com/wp-content/themes/zox-news/font-awesome/webfonts/fa-brands-400.svg,
downloaded,wp-content/themes/zox-news/font-awesome/webfonts/fa-brands-400.ttf,https://joinkuliner.com/wp-content/themes/zox-news/font-awesome/webfonts/fa-brands-400.ttf,20240401153042,font/ttf,133988,cda59d6efffa685830fd95b55f64ae9cb51279cd34b2410b69f84c7ec30157d9,https://web.archive.org/web/20240401153042id_/https://joinkuliner.com/wp-content/themes/zox-news/font-awesome/webfonts/fa-brands-400.ttf,
downloaded,wp-content/themes/zox-news/font-awesome/webfonts/fa-brands-400.woff,https://joinkuliner.com/wp-content/themes/zox-news/font-awesome/webfonts/fa-brands-400.woff,20240401153040,font/woff,89988,f9217f66874b0c01cd8c10b6a295dbc4f609acb6f5adc41c37da46641b57eb02,https://web.archive.org/web/20240401153040id_/https://joinkuliner.com/wp-content/themes/zox-news/font-awesome/webfonts/fa-brands-400.woff,
downloaded,wp-content/themes/zox-news/font-awesome/webfonts/fa-brands-400.woff2,https://joinkuliner.com/wp-content/themes/zox-news/font-awesome/webfonts/fa-brands-400.woff2,20240401153058,font/woff2,76736,8ea8791754915a898a3100e63e32978a6d1763be6df8e73a39d3a90d691cdeef,https://web.archive.org/web/20240401153058id_/https://joinkuliner.com/wp-content/themes/zox-news/font-awesome/webfonts/fa-brands-400.woff2,
downloaded,wp-content/themes/zox-news/font-awesome/webfonts/fa-regular-400.eot,https://joinkuliner.com/wp-content/themes/zox-news/font-awesome/webfonts/fa-regular-400.eot,20240401153125,application/vnd.ms-fontobject,34034,79d088064beb3826054fb88165416235897a856ca952fca1498b1c59b16aaa48,https://web.archive.org/web/20240401153125id_/https://joinkuliner.com/wp-content/themes/zox-news/font-awesome/webfonts/fa-regular-400.eot,
downloaded,wp-content/themes/zox-news/font-awesome/webfonts/fa-regular-400.svg,https://joinkuliner.com/wp-content/themes/zox-news/font-awesome/webfonts/fa-regular-400.svg,20240401153050,image/svg+xml,144714,be0a084962d8066884f7fe9bd27ec16e51f5a93b72a502c92c5a24dc87eb2ebc,https://web.archive.org/web/20240401153050id_/https://joinkuliner.com/wp-content/themes/zox-news/font-awesome/webfonts/fa-regular-400.svg,
downloaded,wp-content/themes/zox-news/font-awesome/webfonts/fa-regular-400.ttf,https://joinkuliner.com/wp-content/themes/zox-news/font-awesome/webfonts/fa-regular-400.ttf,20240401154646,font/ttf,33736,e8711bbb871afd8e9dea60e16d30f00c7e4837bbc9807065017475b849fa2313,https://web.archive.org/web/20240401154646id_/https://joinkuliner.com/wp-content/themes/zox-news/font-awesome/webfonts/fa-regular-400.ttf,
downloaded,wp-content/themes/zox-news/font-awesome/webfonts/fa-regular-400.woff,https://joinkuliner.com/wp-content/themes/zox-news/font-awesome/webfonts/fa-regular-400.woff,20240401153055,font/woff,16276,cb9e9e693192413cde2b1f21c1dc1d44b6fe7b27cc2b458e8b359d18f9ff8f4e,https://web.archive.org/web/20240401153055id_/https://joinkuliner.com/wp-content/themes/zox-news/font-awesome/webfonts/fa-regular-400.woff,
downloaded,wp-content/themes/zox-news/font-awesome/webfonts/fa-regular-400.woff2,https://joinkuliner.com/wp-content/themes/zox-news/font-awesome/webfonts/fa-regular-400.woff2,20240401153124,font/woff2,13224,e42a88444448ac3d60549cc7c1ff2c8a9cac721034c073d80a14a44e79730cca,https://web.archive.org/web/20240401153124id_/https://joinkuliner.com/wp-content/themes/zox-news/font-awesome/webfonts/fa-regular-400.woff2,
downloaded,wp-content/themes/zox-news/font-awesome/webfonts/fa-solid-900.eot,https://joinkuliner.com/wp-content/themes/zox-news/font-awesome/webfonts/fa-solid-900.eot,20240401153047,application/vnd.ms-fontobject,203030,373c04fd2418f5c77eea49d514731058f1907a94ff3b4e5d7c3e5767e8b53d8b,https://web.archive.org/web/20240401153047id_/https://joinkuliner.com/wp-content/themes/zox-news/font-awesome/webfonts/fa-solid-900.eot,
downloaded,wp-content/themes/zox-news/font-awesome/webfonts/fa-solid-900.svg,https://joinkuliner.com/wp-content/themes/zox-news/font-awesome/webfonts/fa-solid-900.svg,20240401153051,image/svg+xml,918991,9674eb1bd5504717903837093a67668ea88f2ed006d91367d0d4b7aa1f9211fc,https://web.archive.org/web/20240401153051id_/https://joinkuliner.com/wp-content/themes/zox-news/font-awesome/webfonts/fa-solid-900.svg,
downloaded,wp-content/themes/zox-news/font-awesome/webfonts/fa-solid-900.ttf,https://joinkuliner.com/wp-content/themes/zox-news/font-awesome/webfonts/fa-solid-900.ttf,20240401153126,font/ttf,202744,af6397503fcefbd613976c21ad5c1e37298c18bbe07d096db03ccd3af6e05ba8,https://web.archive.org/web/20240401153126id_/https://joinkuliner.com/wp-content/themes/zox-news/font-awesome/webfonts/fa-solid-900.ttf,
downloaded,wp-content/themes/zox-news/font-awesome/webfonts/fa-solid-900.woff,https://joinkuliner.com/wp-content/themes/zox-news/font-awesome/webfonts/fa-solid-900.woff,20240401154639,font/woff,101648,3f6d3488cf65374f6f676c315340b0ac2be832bd55240c809448e36ef9b96326,https://web.archive.org/web/20240401154639id_/https://joinkuliner.com/wp-content/themes/zox-news/font-awesome/webfonts/fa-solid-900.woff,
downloaded,wp-content/themes/zox-news/font-awesome/webfonts/fa-solid-900.woff2,https://joinkuliner.com/wp-content/themes/zox-news/font-awesome/webfonts/fa-solid-900.woff2,20240401154618,font/woff2,78268,9834b82ad26e2a37583d22676a12dd2eb0fe7c80356a2114d0db1aa8b3899537,https://web.archive.org/web/20240401154618id_/https://joinkuliner.com/wp-content/themes/zox-news/font-awesome/webfonts/fa-solid-900.woff2,
downloaded,wp-content/themes/zox-news/images/insta-bg.gif,https://joinkuliner.com/wp-content/themes/zox-news/images/insta-bg.gif,20240401153100,image/gif,2273,35f605857ebc8b62cb8713bcbd3b3a2431e28144ac1170fbdbcf11d82abf1277,https://web.archive.org/web/20240401153100id_/https://joinkuliner.com/wp-content/themes/zox-news/images/insta-bg.gif,
downloaded,wp-content/themes/zox-news/js/flexslider.js,https://joinkuliner.com/wp-content/themes/zox-news/js/flexslider.js,20241204042927,text/javascript,22038,71e84f4b3a46857e0ee497d4890e8a90ba4889e3c72d3c39a1ea7f78c1f8065b,https://web.archive.org/web/20241204042927id_/https://joinkuliner.com/wp-content/themes/zox-news/js/flexslider.js,
downloaded,wp-content/themes/zox-news/js/flexslider__q_a8982f8e66.js,https://joinkuliner.com/wp-content/themes/zox-news/js/flexslider.js?ver=6.4.3,20240401152926,application/javascript,22038,71e84f4b3a46857e0ee497d4890e8a90ba4889e3c72d3c39a1ea7f78c1f8065b,https://web.archive.org/web/20240401152926id_/https://joinkuliner.com/wp-content/themes/zox-news/js/flexslider.js?ver=6.4.3,
downloaded,wp-content/themes/zox-news/js/jquery.infinitescroll.min.js,https://joinkuliner.com/wp-content/themes/zox-news/js/jquery.infinitescroll.min.js,20241204040220,text/javascript,21705,002d4e61d6efae0d93d62d4c12576e427302f32361e675aaffa3691ecd9ae17d,https://web.archive.org/web/20241204040220id_/https://joinkuliner.com/wp-content/themes/zox-news/js/jquery.infinitescroll.min.js,
downloaded,wp-content/themes/zox-news/js/jquery.infinitescroll.min__q_a8982f8e66.js,https://joinkuliner.com/wp-content/themes/zox-news/js/jquery.infinitescroll.min.js?ver=6.4.3,20240401153510,application/javascript,21705,002d4e61d6efae0d93d62d4c12576e427302f32361e675aaffa3691ecd9ae17d,https://web.archive.org/web/20240401153510id_/https://joinkuliner.com/wp-content/themes/zox-news/js/jquery.infinitescroll.min.js?ver=6.4.3,
downloaded,wp-content/themes/zox-news/js/retina.js,https://joinkuliner.com/wp-content/themes/zox-news/js/retina.js,20241204052646,text/javascript,3104,22fd357442cefcbf238c5e06af21e4546e7207b0b7745de9720707f6c8218eba,https://web.archive.org/web/20241204052646id_/https://joinkuliner.com/wp-content/themes/zox-news/js/retina.js,
downloaded,wp-content/themes/zox-news/js/retina__q_a8982f8e66.js,https://joinkuliner.com/wp-content/themes/zox-news/js/retina.js?ver=6.4.3,20240401153927,application/javascript,3104,22fd357442cefcbf238c5e06af21e4546e7207b0b7745de9720707f6c8218eba,https://web.archive.org/web/20240401153927id_/https://joinkuliner.com/wp-content/themes/zox-news/js/retina.js?ver=6.4.3,
downloaded,wp-content/themes/zox-news/js/scripts.js,https://joinkuliner.com/wp-content/themes/zox-news/js/scripts.js,20241204054209,text/javascript,127088,37d7fadf2ddf536ba61d7926dae0c936f2986bc6cecc30116978c41b20365113,https://web.archive.org/web/20241204054209id_/https://joinkuliner.com/wp-content/themes/zox-news/js/scripts.js,
downloaded,wp-content/themes/zox-news/js/scripts__q_a8982f8e66.js,https://joinkuliner.com/wp-content/themes/zox-news/js/scripts.js?ver=6.4.3,20240401152924,application/javascript,127088,37d7fadf2ddf536ba61d7926dae0c936f2986bc6cecc30116978c41b20365113,https://web.archive.org/web/20240401152924id_/https://joinkuliner.com/wp-content/themes/zox-news/js/scripts.js?ver=6.4.3,
downloaded,wp-content/themes/zox-news/style.css,https://joinkuliner.com/wp-content/themes/zox-news/style.css,20241204043652,text/css,139760,2c115741ce2f8c7156c28b144254ceac1f15db045a63e71587b5aa34c7c2d57c,https://web.archive.org/web/20241204043652id_/https://joinkuliner.com/wp-content/themes/zox-news/style.css,
downloaded,wp-content/themes/zox-news/style__q_a8982f8e66.css,https://joinkuliner.com/wp-content/themes/zox-news/style.css?ver=6.4.3,20240401152937,text/css,139760,2c115741ce2f8c7156c28b144254ceac1f15db045a63e71587b5aa34c7c2d57c,https://web.archive.org/web/20240401152937id_/https://joinkuliner.com/wp-content/themes/zox-news/style.css?ver=6.4.3,
downloaded,wp-content/uploads/2016/12/food1.jpg-100x67.webp,https://joinkuliner.com/wp-content/uploads/2016/12/food1.jpg-100x67.webp,20231211143251,image/webp,3344,4803adbbe8736f4ce0a2fc7953041a7688adcee422a1d0ff7fc82d4b675296b4,https://web.archive.org/web/20231211143251id_/https://joinkuliner.com/wp-content/uploads/2016/12/food1.jpg-100x67.webp,
downloaded,wp-content/uploads/2016/12/food1.jpg-1200x800.webp,https://joinkuliner.com/wp-content/uploads/2016/12/food1.jpg-1200x800.webp,20231211143227,image/webp,238238,dd6ca872a04ea38a87ca1a7f8f036c5bbe72c21732d1436f9cf1d6d39958ef93,https://web.archive.org/web/20231211143227id_/https://joinkuliner.com/wp-content/uploads/2016/12/food1.jpg-1200x800.webp,
downloaded,wp-content/uploads/2016/12/food1.jpg-150x100.webp,https://joinkuliner.com/wp-content/uploads/2016/12/food1.jpg-150x100.webp,20231211143234,image/webp,6442,e04fc975d7513d37b29b9706f20b5f31eaed809c895b91464a198af2a094f740,https://web.archive.org/web/20231211143234id_/https://joinkuliner.com/wp-content/uploads/2016/12/food1.jpg-150x100.webp,
downloaded,wp-content/uploads/2016/12/food1.jpg-1536x1024.webp,https://joinkuliner.com/wp-content/uploads/2016/12/food1.jpg-1536x1024.webp,20231211143238,image/webp,335702,326e95b69b4af809c7cf36e87a253dc4848aa8b903c3fb74d8e008a8d2ae537f,https://web.archive.org/web/20231211143238id_/https://joinkuliner.com/wp-content/uploads/2016/12/food1.jpg-1536x1024.webp,
downloaded,wp-content/uploads/2016/12/food1.jpg-1600x1067.webp,https://joinkuliner.com/wp-content/uploads/2016/12/food1.jpg-1600x1067.webp,20231211143230,image/webp,359630,0949d161342cf744efba02754205f5b0069740f1823d3d40ea3fccad9223e1df,https://web.archive.org/web/20231211143230id_/https://joinkuliner.com/wp-content/uploads/2016/12/food1.jpg-1600x1067.webp,
downloaded,wp-content/uploads/2016/12/food1.jpg-200x133.webp,https://joinkuliner.com/wp-content/uploads/2016/12/food1.jpg-200x133.webp,20231211143256,image/webp,10426,4dec9f4207f1544ef43de183a1b51d1ee1fc6341bd769fa5f507e954b1038e67,https://web.archive.org/web/20231211143256id_/https://joinkuliner.com/wp-content/uploads/2016/12/food1.jpg-200x133.webp,
downloaded,wp-content/uploads/2016/12/food1.jpg-250x167.webp,https://joinkuliner.com/wp-content/uploads/2016/12/food1.jpg-250x167.webp,20231211143232,image/webp,15524,3e49a6573e7675fa56f75cbcbdb5c361e0f834cb7bb41e90ddeb9400f77cfa71,https://web.archive.org/web/20231211143232id_/https://joinkuliner.com/wp-content/uploads/2016/12/food1.jpg-250x167.webp,
downloaded,wp-content/uploads/2016/12/food1.jpg-300x200.webp,https://joinkuliner.com/wp-content/uploads/2016/12/food1.jpg-300x200.webp,20231211143228,image/webp,21544,c215706df22d86f52a959c19397efb851967bb94a30bc8ec4258f0ca3d16c236,https://web.archive.org/web/20231211143228id_/https://joinkuliner.com/wp-content/uploads/2016/12/food1.jpg-300x200.webp,
downloaded,wp-content/uploads/2016/12/food1.jpg-350x233.webp,https://joinkuliner.com/wp-content/uploads/2016/12/food1.jpg-350x233.webp,20231211143257,image/webp,28508,e0de63ddf1626ae9d7548b7d57d60f76a2f57173e07738acad33567579643ac2,https://web.archive.org/web/20231211143257id_/https://joinkuliner.com/wp-content/uploads/2016/12/food1.jpg-350x233.webp,
downloaded,wp-content/uploads/2016/12/food1.jpg-400x267.webp,https://joinkuliner.com/wp-content/uploads/2016/12/food1.jpg-400x267.webp,20231211143229,image/webp,36676,635e7e93829485d48645e3c27851ac703559c97aaa456b09342935a5413c26d0,https://web.archive.org/web/20231211143229id_/https://joinkuliner.com/wp-content/uploads/2016/12/food1.jpg-400x267.webp,
downloaded,wp-content/uploads/2016/12/food1.jpg-450x300.webp,https://joinkuliner.com/wp-content/uploads/2016/12/food1.jpg-450x300.webp,20231211143235,image/webp,45372,cb5e796d47bf39cd0adfee309c991dd2e10e07726967a89d1663b3304d7908b3,https://web.archive.org/web/20231211143235id_/https://joinkuliner.com/wp-content/uploads/2016/12/food1.jpg-450x300.webp,
downloaded,wp-content/uploads/2016/12/food1.jpg-500x333.webp,https://joinkuliner.com/wp-content/uploads/2016/12/food1.jpg-500x333.webp,20231211143242,image/webp,54522,3e5f5d30224295c6864067105e9df0999689625b03e401492561d9e53dec2d91,https://web.archive.org/web/20231211143242id_/https://joinkuliner.com/wp-content/uploads/2016/12/food1.jpg-500x333.webp,
downloaded,wp-content/uploads/2016/12/food1.jpg-50x33.webp,https://joinkuliner.com/wp-content/uploads/2016/12/food1.jpg-50x33.webp,20231211143235,image/webp,1046,0fd07e60d89343fc477ffbff16ac03e8695a10c646fba10de3402c7f61ae6446,https://web.archive.org/web/20231211143235id_/https://joinkuliner.com/wp-content/uploads/2016/12/food1.jpg-50x33.webp,
downloaded,wp-content/uploads/2016/12/food1.jpg-550x367.webp,https://joinkuliner.com/wp-content/uploads/2016/12/food1.jpg-550x367.webp,20231211143252,image/webp,64614,69284f72dac86f47fb4178a61e8e46c53acc496689b2955591b7532daf7caa5d,https://web.archive.org/web/20231211143252id_/https://joinkuliner.com/wp-content/uploads/2016/12/food1.jpg-550x367.webp,
downloaded,wp-content/uploads/2016/12/food1.jpg-650x433.webp,https://joinkuliner.com/wp-content/uploads/2016/12/food1.jpg-650x433.webp,20231211143254,image/webp,86818,d81826f8a7b390f3f49c448fb82cb0f279286156aa9cfad5e4b8dd7249b2726d,https://web.archive.org/web/20231211143254id_/https://joinkuliner.com/wp-content/uploads/2016/12/food1.jpg-650x433.webp,
downloaded,wp-content/uploads/2016/12/food1.jpg-768x512.webp,https://joinkuliner.com/wp-content/uploads/2016/12/food1.jpg-768x512.webp,20231211143237,image/webp,114634,9eedd59e588ad08b257950ce1b012d23f1bf4aa775356c8d0806445e9011fdc1,https://web.archive.org/web/20231211143237id_/https://joinkuliner.com/wp-content/uploads/2016/12/food1.jpg-768x512.webp,
downloaded,wp-content/uploads/2016/12/food1.jpg-800x533.webp,https://joinkuliner.com/wp-content/uploads/2016/12/food1.jpg-800x533.webp,20231211143230,image/webp,122934,193e3f63cf3ad8612ab4d4e508a353c7a7041b54acd135e17c00a5517788c9fb,https://web.archive.org/web/20231211143230id_/https://joinkuliner.com/wp-content/uploads/2016/12/food1.jpg-800x533.webp,
downloaded,wp-content/uploads/2016/12/food1.jpg.webp,https://joinkuliner.com/wp-content/uploads/2016/12/food1.jpg.webp,20240302094528,image/webp,351748,7a39a4084b13830cd509d7d319f9ddb3600bb238f40352b82ded73308a0ab455,https://web.archive.org/web/20240302094528id_/https://joinkuliner.com/wp-content/uploads/2016/12/food1.jpg.webp,
downloaded,wp-content/uploads/2016/12/food11.jpg-100x67.webp,https://joinkuliner.com/wp-content/uploads/2016/12/food11.jpg-100x67.webp,20240401153105,image/webp,2818,7c7cf2275ec4e6d33b3f2950fb461ccc6b9aa21d5cc3d06e364b0cf3a29f098b,https://web.archive.org/web/20240401153105id_/https://joinkuliner.com/wp-content/uploads/2016/12/food11.jpg-100x67.webp,
downloaded,wp-content/uploads/2016/12/food11.jpg-1200x800.webp,https://joinkuliner.com/wp-content/uploads/2016/12/food11.jpg-1200x800.webp,20240401153038,image/webp,184604,554f745fe6a0d16a0afe493f64b7e5b7f1c3e7a14c69eb529303c67613e12f77,https://web.archive.org/web/20240401153038id_/https://joinkuliner.com/wp-content/uploads/2016/12/food11.jpg-1200x800.webp,
downloaded,wp-content/uploads/2016/12/food11.jpg-150x100.webp,https://joinkuliner.com/wp-content/uploads/2016/12/food11.jpg-150x100.webp,20240401153030,image/webp,5408,707337d5ea0111eb64debcde9724a93df44bc9650fb95176b7b49f9ba2cbdabc,https://web.archive.org/web/20240401153030id_/https://joinkuliner.com/wp-content/uploads/2016/12/food11.jpg-150x100.webp,
downloaded,wp-content/uploads/2016/12/food11.jpg-1536x1024.webp,https://joinkuliner.com/wp-content/uploads/2016/12/food11.jpg-1536x1024.webp,20240401153026,image/webp,90112,dc43fcd87c3f7d5773ac8f470a0ff7eeeff3667e22cb7e3a174336b3c03929d4,https://web.archive.org/web/20240401153026id_/https://joinkuliner.com/wp-content/uploads/2016/12/food11.jpg-1536x1024.webp,
downloaded,wp-content/uploads/2016/12/food11.jpg-1600x1067.webp,https://joinkuliner.com/wp-content/uploads/2016/12/food11.jpg-1600x1067.webp,20240401153114,image/webp,282284,21bfb21d460b49ee55e9cfa45420b0fdeb6cd07d156af6b9bd979bab560a19d6,https://web.archive.org/web/20240401153114id_/https://joinkuliner.com/wp-content/uploads/2016/12/food11.jpg-1600x1067.webp,
downloaded,wp-content/uploads/2016/12/food11.jpg-200x133.webp,https://joinkuliner.com/wp-content/uploads/2016/12/food11.jpg-200x133.webp,20240401153024,image/webp,8826,a3d338fccaeeafaaae05d1b7dbd25a331900645e92e1179a4567611fb314e8f4,https://web.archive.org/web/20240401153024id_/https://joinkuliner.com/wp-content/uploads/2016/12/food11.jpg-200x133.webp,
downloaded,wp-content/uploads/2016/12/food11.jpg-250x167.webp,https://joinkuliner.com/wp-content/uploads/2016/12/food11.jpg-250x167.webp,20240401153124,image/webp,13158,4ae6b9e5ca9437b60644825cac132b9203b88ff14441e1f9712ee588e9e75f94,https://web.archive.org/web/20240401153124id_/https://joinkuliner.com/wp-content/uploads/2016/12/food11.jpg-250x167.webp,
downloaded,wp-content/uploads/2016/12/food11.jpg-300x200.webp,https://joinkuliner.com/wp-content/uploads/2016/12/food11.jpg-300x200.webp,20240401153035,image/webp,17606,129915993e60aea1e94cd69414e2a05af5433fd8658e6cd3371cfe7fd4514f9e,https://web.archive.org/web/20240401153035id_/https://joinkuliner.com/wp-content/uploads/2016/12/food11.jpg-300x200.webp,
downloaded,wp-content/uploads/2016/12/food11.jpg-350x233.webp,https://joinkuliner.com/wp-content/uploads/2016/12/food11.jpg-350x233.webp,20240401153111,image/webp,22810,f25b205f07719d26da657e66976a451e2eb02a4066a0ee6e49378e61aacb2d4a,https://web.archive.org/web/20240401153111id_/https://joinkuliner.com/wp-content/uploads/2016/12/food11.jpg-350x233.webp,
downloaded,wp-content/uploads/2016/12/food11.jpg-400x267.webp,https://joinkuliner.com/wp-content/uploads/2016/12/food11.jpg-400x267.webp,20240401153117,image/webp,28652,87ceb08cbdd2a82ccffe1376357af20dd1201050a68f75d0f968d93761a78e27,https://web.archive.org/web/20240401153117id_/https://joinkuliner.com/wp-content/uploads/2016/12/food11.jpg-400x267.webp,
downloaded,wp-content/uploads/2016/12/food11.jpg-450x300.webp,https://joinkuliner.com/wp-content/uploads/2016/12/food11.jpg-450x300.webp,20240401153031,image/webp,35618,9b920a9c669580151bccc1eb1db767eb829601035741247f2b38e17b935ea65b,https://web.archive.org/web/20240401153031id_/https://joinkuliner.com/wp-content/uploads/2016/12/food11.jpg-450x300.webp,
downloaded,wp-content/uploads/2016/12/food11.jpg-500x333.webp,https://joinkuliner.com/wp-content/uploads/2016/12/food11.jpg-500x333.webp,20240401154603,image/webp,42972,6ca8a54e8d4a010b71a78ed8b295d92f585b1a462b78646e7674e6c1b408d386,https://web.archive.org/web/20240401154603id_/https://joinkuliner.com/wp-content/uploads/2016/12/food11.jpg-500x333.webp,
downloaded,wp-content/uploads/2016/12/food11.jpg-50x33.webp,https://joinkuliner.com/wp-content/uploads/2016/12/food11.jpg-50x33.webp,20240401153023,image/webp,924,c586128d7d932a0ee6655d0fd117ff54c83f0c415f10dae4aad40f2585e91c46,https://web.archive.org/web/20240401153023id_/https://joinkuliner.com/wp-content/uploads/2016/12/food11.jpg-50x33.webp,
downloaded,wp-content/uploads/2016/12/food11.jpg-550x367.webp,https://joinkuliner.com/wp-content/uploads/2016/12/food11.jpg-550x367.webp,20240401154543,image/webp,50914,01cbbb5e8df3bce51b005dc2833284fb149a9695b983c6d455f6d74050651d41,https://web.archive.org/web/20240401154543id_/https://joinkuliner.com/wp-content/uploads/2016/12/food11.jpg-550x367.webp,
downloaded,wp-content/uploads/2016/12/food11.jpg-650x433.webp,https://joinkuliner.com/wp-content/uploads/2016/12/food11.jpg-650x433.webp,20240401154556,image/webp,67076,b11f707caacda3cecd1f18c52902a8e9042f13a16feee6c82290986fe192ebb5,https://web.archive.org/web/20240401154556id_/https://joinkuliner.com/wp-content/uploads/2016/12/food11.jpg-650x433.webp,
downloaded,wp-content/uploads/2016/12/food11.jpg-768x512.webp,https://joinkuliner.com/wp-content/uploads/2016/12/food11.jpg-768x512.webp,20240401153118,image/webp,89122,f59a4cb138896c171664c945b848fc4422ac6dbce708913b56f20a5308ad7391,https://web.archive.org/web/20240401153118id_/https://joinkuliner.com/wp-content/uploads/2016/12/food11.jpg-768x512.webp,
downloaded,wp-content/uploads/2016/12/food11.jpg-800x533.webp,https://joinkuliner.com/wp-content/uploads/2016/12/food11.jpg-800x533.webp,20240401154157,image/webp,95020,20fabe62a4816877bbd58c109de4ba8aeac6d0478eace54b49ea1763cd56adee,https://web.archive.org/web/20240401154157id_/https://joinkuliner.com/wp-content/uploads/2016/12/food11.jpg-800x533.webp,
downloaded,wp-content/uploads/2016/12/food11.jpg.webp,https://joinkuliner.com/wp-content/uploads/2016/12/food11.jpg.webp,20240401153120,image/webp,297140,22c5698e9ffd6b74c4c1d50fc56ad2e2927143f893219771fc9c18d7226c8a5b,https://web.archive.org/web/20240401153120id_/https://joinkuliner.com/wp-content/uploads/2016/12/food11.jpg.webp,
downloaded,wp-content/uploads/2016/12/food3.jpg-1200x800.webp,https://joinkuliner.com/wp-content/uploads/2016/12/food3.jpg-1200x800.webp,20240401153106,image/webp,141752,1817ea55a69d1bbc91bf4cf666aec5d15e06620aab65c2b76071d89c2717b768,https://web.archive.org/web/20240401153106id_/https://joinkuliner.com/wp-content/uploads/2016/12/food3.jpg-1200x800.webp,
downloaded,wp-content/uploads/2016/12/food3.jpg-1536x1024.webp,https://joinkuliner.com/wp-content/uploads/2016/12/food3.jpg-1536x1024.webp,20240401153100,image/webp,188978,7c745c2b66d79e6aa0797b553ad4c09bf193133dc7cb54863fd0a81588b80857,https://web.archive.org/web/20240401153100id_/https://joinkuliner.com/wp-content/uploads/2016/12/food3.jpg-1536x1024.webp,
downloaded,wp-content/uploads/2016/12/food3.jpg-1600x1067.webp,https://joinkuliner.com/wp-content/uploads/2016/12/food3.jpg-1600x1067.webp,20240401153108,image/webp,203152,c3bc627dd239b9131a830827261e059b8da36c50ca00361b573f547190187824,https://web.archive.org/web/20240401153108id_/https://joinkuliner.com/wp-content/uploads/2016/12/food3.jpg-1600x1067.webp,
downloaded,wp-content/uploads/2016/12/food3.jpg-250x167.webp,https://joinkuliner.com/wp-content/uploads/2016/12/food3.jpg-250x167.webp,20240401153023,image/webp,12518,13c8662353a3ee84405a4aadb557b4d2e107078148a0f276900ec68c55250dde,https://web.archive.org/web/20240401153023id_/https://joinkuliner.com/wp-content/uploads/2016/12/food3.jpg-250x167.webp,
downloaded,wp-content/uploads/2016/12/food3.jpg-400x267.webp,https://joinkuliner.com/wp-content/uploads/2016/12/food3.jpg-400x267.webp,20240401153104,image/webp,26932,52394279e7f1cd54e4b1a1cc4c07c6fa917addda02b9537c4a99add330c67eb4,https://web.archive.org/web/20240401153104id_/https://joinkuliner.com/wp-content/uploads/2016/12/food3.jpg-400x267.webp,
downloaded,wp-content/uploads/2016/12/food3.jpg-500x333.webp,https://joinkuliner.com/wp-content/uploads/2016/12/food3.jpg-500x333.webp,20240401153036,image/webp,38164,0a08a6a7d4ed80f2bb2cfc320b7a52813eefcd012b31f97487a873d86ee68acc,https://web.archive.org/web/20240401153036id_/https://joinkuliner.com/wp-content/uploads/2016/12/food3.jpg-500x333.webp,
downloaded,wp-content/uploads/2016/12/food3.jpg-550x367.webp,https://joinkuliner.com/wp-content/uploads/2016/12/food3.jpg-550x367.webp,20240401154528,image/webp,44468,411f35e1adcd111d8ebb2fabc9fe9dc94015b6030ae2ba913361887b3578d246,https://web.archive.org/web/20240401154528id_/https://joinkuliner.com/wp-content/uploads/2016/12/food3.jpg-550x367.webp,
downloaded,wp-content/uploads/2016/12/food3.jpg-650x433.webp,https://joinkuliner.com/wp-content/uploads/2016/12/food3.jpg-650x433.webp,20240401154516,image/webp,58106,edf2b92c64019f69b1913340cf083f02eed1c65e7b5639cfd0da2e54dcacb640,https://web.archive.org/web/20240401154516id_/https://joinkuliner.com/wp-content/uploads/2016/12/food3.jpg-650x433.webp,
downloaded,wp-content/uploads/2016/12/food3.jpg-768x512.webp,https://joinkuliner.com/wp-content/uploads/2016/12/food3.jpg-768x512.webp,20240401153103,image/webp,74756,de08120e185710b1dfd62adb2686ff34680346153d99f94b6a84162d19ec5cb2,https://web.archive.org/web/20240401153103id_/https://joinkuliner.com/wp-content/uploads/2016/12/food3.jpg-768x512.webp,
downloaded,wp-content/uploads/2016/12/food3.jpg-800x533.webp,https://joinkuliner.com/wp-content/uploads/2016/12/food3.jpg-800x533.webp,20240401153112,image/webp,79404,673c4739405f4e5dfad0285b44f5a22b715d08bd63eb81a7088841f692755e2f,https://web.archive.org/web/20240401153112id_/https://joinkuliner.com/wp-content/uploads/2016/12/food3.jpg-800x533.webp,
downloaded,wp-content/uploads/2016/12/food3.jpg.webp,https://joinkuliner.com/wp-content/uploads/2016/12/food3.jpg.webp,20240401153032,image/webp,184752,b4776cffc90951b6a3accf2ecbe645f3feb7f510f5ca52bc0bc922fe013b078b,https://web.archive.org/web/20240401153032id_/https://joinkuliner.com/wp-content/uploads/2016/12/food3.jpg.webp,
downloaded,wp-content/uploads/2016/12/food5.jpg-100x67.webp,https://joinkuliner.com/wp-content/uploads/2016/12/food5.jpg-100x67.webp,20231228083121,image/webp,4746,09589571a5e2a45b9e26312f4b196de5db5d7cca41044afc163e0a94c0b06651,https://web.archive.org/web/20231228083121id_/https://joinkuliner.com/wp-content/uploads/2016/12/food5.jpg-100x67.webp,
downloaded,wp-content/uploads/2016/12/food5.jpg-1200x800.webp,https://joinkuliner.com/wp-content/uploads/2016/12/food5.jpg-1200x800.webp,20231228083115,image/webp,256898,4cc450059e40fcd079515b300b4e53d301d3896271196a1c342ee67593c3e37a,https://web.archive.org/web/20231228083115id_/https://joinkuliner.com/wp-content/uploads/2016/12/food5.jpg-1200x800.webp,
downloaded,wp-content/uploads/2016/12/food5.jpg-150x100.webp,https://joinkuliner.com/wp-content/uploads/2016/12/food5.jpg-150x100.webp,20231228083116,image/webp,9186,72a667e1f496450783a8602a9b02f49bdfee9330e70b980eddf55bd2a6547a5e,https://web.archive.org/web/20231228083116id_/https://joinkuliner.com/wp-content/uploads/2016/12/food5.jpg-150x100.webp,
downloaded,wp-content/uploads/2016/12/food5.jpg-1536x1024.webp,https://joinkuliner.com/wp-content/uploads/2016/12/food5.jpg-1536x1024.webp,20231228083117,image/webp,342882,dd0f2e9aa6b16b26582311a1c8054e79242ebaa6e74d578905b6761404c45775,https://web.archive.org/web/20231228083117id_/https://joinkuliner.com/wp-content/uploads/2016/12/food5.jpg-1536x1024.webp,
downloaded,wp-content/uploads/2016/12/food5.jpg-1600x1067.webp,https://joinkuliner.com/wp-content/uploads/2016/12/food5.jpg-1600x1067.webp,20231228083114,image/webp,372348,c2b230124195013b920be90c12dd40dd7528eb71a240db80ae5559ad5b8c9e39,https://web.archive.org/web/20231228083114id_/https://joinkuliner.com/wp-content/uploads/2016/12/food5.jpg-1600x1067.webp,
downloaded,wp-content/uploads/2016/12/food5.jpg-200x133.webp,https://joinkuliner.com/wp-content/uploads/2016/12/food5.jpg-200x133.webp,20231228083122,image/webp,14934,6484ba3b4b4d923d04592fd78fe6c98aa482703069d5b315f20f6f8ff304ec0e,https://web.archive.org/web/20231228083122id_/https://joinkuliner.com/wp-content/uploads/2016/12/food5.jpg-200x133.webp,
downloaded,wp-content/uploads/2016/12/food5.jpg-250x167.webp,https://joinkuliner.com/wp-content/uploads/2016/12/food5.jpg-250x167.webp,20231228083112,image/webp,22122,cf53b54a18f264ed425030cf3129a37e084629120159a43e9054ad48e7d202ee,https://web.archive.org/web/20231228083112id_/https://joinkuliner.com/wp-content/uploads/2016/12/food5.jpg-250x167.webp,
downloaded,wp-content/uploads/2016/12/food5.jpg-300x200.webp,https://joinkuliner.com/wp-content/uploads/2016/12/food5.jpg-300x200.webp,20231228083120,image/webp,8192,1f55b5a49f5c2141942f1a70ece058c46c81b4acc2a3cd5fb3dc275bce13d263,https://web.archive.org/web/20231228083120id_/https://joinkuliner.com/wp-content/uploads/2016/12/food5.jpg-300x200.webp,
downloaded,wp-content/uploads/2016/12/food5.jpg-350x233.webp,https://joinkuliner.com/wp-content/uploads/2016/12/food5.jpg-350x233.webp,20231228083119,image/webp,38250,c9e3b40dbd12525ee4ac2386531807cb4a9bc948fbe96d8670c147e8e818c795,https://web.archive.org/web/20231228083119id_/https://joinkuliner.com/wp-content/uploads/2016/12/food5.jpg-350x233.webp,
downloaded,wp-content/uploads/2016/12/food5.jpg-400x267.webp,https://joinkuliner.com/wp-content/uploads/2016/12/food5.jpg-400x267.webp,20231228083116,image/webp,47684,4f8f4da920cdf22ec0c1db15d3832a405fba3e5f355b981463849565ee12bcac,https://web.archive.org/web/20231228083116id_/https://joinkuliner.com/wp-content/uploads/2016/12/food5.jpg-400x267.webp,
downloaded,wp-content/uploads/2016/12/food5.jpg-450x300.webp,https://joinkuliner.com/wp-content/uploads/2016/12/food5.jpg-450x300.webp,20231228083124,image/webp,57810,d4032053b41d5a8e0628072ae1d3abedc221a77f6484693867bf5398a424d559,https://web.archive.org/web/20231228083124id_/https://joinkuliner.com/wp-content/uploads/2016/12/food5.jpg-450x300.webp,
downloaded,wp-content/uploads/2016/12/food5.jpg-500x333.webp,https://joinkuliner.com/wp-content/uploads/2016/12/food5.jpg-500x333.webp,20231228083123,image/webp,68206,bd87a648ce07690d42d5ba432304932a80f8372ad885515c14eeee6102a61473,https://web.archive.org/web/20231228083123id_/https://joinkuliner.com/wp-content/uploads/2016/12/food5.jpg-500x333.webp,
downloaded,wp-content/uploads/2016/12/food5.jpg-50x33.webp,https://joinkuliner.com/wp-content/uploads/2016/12/food5.jpg-50x33.webp,20231228083117,image/webp,1534,8c58056e668e44a223eb83907bd1f3a21720ff5f7aa96921b0eaef34ae3d8962,https://web.archive.org/web/20231228083117id_/https://joinkuliner.com/wp-content/uploads/2016/12/food5.jpg-50x33.webp,
downloaded,wp-content/uploads/2016/12/food5.jpg-550x367.webp,https://joinkuliner.com/wp-content/uploads/2016/12/food5.jpg-550x367.webp,20231228083113,image/webp,79234,c825e4fe4875658deb78347984752b995e820c6611241fae3117842fd8d9f499,https://web.archive.org/web/20231228083113id_/https://joinkuliner.com/wp-content/uploads/2016/12/food5.jpg-550x367.webp,
downloaded,wp-content/uploads/2016/12/food5.jpg-650x433.webp,https://joinkuliner.com/wp-content/uploads/2016/12/food5.jpg-650x433.webp,20231228083112,image/webp,102272,ffe44d84908aebf95b5a2a74541beff32bec661088374976a91dab743219ac73,https://web.archive.org/web/20231228083112id_/https://joinkuliner.com/wp-content/uploads/2016/12/food5.jpg-650x433.webp,
downloaded,wp-content/uploads/2016/12/food5.jpg-800x533.webp,https://joinkuliner.com/wp-content/uploads/2016/12/food5.jpg-800x533.webp,20231228083113,image/webp,141880,8102969073d209eca6e39d016d007278509f07cb71d5c29740abbb25fa8c39e3,https://web.archive.org/web/20231228083113id_/https://joinkuliner.com/wp-content/uploads/2016/12/food5.jpg-800x533.webp,
downloaded,wp-content/uploads/2016/12/food5.jpg.webp,https://joinkuliner.com/wp-content/uploads/2016/12/food5.jpg.webp,20231228083119,image/webp,354326,16d199d3612f4312a5fc4cae6d83e3ea9b05977be8bf11557d948d72b2bb8a71,https://web.archive.org/web/20231228083119id_/https://joinkuliner.com/wp-content/uploads/2016/12/food5.jpg.webp,
downloaded,wp-content/uploads/2016/12/food6.jpg.webp,https://joinkuliner.com/wp-content/uploads/2016/12/food6.jpg.webp,20231211143151,image/webp,109120,63d7b4f3f6b4fb87bc3cfe4a5c9b063a96b0edb840d0b8bcc5b0d1299023626f,https://web.archive.org/web/20231211143151id_/https://joinkuliner.com/wp-content/uploads/2016/12/food6.jpg.webp,
downloaded,wp-content/uploads/2023/10/AnyConv.com__bunggeopang-100x71.jpg,https://joinkuliner.com/wp-content/uploads/2023/10/AnyConv.com__bunggeopang-100x71.jpg,20231226150849,image/jpeg,3893,f95a0b727842e22c944bfd2cbabb4f8a8c476fbc6dcbeb6435129c0a211015ca,https://web.archive.org/web/20231226150849id_/https://joinkuliner.com/wp-content/uploads/2023/10/AnyConv.com__bunggeopang-100x71.jpg,
downloaded,wp-content/uploads/2023/10/AnyConv.com__bunggeopang-150x107.jpg,https://joinkuliner.com/wp-content/uploads/2023/10/AnyConv.com__bunggeopang-150x107.jpg,20231226150852,image/jpeg,7258,8069c6b4f7a63b9db3e9f0ca98aa72d4127b25685a965f3c10340f394e3c3588,https://web.archive.org/web/20231226150852id_/https://joinkuliner.com/wp-content/uploads/2023/10/AnyConv.com__bunggeopang-150x107.jpg,
downloaded,wp-content/uploads/2023/10/AnyConv.com__bunggeopang-200x143.jpg,https://joinkuliner.com/wp-content/uploads/2023/10/AnyConv.com__bunggeopang-200x143.jpg,20231226150844,image/jpeg,11023,7db8fe3ece205771b1fd4a8aea0ba5aad8eadf076d19fb340a634f298c98da0e,https://web.archive.org/web/20231226150844id_/https://joinkuliner.com/wp-content/uploads/2023/10/AnyConv.com__bunggeopang-200x143.jpg,
downloaded,wp-content/uploads/2023/10/AnyConv.com__bunggeopang-250x179.jpg,https://joinkuliner.com/wp-content/uploads/2023/10/AnyConv.com__bunggeopang-250x179.jpg,20231226150851,image/jpeg,15995,38ef6f6fca1c3d868e3dfacdb21297b3bdff960ddfe395a3f158c99454c1352e,https://web.archive.org/web/20231226150851id_/https://joinkuliner.com/wp-content/uploads/2023/10/AnyConv.com__bunggeopang-250x179.jpg,
downloaded,wp-content/uploads/2023/10/AnyConv.com__bunggeopang-50x36.jpg,https://joinkuliner.com/wp-content/uploads/2023/10/AnyConv.com__bunggeopang-50x36.jpg,20231226150852,image/jpeg,1685,043de07b619cd12073dc0f46012048828a7737c952e8e4967e8fe313ae75734e,https://web.archive.org/web/20231226150852id_/https://joinkuliner.com/wp-content/uploads/2023/10/AnyConv.com__bunggeopang-50x36.jpg,
downloaded,wp-content/uploads/2023/10/AnyConv.com__bunggeopang.jpg,https://joinkuliner.com/wp-content/uploads/2023/10/AnyConv.com__bunggeopang.jpg,20231226150845,image/jpeg,14304,c316e7790946e2decdf24d682a81169b7148614ed819627651957a36d654bd51,https://web.archive.org/web/20231226150845id_/https://joinkuliner.com/wp-content/uploads/2023/10/AnyConv.com__bunggeopang.jpg,
downloaded,wp-content/uploads/2023/10/AnyConv.com__gyeranbbang-1-100x60.jpg,https://joinkuliner.com/wp-content/uploads/2023/10/AnyConv.com__gyeranbbang-1-100x60.jpg,20231226150855,image/jpeg,3278,c64ecce2af7c0c99aa0f54d0a2bc03291d7f7aa56b5c79f00e5becf494417512,https://web.archive.org/web/20231226150855id_/https://joinkuliner.com/wp-content/uploads/2023/10/AnyConv.com__gyeranbbang-1-100x60.jpg,
downloaded,wp-content/uploads/2023/10/AnyConv.com__gyeranbbang-1-150x90.jpg,https://joinkuliner.com/wp-content/uploads/2023/10/AnyConv.com__gyeranbbang-1-150x90.jpg,20231226150848,image/jpeg,5852,aef04fb937c3aa2ea124dcaeb14d3baca150b00145ad19d072f4f16d748cea89,https://web.archive.org/web/20231226150848id_/https://joinkuliner.com/wp-content/uploads/2023/10/AnyConv.com__gyeranbbang-1-150x90.jpg,
downloaded,wp-content/uploads/2023/10/AnyConv.com__gyeranbbang-1-200x120.jpg,https://joinkuliner.com/wp-content/uploads/2023/10/AnyConv.com__gyeranbbang-1-200x120.jpg,20231226150850,image/jpeg,8895,34740610ab23bd052ab1175611f917e7a3b77f5051d1cf6952c9d216819b8108,https://web.archive.org/web/20231226150850id_/https://joinkuliner.com/wp-content/uploads/2023/10/AnyConv.com__gyeranbbang-1-200x120.jpg,
downloaded,wp-content/uploads/2023/10/AnyConv.com__gyeranbbang-1-250x150.jpg,https://joinkuliner.com/wp-content/uploads/2023/10/AnyConv.com__gyeranbbang-1-250x150.jpg,20231226150846,image/jpeg,12748,960d2875ec26b2f33eb20389eb9711e79a6b59b2bc2778954d834b56ea5c2763,https://web.archive.org/web/20231226150846id_/https://joinkuliner.com/wp-content/uploads/2023/10/AnyConv.com__gyeranbbang-1-250x150.jpg,
downloaded,wp-content/uploads/2023/10/AnyConv.com__gyeranbbang-1-50x30.jpg,https://joinkuliner.com/wp-content/uploads/2023/10/AnyConv.com__gyeranbbang-1-50x30.jpg,20231226150853,image/jpeg,1477,05ce68aa8d45d93f6c5dfe279561fa2be7c94e0397cd117a171cc19608ab3a4c,https://web.archive.org/web/20231226150853id_/https://joinkuliner.com/wp-content/uploads/2023/10/AnyConv.com__gyeranbbang-1-50x30.jpg,
downloaded,wp-content/uploads/2023/10/AnyConv.com__gyeranbbang-1.jpg,https://joinkuliner.com/wp-content/uploads/2023/10/AnyConv.com__gyeranbbang-1.jpg,20231226150847,image/jpeg,13336,a836ab6e5ec93de2f69d38f67dbe6d1d9cf9b9a42325d8fe920e63e23258f76c,https://web.archive.org/web/20231226150847id_/https://joinkuliner.com/wp-content/uploads/2023/10/AnyConv.com__gyeranbbang-1.jpg,
downloaded,wp-content/uploads/2023/10/AnyConv.com__hottoek-100x67.jpg,https://joinkuliner.com/wp-content/uploads/2023/10/AnyConv.com__hottoek-100x67.jpg,20231226150848,image/jpeg,3359,5913c7ca3f85e44d5c9a7fe7d3f7ff15aca45390ba405fb1467e2e5e04a47965,https://web.archive.org/web/20231226150848id_/https://joinkuliner.com/wp-content/uploads/2023/10/AnyConv.com__hottoek-100x67.jpg,
downloaded,wp-content/uploads/2023/10/AnyConv.com__hottoek-150x100.jpg,https://joinkuliner.com/wp-content/uploads/2023/10/AnyConv.com__hottoek-150x100.jpg,20231226150854,image/jpeg,5857,1a5ad305ebc5a59a623b83418d4fa953290500137f4e469957ba5d662325607a,https://web.archive.org/web/20231226150854id_/https://joinkuliner.com/wp-content/uploads/2023/10/AnyConv.com__hottoek-150x100.jpg,
downloaded,wp-content/uploads/2023/10/AnyConv.com__hottoek-200x133.jpg,https://joinkuliner.com/wp-content/uploads/2023/10/AnyConv.com__hottoek-200x133.jpg,20231226150844,image/jpeg,8852,9eaed905a634585352c240f8bae812a67268721c158f566886da15e2d8f9fea1,https://web.archive.org/web/20231226150844id_/https://joinkuliner.com/wp-content/uploads/2023/10/AnyConv.com__hottoek-200x133.jpg,
downloaded,wp-content/uploads/2023/10/AnyConv.com__hottoek-250x166.jpg,https://joinkuliner.com/wp-content/uploads/2023/10/AnyConv.com__hottoek-250x166.jpg,20231226150849,image/jpeg,12424,cd5cdcc0b25250fec32b5069b03056f4c30738880cb738ab5fff419d5366939a,https://web.archive.org/web/20231226150849id_/https://joinkuliner.com/wp-content/uploads/2023/10/AnyConv.com__hottoek-250x166.jpg,
downloaded,wp-content/uploads/2023/10/AnyConv.com__hottoek-50x33.jpg,https://joinkuliner.com/wp-content/uploads/2023/10/AnyConv.com__hottoek-50x33.jpg,20231226150854,image/jpeg,1526,25ad7110bd5b300c578d16f9eaf1ee98d89734e58269db78ded4d23653b984db,https://web.archive.org/web/20231226150854id_/https://joinkuliner.com/wp-content/uploads/2023/10/AnyConv.com__hottoek-50x33.jpg,
downloaded,wp-content/uploads/2023/10/AnyConv.com__hottoek.jpg,https://joinkuliner.com/wp-content/uploads/2023/10/AnyConv.com__hottoek.jpg,20231226150847,image/jpeg,10773,4c3c177a8f749aa14830fb841e250b62e8293656bc820b78db7907f2b48f186e,https://web.archive.org/web/20231226150847id_/https://joinkuliner.com/wp-content/uploads/2023/10/AnyConv.com__hottoek.jpg,
downloaded,wp-content/uploads/2023/10/Menciptakan-Franchise-Lokal-Berstandar-Dunia-100x68.jpg,https://joinkuliner.com/wp-content/uploads/2023/10/Menciptakan-Franchise-Lokal-Berstandar-Dunia-100x68.jpg,20231211143217,image/jpeg,3936,d406885f6c309e352380b2bcb48757996acede9ad2e0ef5058ab6e39b6d61dfe,https://web.archive.org/web/20231211143217id_/https://joinkuliner.com/wp-content/uploads/2023/10/Menciptakan-Franchise-Lokal-Berstandar-Dunia-100x68.jpg,
downloaded,wp-content/uploads/2023/10/Menciptakan-Franchise-Lokal-Berstandar-Dunia-150x102.jpg,https://joinkuliner.com/wp-content/uploads/2023/10/Menciptakan-Franchise-Lokal-Berstandar-Dunia-150x102.jpg,20231211143213,image/jpeg,6981,10a17d2870f68701e524dd352a642d70d985eae4139fea3a500f1f77b3bc134d,https://web.archive.org/web/20231211143213id_/https://joinkuliner.com/wp-content/uploads/2023/10/Menciptakan-Franchise-Lokal-Berstandar-Dunia-150x102.jpg,
downloaded,wp-content/uploads/2023/10/Menciptakan-Franchise-Lokal-Berstandar-Dunia-200x136.jpg,https://joinkuliner.com/wp-content/uploads/2023/10/Menciptakan-Franchise-Lokal-Berstandar-Dunia-200x136.jpg,20231211143232,image/jpeg,10452,a2abaa94a4e8a4146e988322a7f96f131336ab13b35abcd0cd6c7481e27973ed,https://web.archive.org/web/20231211143232id_/https://joinkuliner.com/wp-content/uploads/2023/10/Menciptakan-Franchise-Lokal-Berstandar-Dunia-200x136.jpg,
downloaded,wp-content/uploads/2023/10/Menciptakan-Franchise-Lokal-Berstandar-Dunia-250x169.jpg,https://joinkuliner.com/wp-content/uploads/2023/10/Menciptakan-Franchise-Lokal-Berstandar-Dunia-250x169.jpg,20231211143213,image/jpeg,14075,3cb86ccbcf1822eaae86d74bb2e2e6b3f9bb31c2f8bf862f5a3a69e2f0fe37c8,https://web.archive.org/web/20231211143213id_/https://joinkuliner.com/wp-content/uploads/2023/10/Menciptakan-Franchise-Lokal-Berstandar-Dunia-250x169.jpg,
downloaded,wp-content/uploads/2023/10/Menciptakan-Franchise-Lokal-Berstandar-Dunia-50x34.jpg,https://joinkuliner.com/wp-content/uploads/2023/10/Menciptakan-Franchise-Lokal-Berstandar-Dunia-50x34.jpg,20231211143219,image/jpeg,1578,52da29f3b48423b8bfd4676165804c0c7ac8fcd6244ff8ddbc15dbcb6b6fdc4c,https://web.archive.org/web/20231211143219id_/https://joinkuliner.com/wp-content/uploads/2023/10/Menciptakan-Franchise-Lokal-Berstandar-Dunia-50x34.jpg,
downloaded,wp-content/uploads/2023/10/Menciptakan-Franchise-Lokal-Berstandar-Dunia.jpg,https://joinkuliner.com/wp-content/uploads/2023/10/Menciptakan-Franchise-Lokal-Berstandar-Dunia.jpg,20231211143207,image/jpeg,13454,0a277bbf5988dab40612d45a2e1de5d3c04441a67b879279099c7f3d714986ad,https://web.archive.org/web/20231211143207id_/https://joinkuliner.com/wp-content/uploads/2023/10/Menciptakan-Franchise-Lokal-Berstandar-Dunia.jpg,
downloaded,wp-content/uploads/2023/10/angkringan-100x50.png,https://joinkuliner.com/wp-content/uploads/2023/10/angkringan-100x50.png,20231211143200,image/png,14499,f111b86bfeeacc80738ec7afc97515b1348e3e8feb1760bb7a71a051fc484852,https://web.archive.org/web/20231211143200id_/https://joinkuliner.com/wp-content/uploads/2023/10/angkringan-100x50.png,
downloaded,wp-content/uploads/2023/10/angkringan-1200x600.png,https://joinkuliner.com/wp-content/uploads/2023/10/angkringan-1200x600.png,20231211143205,image/png,1447049,4e46067818f4cead8358d026c266c8fa4dd68d6a3e8fbab16ce670fbac9e4a7e,https://web.archive.org/web/20231211143205id_/https://joinkuliner.com/wp-content/uploads/2023/10/angkringan-1200x600.png,
downloaded,wp-content/uploads/2023/10/angkringan-150x75.png,https://joinkuliner.com/wp-content/uploads/2023/10/angkringan-150x75.png,20231211143159,image/png,31679,005615ec8ff51611e1b64e6ad054d66e6e356071a9c5da55c070787a18792b1d,https://web.archive.org/web/20231211143159id_/https://joinkuliner.com/wp-content/uploads/2023/10/angkringan-150x75.png,
downloaded,wp-content/uploads/2023/10/angkringan-200x100.png,https://joinkuliner.com/wp-content/uploads/2023/10/angkringan-200x100.png,20231211143226,image/png,54655,a0c611dd758908d8e960f1299afe5171719cbb502f8b1732188be01ab64a0a33,https://web.archive.org/web/20231211143226id_/https://joinkuliner.com/wp-content/uploads/2023/10/angkringan-200x100.png,
downloaded,wp-content/uploads/2023/10/angkringan-250x125.png,https://joinkuliner.com/wp-content/uploads/2023/10/angkringan-250x125.png,20231211143153,image/png,83192,008fe88d40d570a138b61b452c0b6a5cd36c56de055d5b91ea4a8fd27bf5bc3d,https://web.archive.org/web/20231211143153id_/https://joinkuliner.com/wp-content/uploads/2023/10/angkringan-250x125.png,
downloaded,wp-content/uploads/2023/10/angkringan-300x150.png,https://joinkuliner.com/wp-content/uploads/2023/10/angkringan-300x150.png,20231211143222,image/png,116781,7d7579be6352a186804784f3754826c1a9a7c30d783c4bf3235273a8c92871ed,https://web.archive.org/web/20231211143222id_/https://joinkuliner.com/wp-content/uploads/2023/10/angkringan-300x150.png,
downloaded,wp-content/uploads/2023/10/angkringan-350x175.png,https://joinkuliner.com/wp-content/uploads/2023/10/angkringan-350x175.png,20231211143211,image/png,155429,60765bc8d81882741dfd5eacabea2361b1afce6c36003a14bb71cfb39ccd7006,https://web.archive.org/web/20231211143211id_/https://joinkuliner.com/wp-content/uploads/2023/10/angkringan-350x175.png,
downloaded,wp-content/uploads/2023/10/angkringan-400x200.png,https://joinkuliner.com/wp-content/uploads/2023/10/angkringan-400x200.png,20231211143207,image/png,198734,619956d53178dc1509505578c7e482996bf7a596627bf77135c23d0ad6d63445,https://web.archive.org/web/20231211143207id_/https://joinkuliner.com/wp-content/uploads/2023/10/angkringan-400x200.png,
downloaded,wp-content/uploads/2023/10/angkringan-450x225.png,https://joinkuliner.com/wp-content/uploads/2023/10/angkringan-450x225.png,20231211143154,image/png,246418,d18443578b3a2e3a5daebc829c43a1241357926bcf490b639b73bd491b0f0e27,https://web.archive.org/web/20231211143154id_/https://joinkuliner.com/wp-content/uploads/2023/10/angkringan-450x225.png,
downloaded,wp-content/uploads/2023/10/angkringan-500x250.png,https://joinkuliner.com/wp-content/uploads/2023/10/angkringan-500x250.png,20231211143154,image/png,298448,fdcdfdca0c89e72d8aa84cf4cc31a138c0d6e644b5f671423fe3901554c1962d,https://web.archive.org/web/20231211143154id_/https://joinkuliner.com/wp-content/uploads/2023/10/angkringan-500x250.png,
downloaded,wp-content/uploads/2023/10/angkringan-50x25.png,https://joinkuliner.com/wp-content/uploads/2023/10/angkringan-50x25.png,20231211143158,image/png,3810,be8a6f524c4215e3b505f2b8af5cc9307138d4984e8bab37e00f099fbd7764ba,https://web.archive.org/web/20231211143158id_/https://joinkuliner.com/wp-content/uploads/2023/10/angkringan-50x25.png,
downloaded,wp-content/uploads/2023/10/angkringan-550x275.png,https://joinkuliner.com/wp-content/uploads/2023/10/angkringan-550x275.png,20231211143200,image/png,354938,714f4cc844c63ff8156659d92aaf0effc334b657659dcdb376e64ffefa8a1542,https://web.archive.org/web/20231211143200id_/https://joinkuliner.com/wp-content/uploads/2023/10/angkringan-550x275.png,
downloaded,wp-content/uploads/2023/10/angkringan-650x325.png,https://joinkuliner.com/wp-content/uploads/2023/10/angkringan-650x325.png,20231211143150,image/png,480004,9271f0f2c94a84ef54458dd8cf6fc5a474656ec2e8ff0828efa91bec9d6f0a7d,https://web.archive.org/web/20231211143150id_/https://joinkuliner.com/wp-content/uploads/2023/10/angkringan-650x325.png,
downloaded,wp-content/uploads/2023/10/angkringan-768x384.png,https://joinkuliner.com/wp-content/uploads/2023/10/angkringan-768x384.png,20231211143157,image/png,668730,a3c829252af6efd76bd0379e4f73e46b1ad97053a5167258d43484f3c1e9d309,https://web.archive.org/web/20231211143157id_/https://joinkuliner.com/wp-content/uploads/2023/10/angkringan-768x384.png,
downloaded,wp-content/uploads/2023/10/angkringan-800x400.png,https://joinkuliner.com/wp-content/uploads/2023/10/angkringan-800x400.png,20231211143148,image/png,698426,0cc36c91403bc9228708b222e255efb1c6a2e670dd5d4f77ab0b9bb75ed4d81f,https://web.archive.org/web/20231211143148id_/https://joinkuliner.com/wp-content/uploads/2023/10/angkringan-800x400.png,
downloaded,wp-content/uploads/2023/10/angkringan.png,https://joinkuliner.com/wp-content/uploads/2023/10/angkringan.png,20231211143155,image/png,2488468,de0f3c4c6b46e6eb2178214dc2045e258e5062e0cb73003d7b9ef4e2e4b48a12,https://web.archive.org/web/20231211143155id_/https://joinkuliner.com/wp-content/uploads/2023/10/angkringan.png,
downloaded,wp-content/uploads/2023/10/bebek-peking-food-150x83.webp,https://joinkuliner.com/wp-content/uploads/2023/10/bebek-peking-food-150x83.webp,20240124064448,image/webp,5300,db77698298b7a3ead0eb798c70430d42f8cef9769d2d6516e988f635efc6f784,https://web.archive.org/web/20240124064448id_/https://joinkuliner.com/wp-content/uploads/2023/10/bebek-peking-food-150x83.webp,
downloaded,wp-content/uploads/2023/10/bebek-peking-food-250x139.webp,https://joinkuliner.com/wp-content/uploads/2023/10/bebek-peking-food-250x139.webp,20240124064518,image/webp,11324,a53af143479cc40f1bccda74e77eedec9faaa2f5cf657e68b1a0522bb091dd4c,https://web.archive.org/web/20240124064518id_/https://joinkuliner.com/wp-content/uploads/2023/10/bebek-peking-food-250x139.webp,
downloaded,wp-content/uploads/2023/10/bebek-peking-food-300x166.webp,https://joinkuliner.com/wp-content/uploads/2023/10/bebek-peking-food-300x166.webp,20240124064449,image/webp,14426,f54b4813fdb232d81b94d29cd11efb061bdfb50ec7638c01225da2c833eb2488,https://web.archive.org/web/20240124064449id_/https://joinkuliner.com/wp-content/uploads/2023/10/bebek-peking-food-300x166.webp,
downloaded,wp-content/uploads/2023/10/bebek-peking-food-350x194.webp,https://joinkuliner.com/wp-content/uploads/2023/10/bebek-peking-food-350x194.webp,20240124064447,image/webp,18274,46ea824dd0c26430552f5f3822b1df9beb323f39f1d1a8d8ce37ce51a2ff6d53,https://web.archive.org/web/20240124064447id_/https://joinkuliner.com/wp-content/uploads/2023/10/bebek-peking-food-350x194.webp,
downloaded,wp-content/uploads/2023/10/bebek-peking-food-400x222.webp,https://joinkuliner.com/wp-content/uploads/2023/10/bebek-peking-food-400x222.webp,20240124064446,image/webp,21604,e3763c330669f56bfb0540c2844723715bdfe59a88bd03392aaaaa0400ab5776,https://web.archive.org/web/20240124064446id_/https://joinkuliner.com/wp-content/uploads/2023/10/bebek-peking-food-400x222.webp,
downloaded,wp-content/uploads/2023/10/bebek-peking-food-450x249.webp,https://joinkuliner.com/wp-content/uploads/2023/10/bebek-peking-food-450x249.webp,20240124064519,image/webp,25042,d3af0fffe2161d872431056362675ccf1647602cbbeb2184758b9c5fb497827b,https://web.archive.org/web/20240124064519id_/https://joinkuliner.com/wp-content/uploads/2023/10/bebek-peking-food-450x249.webp,
downloaded,wp-content/uploads/2023/10/bebek-peking-food-50x28.webp,https://joinkuliner.com/wp-content/uploads/2023/10/bebek-peking-food-50x28.webp,20240124064445,image/webp,1072,089590d8373fda574ccbcfd2ed55e060f5b0d15ead08cdad91488f1fb9d6c809,https://web.archive.org/web/20240124064445id_/https://joinkuliner.com/wp-content/uploads/2023/10/bebek-peking-food-50x28.webp,
downloaded,wp-content/uploads/2023/10/bebek-peking-food.webp,https://joinkuliner.com/wp-content/uploads/2023/10/bebek-peking-food.webp,20240124064450,image/webp,22568,062bc4019c1ed6c33c72d6e5556199b28d6a619c4054ace612f87ccd29aa28ad,https://web.archive.org/web/20240124064450id_/https://joinkuliner.com/wp-content/uploads/2023/10/bebek-peking-food.webp,
downloaded,wp-content/uploads/2023/10/bisnis-kuliner-100x53.jpg,https://joinkuliner.com/wp-content/uploads/2023/10/bisnis-kuliner-100x53.jpg,20240303142542,image/jpeg,3264,1d8957d0570df49ac3901dd96b75f250fba1d9488cc7da40f854f8b032c5ee99,https://web.archive.org/web/20240303142542id_/https://joinkuliner.com/wp-content/uploads/2023/10/bisnis-kuliner-100x53.jpg,
downloaded,wp-content/uploads/2023/10/bisnis-kuliner-150x79.jpg,https://joinkuliner.com/wp-content/uploads/2023/10/bisnis-kuliner-150x79.jpg,20240303142542,image/jpeg,5553,002e43dd5ccfe338280221cb8e273d44a1f06e6f481f86add7fe1b25fa7da0f9,https://web.archive.org/web/20240303142542id_/https://joinkuliner.com/wp-content/uploads/2023/10/bisnis-kuliner-150x79.jpg,
downloaded,wp-content/uploads/2023/10/bisnis-kuliner-200x105.jpg,https://joinkuliner.com/wp-content/uploads/2023/10/bisnis-kuliner-200x105.jpg,20240303142545,image/jpeg,8593,ff0f5414748c008b4f07a5760adeeb02fbe59d9b94274e9bfeb542fac46a251c,https://web.archive.org/web/20240303142545id_/https://joinkuliner.com/wp-content/uploads/2023/10/bisnis-kuliner-200x105.jpg,
downloaded,wp-content/uploads/2023/10/bisnis-kuliner-250x131.jpg,https://joinkuliner.com/wp-content/uploads/2023/10/bisnis-kuliner-250x131.jpg,20240303142521,image/jpeg,11928,e6bd0a94a1f5a79316c944401a2c25e23f7d716382dc1930073a882cf53449d2,https://web.archive.org/web/20240303142521id_/https://joinkuliner.com/wp-content/uploads/2023/10/bisnis-kuliner-250x131.jpg,
downloaded,wp-content/uploads/2023/10/bisnis-kuliner-300x158.jpg,https://joinkuliner.com/wp-content/uploads/2023/10/bisnis-kuliner-300x158.jpg,20240303142538,image/jpeg,15594,e692233d3cdb52a166bc363af448092d6fbd99957528cae26cdc6445df45ea75,https://web.archive.org/web/20240303142538id_/https://joinkuliner.com/wp-content/uploads/2023/10/bisnis-kuliner-300x158.jpg,
downloaded,wp-content/uploads/2023/10/bisnis-kuliner-350x184.jpg,https://joinkuliner.com/wp-content/uploads/2023/10/bisnis-kuliner-350x184.jpg,20240303142539,image/jpeg,19220,88e1167a54df4fc9089ed408c5a0f25d3d160b042858346dc0d8c845f893e88d,https://web.archive.org/web/20240303142539id_/https://joinkuliner.com/wp-content/uploads/2023/10/bisnis-kuliner-350x184.jpg,
downloaded,wp-content/uploads/2023/10/bisnis-kuliner-400x210.jpg,https://joinkuliner.com/wp-content/uploads/2023/10/bisnis-kuliner-400x210.jpg,20240303142529,image/jpeg,23812,8632d11abd146dfb2c55affc2e08a8efacca7cbee12697457752c3d19cd984af,https://web.archive.org/web/20240303142529id_/https://joinkuliner.com/wp-content/uploads/2023/10/bisnis-kuliner-400x210.jpg,
downloaded,wp-content/uploads/2023/10/bisnis-kuliner-450x236.jpg,https://joinkuliner.com/wp-content/uploads/2023/10/bisnis-kuliner-450x236.jpg,20240303142520,image/jpeg,28060,7cb168fdf69d49e779a6434bf5e6752788005ed664c90573f3210f2a1efa293b,https://web.archive.org/web/20240303142520id_/https://joinkuliner.com/wp-content/uploads/2023/10/bisnis-kuliner-450x236.jpg,
downloaded,wp-content/uploads/2023/10/bisnis-kuliner-500x263.jpg,https://joinkuliner.com/wp-content/uploads/2023/10/bisnis-kuliner-500x263.jpg,20240303142540,image/jpeg,32608,9eecd7a0edad005286ddbf86abe722d5f88df18b1fbe30d4be37a48a2a347c3b,https://web.archive.org/web/20240303142540id_/https://joinkuliner.com/wp-content/uploads/2023/10/bisnis-kuliner-500x263.jpg,
downloaded,wp-content/uploads/2023/10/bisnis-kuliner-50x26.jpg,https://joinkuliner.com/wp-content/uploads/2023/10/bisnis-kuliner-50x26.jpg,20240303142532,image/jpeg,1477,fb5432f98d4a528f4f78daa5297dc399f18236b8a6f97dd2ccb82fe57204c90f,https://web.archive.org/web/20240303142532id_/https://joinkuliner.com/wp-content/uploads/2023/10/bisnis-kuliner-50x26.jpg,
downloaded,wp-content/uploads/2023/10/bisnis-kuliner-550x289.jpg,https://joinkuliner.com/wp-content/uploads/2023/10/bisnis-kuliner-550x289.jpg,20240303142524,image/jpeg,37406,ca4fe87f92c869e974962b6f43272beb21aa4ccdd7f06a6d5f6f12579630fad5,https://web.archive.org/web/20240303142524id_/https://joinkuliner.com/wp-content/uploads/2023/10/bisnis-kuliner-550x289.jpg,
downloaded,wp-content/uploads/2023/10/bisnis-kuliner-650x341.jpg,https://joinkuliner.com/wp-content/uploads/2023/10/bisnis-kuliner-650x341.jpg,20240303142518,image/jpeg,47323,d5ac78a6e5c45de065b10561451d9255e40ee6d3880eccdacee97028690a3076,https://web.archive.org/web/20240303142518id_/https://joinkuliner.com/wp-content/uploads/2023/10/bisnis-kuliner-650x341.jpg,
downloaded,wp-content/uploads/2023/10/bisnis-kuliner-768x403.jpg,https://joinkuliner.com/wp-content/uploads/2023/10/bisnis-kuliner-768x403.jpg,20240303142531,image/jpeg,59892,39bf7abbd8c124ac31611132ba142c1e54bb690c30d672a297860cd8755b5523,https://web.archive.org/web/20240303142531id_/https://joinkuliner.com/wp-content/uploads/2023/10/bisnis-kuliner-768x403.jpg,
downloaded,wp-content/uploads/2023/10/bisnis-kuliner-800x420.jpg,https://joinkuliner.com/wp-content/uploads/2023/10/bisnis-kuliner-800x420.jpg,20240303142549,image/jpeg,63053,540e4ed245da033fa318150b468bc651004a8ee27cbe9769f825980491484e6b,https://web.archive.org/web/20240303142549id_/https://joinkuliner.com/wp-content/uploads/2023/10/bisnis-kuliner-800x420.jpg,
downloaded,wp-content/uploads/2023/10/bisnis-kuliner.jpg,https://joinkuliner.com/wp-content/uploads/2023/10/bisnis-kuliner.jpg,20240303142543,image/jpeg,213188,d68d7ab591cfeea059f041d864a2779a52e049731d810be34f2129e9e3d117ce,https://web.archive.org/web/20240303142543id_/https://joinkuliner.com/wp-content/uploads/2023/10/bisnis-kuliner.jpg,
downloaded,wp-content/uploads/2023/10/dominos-pizza-100x73.jpg,https://joinkuliner.com/wp-content/uploads/2023/10/dominos-pizza-100x73.jpg,20240302040807,image/jpeg,3996,b2fb26db95b1131781069b0b6afcc0648ac2169593cc29940ebe521e793baacb,https://web.archive.org/web/20240302040807id_/https://joinkuliner.com/wp-content/uploads/2023/10/dominos-pizza-100x73.jpg,
downloaded,wp-content/uploads/2023/10/dominos-pizza-150x110.jpg,https://joinkuliner.com/wp-content/uploads/2023/10/dominos-pizza-150x110.jpg,20240226043154,image/jpeg,7368,f0888fdf212493f194cb842fc4a5040104918a5d438c57ba2e107e487e6f8687,https://web.archive.org/web/20240226043154id_/https://joinkuliner.com/wp-content/uploads/2023/10/dominos-pizza-150x110.jpg,
downloaded,wp-content/uploads/2023/10/dominos-pizza-200x146.jpg,https://joinkuliner.com/wp-content/uploads/2023/10/dominos-pizza-200x146.jpg,20240302040958,image/jpeg,11272,0035d7ffd23dd6e3c073c8eeb36a9d8745b33169a64df73423b92e239ec7cba0,https://web.archive.org/web/20240302040958id_/https://joinkuliner.com/wp-content/uploads/2023/10/dominos-pizza-200x146.jpg,
downloaded,wp-content/uploads/2023/10/dominos-pizza-250x183.jpg,https://joinkuliner.com/wp-content/uploads/2023/10/dominos-pizza-250x183.jpg,20240226043153,image/jpeg,16135,a505571cfc91a8f1ac2cfcebd2cbe2e729040b85b62f6be0da683faf1e520e3c,https://web.archive.org/web/20240226043153id_/https://joinkuliner.com/wp-content/uploads/2023/10/dominos-pizza-250x183.jpg,
downloaded,wp-content/uploads/2023/10/dominos-pizza-300x219.jpg,https://joinkuliner.com/wp-content/uploads/2023/10/dominos-pizza-300x219.jpg,20240226043152,image/jpeg,20955,264c193b138aa7d72db17b3615e8f020eddb9987d16a445ad7877d757fd809c5,https://web.archive.org/web/20240226043152id_/https://joinkuliner.com/wp-content/uploads/2023/10/dominos-pizza-300x219.jpg,
downloaded,wp-content/uploads/2023/10/dominos-pizza-350x256.jpg,https://joinkuliner.com/wp-content/uploads/2023/10/dominos-pizza-350x256.jpg,20240226043204,image/jpeg,26411,e10607b83bcb7b693575035c66e0e87c0ea4f5b5bcdabff4e24226041b6ace60,https://web.archive.org/web/20240226043204id_/https://joinkuliner.com/wp-content/uploads/2023/10/dominos-pizza-350x256.jpg,
downloaded,wp-content/uploads/2023/10/dominos-pizza-400x292.jpg,https://joinkuliner.com/wp-content/uploads/2023/10/dominos-pizza-400x292.jpg,20240226043148,image/jpeg,31903,7a9d077849a3d278eff718c6e59956c34f4fff0b89819fadea64681861dfa5a4,https://web.archive.org/web/20240226043148id_/https://joinkuliner.com/wp-content/uploads/2023/10/dominos-pizza-400x292.jpg,
downloaded,wp-content/uploads/2023/10/dominos-pizza-450x329.jpg,https://joinkuliner.com/wp-content/uploads/2023/10/dominos-pizza-450x329.jpg,20240226043147,image/jpeg,38551,d3837a32a05e3c63d6f43e6dc9f55451467a641b65d62fe552317cf53ddb589a,https://web.archive.org/web/20240226043147id_/https://joinkuliner.com/wp-content/uploads/2023/10/dominos-pizza-450x329.jpg,
downloaded,wp-content/uploads/2023/10/dominos-pizza-500x365.jpg,https://joinkuliner.com/wp-content/uploads/2023/10/dominos-pizza-500x365.jpg,20240226043149,image/jpeg,44538,f08bc59e79807708a351c488786abfb5d5db5483e95d8df52e500669d0e428fd,https://web.archive.org/web/20240226043149id_/https://joinkuliner.com/wp-content/uploads/2023/10/dominos-pizza-500x365.jpg,
downloaded,wp-content/uploads/2023/10/dominos-pizza-50x37.jpg,https://joinkuliner.com/wp-content/uploads/2023/10/dominos-pizza-50x37.jpg,20240226043155,image/jpeg,1676,d6a8900f59f497900b9f4ad58ac950f0dff4b7e51e1537878d30817f7dac41a2,https://web.archive.org/web/20240226043155id_/https://joinkuliner.com/wp-content/uploads/2023/10/dominos-pizza-50x37.jpg,
downloaded,wp-content/uploads/2023/10/dominos-pizza.jpg,https://joinkuliner.com/wp-content/uploads/2023/10/dominos-pizza.jpg,20240302040807,image/jpeg,46069,c9e3d983ca0512a08564dec9fbf196bbe734566208c6a1453f8be1a3412d8382,https://web.archive.org/web/20240302040807id_/https://joinkuliner.com/wp-content/uploads/2023/10/dominos-pizza.jpg,
downloaded,wp-content/uploads/2023/10/gibran-rakabuming-100x76.jpg,https://joinkuliner.com/wp-content/uploads/2023/10/gibran-rakabuming-100x76.jpg,20250810055735,image/jpeg,3885,f3b0810b437dc91174aa0fb0e601f47d0d9ae503af3a7e35f6bc113eec7ccb9d,https://web.archive.org/web/20250810055735id_/https://joinkuliner.com/wp-content/uploads/2023/10/gibran-rakabuming-100x76.jpg,
downloaded,wp-content/uploads/2023/10/gibran-rakabuming-150x114.jpg,https://joinkuliner.com/wp-content/uploads/2023/10/gibran-rakabuming-150x114.jpg,20250809111603,image/jpeg,7175,c8cfd5ce06724ad589f9fa787b6c6cfb4b25eb1e1095bf55a780aa495ec73386,https://web.archive.org/web/20250809111603id_/https://joinkuliner.com/wp-content/uploads/2023/10/gibran-rakabuming-150x114.jpg,
downloaded,wp-content/uploads/2023/10/gibran-rakabuming-200x153.jpg,https://joinkuliner.com/wp-content/uploads/2023/10/gibran-rakabuming-200x153.jpg,20250810065454,image/jpeg,11410,1959cde43c61911431f5cc325bbeadc71c5250141424b5abe5880528cba1c2c3,https://web.archive.org/web/20250810065454id_/https://joinkuliner.com/wp-content/uploads/2023/10/gibran-rakabuming-200x153.jpg,
downloaded,wp-content/uploads/2023/10/gibran-rakabuming-250x191.jpg/index.html,https://joinkuliner.com/wp-content/uploads/2023/10/gibran-rakabuming-250x191.jpg,20241204043538,text/html,12042,3e8bd53cb9b7defde5c0c5dbe804c819466a4ff356df07c7b652323a8b015da1,https://web.archive.org/web/20241204043538id_/https://joinkuliner.com/wp-content/uploads/2023/10/gibran-rakabuming-250x191.jpg,
downloaded,wp-content/uploads/2023/10/gibran-rakabuming-50x38.jpg,https://joinkuliner.com/wp-content/uploads/2023/10/gibran-rakabuming-50x38.jpg,20241204052824,image/jpeg,1682,c1899fe2d4d0ab92b4cdaa8b54d76fbf796b744d66dfac7a86570fd15f2ac7b8,https://web.archive.org/web/20241204052824id_/https://joinkuliner.com/wp-content/uploads/2023/10/gibran-rakabuming-50x38.jpg,
downloaded,wp-content/uploads/2023/10/gibran-rakabuming.jpg,https://joinkuliner.com/wp-content/uploads/2023/10/gibran-rakabuming.jpg,20250810102537,image/jpeg,15556,760e3c7934671eb7316bb17f618c77c3f7d2672cc3a9d1605e18a04e56340fd1,https://web.archive.org/web/20250810102537id_/https://joinkuliner.com/wp-content/uploads/2023/10/gibran-rakabuming.jpg,
downloaded,wp-content/uploads/2023/10/join-kuliner-logo.png,https://joinkuliner.com/wp-content/uploads/2023/10/join-kuliner-logo.png,20231123194000,image/png,2955,e377b5654350c1dc130efdce7ec37f90c38ec9c9ea84ad63c6622c01ec3b4ba6,https://web.archive.org/web/20231123194000id_/https://joinkuliner.com/wp-content/uploads/2023/10/join-kuliner-logo.png,
downloaded,wp-content/uploads/2023/10/kharisma_bahari-100x67.webp,https://joinkuliner.com/wp-content/uploads/2023/10/kharisma_bahari-100x67.webp,20231228083209,image/webp,3618,9f2651c2b2b10bafcd12b5dd8d51b2d792015d935e8f331abed6f254081e6771,https://web.archive.org/web/20231228083209id_/https://joinkuliner.com/wp-content/uploads/2023/10/kharisma_bahari-100x67.webp,
downloaded,wp-content/uploads/2023/10/kharisma_bahari-150x100.webp,https://joinkuliner.com/wp-content/uploads/2023/10/kharisma_bahari-150x100.webp,20231228083209,image/webp,6448,14270adbd4821bb45e06a7b466a997802f1a8c7f3c42d0c60f8d4a29e208f47c,https://web.archive.org/web/20231228083209id_/https://joinkuliner.com/wp-content/uploads/2023/10/kharisma_bahari-150x100.webp,
downloaded,wp-content/uploads/2023/10/kharisma_bahari-200x133.webp,https://joinkuliner.com/wp-content/uploads/2023/10/kharisma_bahari-200x133.webp,20231228083210,image/webp,9866,72316f0167b4fec76fdc4ccc23aa1a82dbcca1c774c20c73e13e12d6fdbefdc5,https://web.archive.org/web/20231228083210id_/https://joinkuliner.com/wp-content/uploads/2023/10/kharisma_bahari-200x133.webp,
downloaded,wp-content/uploads/2023/10/kharisma_bahari-250x167.webp,https://joinkuliner.com/wp-content/uploads/2023/10/kharisma_bahari-250x167.webp,20231228083204,image/webp,13758,c70a7d5aac8a426443c093ba3bc17b9436488f6179f98e1c62067dbe02cb3cc8,https://web.archive.org/web/20231228083204id_/https://joinkuliner.com/wp-content/uploads/2023/10/kharisma_bahari-250x167.webp,
downloaded,wp-content/uploads/2023/10/kharisma_bahari-300x200.webp,https://joinkuliner.com/wp-content/uploads/2023/10/kharisma_bahari-300x200.webp,20231228083207,image/webp,17582,2041e332cc8f5a2c13f763e988ad3bbce7fb4d411da9acac342553846b81eef1,https://web.archive.org/web/20231228083207id_/https://joinkuliner.com/wp-content/uploads/2023/10/kharisma_bahari-300x200.webp,
downloaded,wp-content/uploads/2023/10/kharisma_bahari-350x233.webp,https://joinkuliner.com/wp-content/uploads/2023/10/kharisma_bahari-350x233.webp,20231228083205,image/webp,21356,50851fea02adfc5501f9cc2c1d43aba8a98c2bf93fb9fb4290dd6251eef7642f,https://web.archive.org/web/20231228083205id_/https://joinkuliner.com/wp-content/uploads/2023/10/kharisma_bahari-350x233.webp,
downloaded,wp-content/uploads/2023/10/kharisma_bahari-400x267.webp,https://joinkuliner.com/wp-content/uploads/2023/10/kharisma_bahari-400x267.webp,20231228083205,image/webp,24824,834f62c6ec99cb99a642db136f0f4b12b00660d57099d60ac50825463473abc3,https://web.archive.org/web/20231228083205id_/https://joinkuliner.com/wp-content/uploads/2023/10/kharisma_bahari-400x267.webp,
downloaded,wp-content/uploads/2023/10/kharisma_bahari-450x300.webp,https://joinkuliner.com/wp-content/uploads/2023/10/kharisma_bahari-450x300.webp,20231228083206,image/webp,28946,e41cd4c791a1b70c78fbb4048b46fd75b28dfedfe16816f123f934510ebb9246,https://web.archive.org/web/20231228083206id_/https://joinkuliner.com/wp-content/uploads/2023/10/kharisma_bahari-450x300.webp,
downloaded,wp-content/uploads/2023/10/kharisma_bahari-500x334.webp,https://joinkuliner.com/wp-content/uploads/2023/10/kharisma_bahari-500x334.webp,20231228083207,image/webp,32656,1a297d812bb86f9e70656520692ba48e55d90512365e1d624ee6071e7ec99017,https://web.archive.org/web/20231228083207id_/https://joinkuliner.com/wp-content/uploads/2023/10/kharisma_bahari-500x334.webp,
downloaded,wp-content/uploads/2023/10/kharisma_bahari-50x33.webp,https://joinkuliner.com/wp-content/uploads/2023/10/kharisma_bahari-50x33.webp,20231228083208,image/webp,1130,ee0f82695da65145c589df323862e88782be61c51ab4abd24fea0bac269a4800,https://web.archive.org/web/20231228083208id_/https://joinkuliner.com/wp-content/uploads/2023/10/kharisma_bahari-50x33.webp,
downloaded,wp-content/uploads/2023/10/kharisma_bahari-550x367.webp,https://joinkuliner.com/wp-content/uploads/2023/10/kharisma_bahari-550x367.webp,20231228083208,image/webp,35778,aa32bc709a9674c320042384bce1bef603717d183b1e85a81f9dbc12da0979bb,https://web.archive.org/web/20231228083208id_/https://joinkuliner.com/wp-content/uploads/2023/10/kharisma_bahari-550x367.webp,
downloaded,wp-content/uploads/2023/10/kharisma_bahari-650x434.webp,https://joinkuliner.com/wp-content/uploads/2023/10/kharisma_bahari-650x434.webp,20231228083204,image/webp,41834,03916678193a9411b8f55e57204815b2546d232a58afc83337e6025cd3eb1daf,https://web.archive.org/web/20231228083204id_/https://joinkuliner.com/wp-content/uploads/2023/10/kharisma_bahari-650x434.webp,
downloaded,wp-content/uploads/2023/10/kharisma_bahari-768x512.webp,https://joinkuliner.com/wp-content/uploads/2023/10/kharisma_bahari-768x512.webp,20231228083206,image/webp,49994,9a3d033805fc39f8790e2a08eb2946049f0c373b38ebf19f7358429e846c0836,https://web.archive.org/web/20231228083206id_/https://joinkuliner.com/wp-content/uploads/2023/10/kharisma_bahari-768x512.webp,
downloaded,wp-content/uploads/2023/10/kharisma_bahari-800x534.webp,https://joinkuliner.com/wp-content/uploads/2023/10/kharisma_bahari-800x534.webp,20231228083211,image/webp,51752,b2317383e8fdfcc35b7b6d57712a020f2b4ff2f2519c1cba1ffded3170fd4d79,https://web.archive.org/web/20231228083211id_/https://joinkuliner.com/wp-content/uploads/2023/10/kharisma_bahari-800x534.webp,
downloaded,wp-content/uploads/2023/10/kharisma_bahari.webp,https://joinkuliner.com/wp-content/uploads/2023/10/kharisma_bahari.webp,20231228083210,image/webp,74258,8909f62916cfe6c58322b0d23aa4cfced468c3b3f125668252c6b3efe645ea79,https://web.archive.org/web/20231228083210id_/https://joinkuliner.com/wp-content/uploads/2023/10/kharisma_bahari.webp,
downloaded,wp-content/uploads/2023/10/kulineran-100x56.jpg,https://joinkuliner.com/wp-content/uploads/2023/10/kulineran-100x56.jpg,20231226145600,image/jpeg,3480,674313d22ccf92a9140188ef5ae364ce256eccc3d86d1de8b7b94d9528d281f7,https://web.archive.org/web/20231226145600id_/https://joinkuliner.com/wp-content/uploads/2023/10/kulineran-100x56.jpg,
downloaded,wp-content/uploads/2023/10/kulineran-150x84.jpg,https://joinkuliner.com/wp-content/uploads/2023/10/kulineran-150x84.jpg,20231226145618,image/jpeg,6369,0298cd3b7268e80909274dd8c3061eca4e1790e9cc16d497b7cc492d10638883,https://web.archive.org/web/20231226145618id_/https://joinkuliner.com/wp-content/uploads/2023/10/kulineran-150x84.jpg,
downloaded,wp-content/uploads/2023/10/kulineran-200x113.jpg,https://joinkuliner.com/wp-content/uploads/2023/10/kulineran-200x113.jpg,20231226145605,image/jpeg,9979,60c817248c42fb64b67ff129eb30ed2c3bafea5ca8ef8774a950f1dca1cd77fe,https://web.archive.org/web/20231226145605id_/https://joinkuliner.com/wp-content/uploads/2023/10/kulineran-200x113.jpg,
downloaded,wp-content/uploads/2023/10/kulineran-250x141.jpg,https://joinkuliner.com/wp-content/uploads/2023/10/kulineran-250x141.jpg,20231226145555,image/jpeg,13863,77833e59bffb0d85d6b979ac402b71663c682d370dee5ae44ac481af8b75659d,https://web.archive.org/web/20231226145555id_/https://joinkuliner.com/wp-content/uploads/2023/10/kulineran-250x141.jpg,
downloaded,wp-content/uploads/2023/10/kulineran-300x169.jpg,https://joinkuliner.com/wp-content/uploads/2023/10/kulineran-300x169.jpg,20231226145600,image/jpeg,18572,ce055d3c35a6037c3bbba3d035234b39c26ebf00751c3d1c02d9f3caabf83997,https://web.archive.org/web/20231226145600id_/https://joinkuliner.com/wp-content/uploads/2023/10/kulineran-300x169.jpg,
downloaded,wp-content/uploads/2023/10/kulineran-350x197.jpg,https://joinkuliner.com/wp-content/uploads/2023/10/kulineran-350x197.jpg,20231226145601,image/jpeg,23195,377220f96e25916385d50597fafa16792413b12a45539f0d8a9e8b6a858e37de,https://web.archive.org/web/20231226145601id_/https://joinkuliner.com/wp-content/uploads/2023/10/kulineran-350x197.jpg,
downloaded,wp-content/uploads/2023/10/kulineran-400x225.jpg,https://joinkuliner.com/wp-content/uploads/2023/10/kulineran-400x225.jpg,20231226153422,image/jpeg,28847,931e86bd920a7c2d8a017fa09fab48e91be06017e2cf4305c0bfe9fb54a9e303,https://web.archive.org/web/20231226153422id_/https://joinkuliner.com/wp-content/uploads/2023/10/kulineran-400x225.jpg,
downloaded,wp-content/uploads/2023/10/kulineran-450x253.jpg,https://joinkuliner.com/wp-content/uploads/2023/10/kulineran-450x253.jpg,20231226153430,image/jpeg,34100,f3a46ed68e0fbe7e71c67777cff84c116ab61ab3e7397429a958e32d31d85dd1,https://web.archive.org/web/20231226153430id_/https://joinkuliner.com/wp-content/uploads/2023/10/kulineran-450x253.jpg,
downloaded,wp-content/uploads/2023/10/kulineran-500x281.jpg,https://joinkuliner.com/wp-content/uploads/2023/10/kulineran-500x281.jpg,20231226153524,image/jpeg,39674,43367e0337718222ebc52354178da41c05b391fb75875ae4bfe32e4b13f7c153,https://web.archive.org/web/20231226153524id_/https://joinkuliner.com/wp-content/uploads/2023/10/kulineran-500x281.jpg,
downloaded,wp-content/uploads/2023/10/kulineran-50x28.jpg,https://joinkuliner.com/wp-content/uploads/2023/10/kulineran-50x28.jpg,20231226145558,image/jpeg,1551,d87a325bbdb21dccbf5cd43599f5b8620b8e02f14bfa9f4de7cd4271a242c810,https://web.archive.org/web/20231226145558id_/https://joinkuliner.com/wp-content/uploads/2023/10/kulineran-50x28.jpg,
downloaded,wp-content/uploads/2023/10/kulineran-550x309.jpg,https://joinkuliner.com/wp-content/uploads/2023/10/kulineran-550x309.jpg,20231226153538,image/jpeg,45358,669aa10b7b0f3d589feb2c3bf500dfda90a2817c82313c6937e02b73a5e1535b,https://web.archive.org/web/20231226153538id_/https://joinkuliner.com/wp-content/uploads/2023/10/kulineran-550x309.jpg,
downloaded,wp-content/uploads/2023/10/kulineran-650x366.jpg,https://joinkuliner.com/wp-content/uploads/2023/10/kulineran-650x366.jpg,20231226145557,image/jpeg,57698,3afc4a88508c254bba9f834925aa32cbd45e6e0110265c0c1ae74a23e64cef35,https://web.archive.org/web/20231226145557id_/https://joinkuliner.com/wp-content/uploads/2023/10/kulineran-650x366.jpg,
downloaded,wp-content/uploads/2023/10/kulineran-768x432.jpg,https://joinkuliner.com/wp-content/uploads/2023/10/kulineran-768x432.jpg,20231226145618,image/jpeg,72176,8686f50e75bb30267e9348d4a9c144d13fc779175a5e076ae2f50d11af201fa6,https://web.archive.org/web/20231226145618id_/https://joinkuliner.com/wp-content/uploads/2023/10/kulineran-768x432.jpg,
downloaded,wp-content/uploads/2023/10/kulineran-800x450.jpg,https://joinkuliner.com/wp-content/uploads/2023/10/kulineran-800x450.jpg,20231226153438,image/jpeg,77180,4896b1d3b9fde13647eb9117b20d54ee3ab4080c6abc0d958bff45021ad92f6c,https://web.archive.org/web/20231226153438id_/https://joinkuliner.com/wp-content/uploads/2023/10/kulineran-800x450.jpg,
downloaded,wp-content/uploads/2023/10/kulineran.jpg,https://joinkuliner.com/wp-content/uploads/2023/10/kulineran.jpg,20231226145602,image/jpeg,113869,c117c6dc936642af0b36ac10929d8b90e10f0312c4c9f33384fa52b9d437ae3c,https://web.archive.org/web/20231226145602id_/https://joinkuliner.com/wp-content/uploads/2023/10/kulineran.jpg,
downloaded,wp-content/uploads/2023/10/odeng-100x100.jpg,https://joinkuliner.com/wp-content/uploads/2023/10/odeng-100x100.jpg,20231226150846,image/jpeg,3491,1b4245067b54e9de8f54223fad2b893dc21f0fa3fad7f6856a150f1953ab1f9b,https://web.archive.org/web/20231226150846id_/https://joinkuliner.com/wp-content/uploads/2023/10/odeng-100x100.jpg,
downloaded,wp-content/uploads/2023/10/odeng-150x150.jpg,https://joinkuliner.com/wp-content/uploads/2023/10/odeng-150x150.jpg,20231226150853,image/jpeg,6036,877d88f3a9b09115e66d856708590443a574661c81e655b7a3565f4acdb21316,https://web.archive.org/web/20231226150853id_/https://joinkuliner.com/wp-content/uploads/2023/10/odeng-150x150.jpg,
downloaded,wp-content/uploads/2023/10/odeng-200x200.jpg,https://joinkuliner.com/wp-content/uploads/2023/10/odeng-200x200.jpg,20231226150849,image/jpeg,8887,e96eba6422d42e18832025442a0f05391f775f5cd1e383d0ebe51f2d83d84558,https://web.archive.org/web/20231226150849id_/https://joinkuliner.com/wp-content/uploads/2023/10/odeng-200x200.jpg,
downloaded,wp-content/uploads/2023/10/odeng-50x50.jpg,https://joinkuliner.com/wp-content/uploads/2023/10/odeng-50x50.jpg,20231226150851,image/jpeg,1646,aa5e877b638e29fa385815a102431d8ccebb33dc78c2d88f468a7fa6e87128ec,https://web.archive.org/web/20231226150851id_/https://joinkuliner.com/wp-content/uploads/2023/10/odeng-50x50.jpg,
downloaded,wp-content/uploads/2023/10/odeng.jpg,https://joinkuliner.com/wp-content/uploads/2023/10/odeng.jpg,20231226150846,image/jpeg,8339,0a66423df875471df399c871e18ee74955d360840a586af56a6a3b1d61823ad2,https://web.archive.org/web/20231226150846id_/https://joinkuliner.com/wp-content/uploads/2023/10/odeng.jpg,
downloaded,wp-content/uploads/2023/10/tan-boy-kun-100x56.jpeg,https://joinkuliner.com/wp-content/uploads/2023/10/tan-boy-kun-100x56.jpeg,20240227142350,image/jpeg,2863,97f399740b428bc296dea514b1eb07dfcb27cc1d15b192bf5dfc9f4203238a47,https://web.archive.org/web/20240227142350id_/https://joinkuliner.com/wp-content/uploads/2023/10/tan-boy-kun-100x56.jpeg,
downloaded,wp-content/uploads/2023/10/tan-boy-kun-1200x674.jpeg,https://joinkuliner.com/wp-content/uploads/2023/10/tan-boy-kun-1200x674.jpeg,20240302094634,image/jpeg,100264,ff5b321724494d12243dafa83a5bbfe2b62981c04e8ef3b36f973902c70bbceb,https://web.archive.org/web/20240302094634id_/https://joinkuliner.com/wp-content/uploads/2023/10/tan-boy-kun-1200x674.jpeg,
downloaded,wp-content/uploads/2023/10/tan-boy-kun-150x84.jpeg,https://joinkuliner.com/wp-content/uploads/2023/10/tan-boy-kun-150x84.jpeg,20240227142351,image/jpeg,4989,a20f6597ec819ff757f693d241fbf5b1f52f2bf8f36040baf69e478cee682f25,https://web.archive.org/web/20240227142351id_/https://joinkuliner.com/wp-content/uploads/2023/10/tan-boy-kun-150x84.jpeg,
downloaded,wp-content/uploads/2023/10/tan-boy-kun-200x112.jpeg,https://joinkuliner.com/wp-content/uploads/2023/10/tan-boy-kun-200x112.jpeg,20240227142444,image/jpeg,7322,b7a8741c36d2777cda2c5d4e5f00636e13e5ca8955f2f22bd40fee36fc797109,https://web.archive.org/web/20240227142444id_/https://joinkuliner.com/wp-content/uploads/2023/10/tan-boy-kun-200x112.jpeg,
downloaded,wp-content/uploads/2023/10/tan-boy-kun-250x140.jpeg,https://joinkuliner.com/wp-content/uploads/2023/10/tan-boy-kun-250x140.jpeg,20240227142351,image/jpeg,10450,6c155490be4967a760b7c1b720f70a47dd31981776db2b88989f17aa555abd56,https://web.archive.org/web/20240227142351id_/https://joinkuliner.com/wp-content/uploads/2023/10/tan-boy-kun-250x140.jpeg,
downloaded,wp-content/uploads/2023/10/tan-boy-kun-300x169.jpeg,https://joinkuliner.com/wp-content/uploads/2023/10/tan-boy-kun-300x169.jpeg,20240227142349,image/jpeg,13695,5cda52d3426d5ea8beab0c1cd0aa132254739dba7e1f193af8892d2538320578,https://web.archive.org/web/20240227142349id_/https://joinkuliner.com/wp-content/uploads/2023/10/tan-boy-kun-300x169.jpeg,
downloaded,wp-content/uploads/2023/10/tan-boy-kun-350x197.jpeg,https://joinkuliner.com/wp-content/uploads/2023/10/tan-boy-kun-350x197.jpeg,20240227142348,image/jpeg,17320,dfb47b82bfbc456b55deebaf0b3d7b3b7c1faa256b6b0263f2b82832324ac339,https://web.archive.org/web/20240227142348id_/https://joinkuliner.com/wp-content/uploads/2023/10/tan-boy-kun-350x197.jpeg,
downloaded,wp-content/uploads/2023/10/tan-boy-kun-400x225.jpeg,https://joinkuliner.com/wp-content/uploads/2023/10/tan-boy-kun-400x225.jpeg,20240227142353,image/jpeg,21030,8ec25108895e4281b468fcbdfbb1d19210e7e5321154a70d5786c9875ced1426,https://web.archive.org/web/20240227142353id_/https://joinkuliner.com/wp-content/uploads/2023/10/tan-boy-kun-400x225.jpeg,
downloaded,wp-content/uploads/2023/10/tan-boy-kun-450x253.jpeg,https://joinkuliner.com/wp-content/uploads/2023/10/tan-boy-kun-450x253.jpeg,20240227142348,image/jpeg,25315,73096945f3b86f89cf8ab4a28f7040534136e6196fc970f516a60e49e2f13e9d,https://web.archive.org/web/20240227142348id_/https://joinkuliner.com/wp-content/uploads/2023/10/tan-boy-kun-450x253.jpeg,
downloaded,wp-content/uploads/2023/10/tan-boy-kun-500x281.jpeg,https://joinkuliner.com/wp-content/uploads/2023/10/tan-boy-kun-500x281.jpeg,20240227142349,image/jpeg,29312,b4f2dbd3a4f7928cab4ed04d155bf91ac2273328abbc1ad92c59bd839b868e38,https://web.archive.org/web/20240227142349id_/https://joinkuliner.com/wp-content/uploads/2023/10/tan-boy-kun-500x281.jpeg,
downloaded,wp-content/uploads/2023/10/tan-boy-kun-50x28.jpeg,https://joinkuliner.com/wp-content/uploads/2023/10/tan-boy-kun-50x28.jpeg,20240227142350,image/jpeg,1437,fec4bbbbb409e05d509e21669be4a85b84790975d318ace88c5861386d678590,https://web.archive.org/web/20240227142350id_/https://joinkuliner.com/wp-content/uploads/2023/10/tan-boy-kun-50x28.jpeg,
downloaded,wp-content/uploads/2023/10/tan-boy-kun-550x309.jpeg,https://joinkuliner.com/wp-content/uploads/2023/10/tan-boy-kun-550x309.jpeg,20240302094527,image/jpeg,33834,eb6619adb1ab661f7d7786c8d590e173405c7286b306dabac7753f97bf665960,https://web.archive.org/web/20240302094527id_/https://joinkuliner.com/wp-content/uploads/2023/10/tan-boy-kun-550x309.jpeg,
downloaded,wp-content/uploads/2023/10/tan-boy-kun-650x365.jpeg,https://joinkuliner.com/wp-content/uploads/2023/10/tan-boy-kun-650x365.jpeg,20240227142354,image/jpeg,42945,6a5ed6caea517fde06be1a7db14f68cdb114e98df191abac0a67a2e45139e1ab,https://web.archive.org/web/20240227142354id_/https://joinkuliner.com/wp-content/uploads/2023/10/tan-boy-kun-650x365.jpeg,
downloaded,wp-content/uploads/2023/10/tan-boy-kun-768x431.jpeg,https://joinkuliner.com/wp-content/uploads/2023/10/tan-boy-kun-768x431.jpeg,20240227142427,image/jpeg,54063,c90da17039dc435c9a7797dc8e2d81c640fc18569f8f07e53b642c90c9e59a0b,https://web.archive.org/web/20240227142427id_/https://joinkuliner.com/wp-content/uploads/2023/10/tan-boy-kun-768x431.jpeg,
downloaded,wp-content/uploads/2023/10/tan-boy-kun-800x449.jpeg,https://joinkuliner.com/wp-content/uploads/2023/10/tan-boy-kun-800x449.jpeg,20240302094608,image/jpeg,57561,38fe5441c34c123bdc2904788705ce018031d811095ce384ee7a8aff78bd9e55,https://web.archive.org/web/20240302094608id_/https://joinkuliner.com/wp-content/uploads/2023/10/tan-boy-kun-800x449.jpeg,
downloaded,wp-content/uploads/2023/10/tan-boy-kun.jpeg,https://joinkuliner.com/wp-content/uploads/2023/10/tan-boy-kun.jpeg,20240302094526,image/jpeg,103416,8365baefaca7b28b6c0beb5c3c62d9e35897aa13efee638f6c5409f4a27f83e9,https://web.archive.org/web/20240302094526id_/https://joinkuliner.com/wp-content/uploads/2023/10/tan-boy-kun.jpeg,
downloaded,wp-content/uploads/2023/10/tteok-100x140.jpg,https://joinkuliner.com/wp-content/uploads/2023/10/tteok-100x140.jpg,20231226150850,image/jpeg,4015,d7b942e9e0579f9c4d7421c7e3a4cb6c0c6a4e8afb825d807a1e027875d8331d,https://web.archive.org/web/20231226150850id_/https://joinkuliner.com/wp-content/uploads/2023/10/tteok-100x140.jpg,
downloaded,wp-content/uploads/2023/10/tteok-150x210.jpg,https://joinkuliner.com/wp-content/uploads/2023/10/tteok-150x210.jpg,20231226150845,image/jpeg,6812,52b15fb003ac2bec6a8c0388cccd67ac083ebeb974601a61e1f8917b92e7519f,https://web.archive.org/web/20231226150845id_/https://joinkuliner.com/wp-content/uploads/2023/10/tteok-150x210.jpg,
downloaded,wp-content/uploads/2023/10/tteok-50x70.jpg,https://joinkuliner.com/wp-content/uploads/2023/10/tteok-50x70.jpg,20231226150846,image/jpeg,1861,831d76c75420c051d99d26b815407f9d7978c81ee557b89450419d49a4615cc5,https://web.archive.org/web/20231226150846id_/https://joinkuliner.com/wp-content/uploads/2023/10/tteok-50x70.jpg,
downloaded,wp-content/uploads/2023/10/tteok.jpg,https://joinkuliner.com/wp-content/uploads/2023/10/tteok.jpg,20231226150848,image/jpeg,6095,c15f1f68b54d6d94009bf202daba2f8b4dd6eb959e47ecab6c522385688b9487,https://web.archive.org/web/20231226150848id_/https://joinkuliner.com/wp-content/uploads/2023/10/tteok.jpg,
downloaded,wp-content/uploads/2023/10/warteg-bahari-100x75.jpg,https://joinkuliner.com/wp-content/uploads/2023/10/warteg-bahari-100x75.jpg,20231211145414,image/jpeg,3278,af4df716d7dd76e30cd94c1aa37622a864c6b8f411e1bcc28abdb51ff64e5182,https://web.archive.org/web/20231211145414id_/https://joinkuliner.com/wp-content/uploads/2023/10/warteg-bahari-100x75.jpg,
downloaded,wp-content/uploads/2023/10/warteg-bahari-150x112.jpg,https://joinkuliner.com/wp-content/uploads/2023/10/warteg-bahari-150x112.jpg,20231211145401,image/jpeg,5667,1c4082f3b59391183097c862fe65a335629cc1db17eacc24bef65f881c7e4bad,https://web.archive.org/web/20231211145401id_/https://joinkuliner.com/wp-content/uploads/2023/10/warteg-bahari-150x112.jpg,
downloaded,wp-content/uploads/2023/10/warteg-bahari-200x150.jpg,https://joinkuliner.com/wp-content/uploads/2023/10/warteg-bahari-200x150.jpg,20231211145415,image/jpeg,8973,76fb76b88bd5e922c1c2a8bd56e4dfd28934000b42750f96723445d20b4cd878,https://web.archive.org/web/20231211145415id_/https://joinkuliner.com/wp-content/uploads/2023/10/warteg-bahari-200x150.jpg,
downloaded,wp-content/uploads/2023/10/warteg-bahari-250x187.jpg,https://joinkuliner.com/wp-content/uploads/2023/10/warteg-bahari-250x187.jpg,20231211145402,image/jpeg,12695,5aba198d2346bbca7eb26133fdf108c0fd2b53b1134404ecfe151da4696452fa,https://web.archive.org/web/20231211145402id_/https://joinkuliner.com/wp-content/uploads/2023/10/warteg-bahari-250x187.jpg,
downloaded,wp-content/uploads/2023/10/warteg-bahari-300x225.jpg,https://joinkuliner.com/wp-content/uploads/2023/10/warteg-bahari-300x225.jpg,20231211145408,image/jpeg,17196,524d1335b90f253ada5a9d7296fe1902b1701e4981400153d3fd6f6fb3dccef2,https://web.archive.org/web/20231211145408id_/https://joinkuliner.com/wp-content/uploads/2023/10/warteg-bahari-300x225.jpg,
downloaded,wp-content/uploads/2023/10/warteg-bahari-350x262.jpg,https://joinkuliner.com/wp-content/uploads/2023/10/warteg-bahari-350x262.jpg,20231211145412,image/jpeg,21886,78c8de8c3f2b414285c01d8c40e175b93adab3b72475ee1c26130be16db2f8c1,https://web.archive.org/web/20231211145412id_/https://joinkuliner.com/wp-content/uploads/2023/10/warteg-bahari-350x262.jpg,
downloaded,wp-content/uploads/2023/10/warteg-bahari-400x300.jpg,https://joinkuliner.com/wp-content/uploads/2023/10/warteg-bahari-400x300.jpg,20231211145410,image/jpeg,27261,d0ef48edb5b21800544343839c0ef493f649ad7bb02a0cf29e2c3837e05082f5,https://web.archive.org/web/20231211145410id_/https://joinkuliner.com/wp-content/uploads/2023/10/warteg-bahari-400x300.jpg,
downloaded,wp-content/uploads/2023/10/warteg-bahari-450x337.jpg,https://joinkuliner.com/wp-content/uploads/2023/10/warteg-bahari-450x337.jpg,20231211145407,image/jpeg,33120,28b5ce8ffa609d6491212ac49d3e0d073aece7bc5c08411a041ee5fda11d1296,https://web.archive.org/web/20231211145407id_/https://joinkuliner.com/wp-content/uploads/2023/10/warteg-bahari-450x337.jpg,
downloaded,wp-content/uploads/2023/10/warteg-bahari-500x375.jpg,https://joinkuliner.com/wp-content/uploads/2023/10/warteg-bahari-500x375.jpg,20231211145402,image/jpeg,39160,e8380cff55946fb6de9b9db8d0fd03e43e8b85d5108dd064d9b2fa595710424f,https://web.archive.org/web/20231211145402id_/https://joinkuliner.com/wp-content/uploads/2023/10/warteg-bahari-500x375.jpg,
downloaded,wp-content/uploads/2023/10/warteg-bahari-50x37.jpg,https://joinkuliner.com/wp-content/uploads/2023/10/warteg-bahari-50x37.jpg,20231211145406,image/jpeg,1502,c9e3a2e7cae28620ac97ba7e51aaedd05833837e7b7dfd0340dd824be68e4de0,https://web.archive.org/web/20231211145406id_/https://joinkuliner.com/wp-content/uploads/2023/10/warteg-bahari-50x37.jpg,
downloaded,wp-content/uploads/2023/10/warteg-bahari-650x487.jpg,https://joinkuliner.com/wp-content/uploads/2023/10/warteg-bahari-650x487.jpg,20231211145406,image/jpeg,59401,a1bc853765f06310e302172b797d828d69812a01913b62ea0fd0262ac0225885,https://web.archive.org/web/20231211145406id_/https://joinkuliner.com/wp-content/uploads/2023/10/warteg-bahari-650x487.jpg,
downloaded,wp-content/uploads/2023/10/warteg-bahari-768x576.jpg,https://joinkuliner.com/wp-content/uploads/2023/10/warteg-bahari-768x576.jpg,20231211145404,image/jpeg,76496,c006a4707fc0d3ef9a51f80385d312954326f9fff251b176b69acdfead8b8bf1,https://web.archive.org/web/20231211145404id_/https://joinkuliner.com/wp-content/uploads/2023/10/warteg-bahari-768x576.jpg,
downloaded,wp-content/uploads/2023/10/warteg-bahari-800x600.jpg,https://joinkuliner.com/wp-content/uploads/2023/10/warteg-bahari-800x600.jpg,20231211145408,image/jpeg,81964,cc01acda2bfae80e6dae5ee73a7ad4f65756b5f1f7296009a83f579d74e30872,https://web.archive.org/web/20231211145408id_/https://joinkuliner.com/wp-content/uploads/2023/10/warteg-bahari-800x600.jpg,
downloaded,wp-content/uploads/2023/10/warteg-bahari.jpg,https://joinkuliner.com/wp-content/uploads/2023/10/warteg-bahari.jpg,20231211145403,image/jpeg,519720,4c03513e394063d40c8136277df3753c8afb58c01ec13b9242d988a5c82908bd,https://web.archive.org/web/20231211145403id_/https://joinkuliner.com/wp-content/uploads/2023/10/warteg-bahari.jpg,
downloaded,wp-content/uploads/2023/10/warteg-waralaba-100x66.jpg,https://joinkuliner.com/wp-content/uploads/2023/10/warteg-waralaba-100x66.jpg,20231211145439,image/jpeg,3993,96b5f73e15c409de3dcdb9150ce097c740635416c95ee45cd1d1d9eff83c50d3,https://web.archive.org/web/20231211145439id_/https://joinkuliner.com/wp-content/uploads/2023/10/warteg-waralaba-100x66.jpg,
downloaded,wp-content/uploads/2023/10/warteg-waralaba-150x99.jpg,https://joinkuliner.com/wp-content/uploads/2023/10/warteg-waralaba-150x99.jpg,20231211145406,image/jpeg,7426,77f1012a348e8b32782767c5acf4044be1c2fd01944722a0c4cf9544e5f5ad2e,https://web.archive.org/web/20231211145406id_/https://joinkuliner.com/wp-content/uploads/2023/10/warteg-waralaba-150x99.jpg,
downloaded,wp-content/uploads/2023/10/warteg-waralaba-200x132.jpg,https://joinkuliner.com/wp-content/uploads/2023/10/warteg-waralaba-200x132.jpg,20231211145407,image/jpeg,11844,116c9e9c5e01f40888c4907ba57274c641ce108cec747c3f61d4372c02a1586f,https://web.archive.org/web/20231211145407id_/https://joinkuliner.com/wp-content/uploads/2023/10/warteg-waralaba-200x132.jpg,
downloaded,wp-content/uploads/2023/10/warteg-waralaba-250x166.jpg,https://joinkuliner.com/wp-content/uploads/2023/10/warteg-waralaba-250x166.jpg,20231211145356,image/jpeg,17438,cb943bbe2eeceb01710971069eec43d38ca00839faab82ba5a5d0d9b84664720,https://web.archive.org/web/20231211145356id_/https://joinkuliner.com/wp-content/uploads/2023/10/warteg-waralaba-250x166.jpg,
downloaded,wp-content/uploads/2023/10/warteg-waralaba-300x199.jpg,https://joinkuliner.com/wp-content/uploads/2023/10/warteg-waralaba-300x199.jpg,20231211145405,image/jpeg,23573,144911a9970bd314a8c1b1ad4a2580629c4873427a9af634262b16d2401f0748,https://web.archive.org/web/20231211145405id_/https://joinkuliner.com/wp-content/uploads/2023/10/warteg-waralaba-300x199.jpg,
downloaded,wp-content/uploads/2023/10/warteg-waralaba-350x232.jpg,https://joinkuliner.com/wp-content/uploads/2023/10/warteg-waralaba-350x232.jpg,20231211145356,image/jpeg,30203,7077947258c0d263f5ff32c7d58e8af7efe9e41eb27167c01e75a49c58ec0ddf,https://web.archive.org/web/20231211145356id_/https://joinkuliner.com/wp-content/uploads/2023/10/warteg-waralaba-350x232.jpg,
downloaded,wp-content/uploads/2023/10/warteg-waralaba-400x265.jpg,https://joinkuliner.com/wp-content/uploads/2023/10/warteg-waralaba-400x265.jpg,20231211145359,image/jpeg,37870,7e23dadce46e9aa98d9d6bcaebfb6b850c628d3278f0c5c1deb707a52df029e0,https://web.archive.org/web/20231211145359id_/https://joinkuliner.com/wp-content/uploads/2023/10/warteg-waralaba-400x265.jpg,
downloaded,wp-content/uploads/2023/10/warteg-waralaba-450x298.jpg,https://joinkuliner.com/wp-content/uploads/2023/10/warteg-waralaba-450x298.jpg,20231211145357,image/jpeg,46730,b4da62e82e99b6f8e88539a24d5ddcd9deeddf683e11dc66d8d7b21a47573e30,https://web.archive.org/web/20231211145357id_/https://joinkuliner.com/wp-content/uploads/2023/10/warteg-waralaba-450x298.jpg,
downloaded,wp-content/uploads/2023/10/warteg-waralaba-500x331.jpg,https://joinkuliner.com/wp-content/uploads/2023/10/warteg-waralaba-500x331.jpg,20231211145354,image/jpeg,55597,1c9276590f3ea21603bd65a00c0908eabf07513cdc2b519cd6a39e19010839cb,https://web.archive.org/web/20231211145354id_/https://joinkuliner.com/wp-content/uploads/2023/10/warteg-waralaba-500x331.jpg,
downloaded,wp-content/uploads/2023/10/warteg-waralaba-50x33.jpg,https://joinkuliner.com/wp-content/uploads/2023/10/warteg-waralaba-50x33.jpg,20231211145429,image/jpeg,1642,38cacc087608ddecca2b1d3180c3624fc152580e5b50c713981aca4635b71adf,https://web.archive.org/web/20231211145429id_/https://joinkuliner.com/wp-content/uploads/2023/10/warteg-waralaba-50x33.jpg,
downloaded,wp-content/uploads/2023/10/warteg-waralaba-550x364.jpg,https://joinkuliner.com/wp-content/uploads/2023/10/warteg-waralaba-550x364.jpg,20231211145357,image/jpeg,64962,4a05c78a788e3183743640f2371605fe731c9c72167107451698011d2fbe8a81,https://web.archive.org/web/20231211145357id_/https://joinkuliner.com/wp-content/uploads/2023/10/warteg-waralaba-550x364.jpg,
downloaded,wp-content/uploads/2023/10/warteg-waralaba-650x431.jpg,https://joinkuliner.com/wp-content/uploads/2023/10/warteg-waralaba-650x431.jpg,20231211145354,image/jpeg,86460,be00686d346925574e25ff0fe3b98d582d47dca072764464fe62b3e269a9f052,https://web.archive.org/web/20231211145354id_/https://joinkuliner.com/wp-content/uploads/2023/10/warteg-waralaba-650x431.jpg,
downloaded,wp-content/uploads/2023/10/warteg-waralaba-768x509.jpg,https://joinkuliner.com/wp-content/uploads/2023/10/warteg-waralaba-768x509.jpg,20231211145356,image/jpeg,114926,9b95aa26c62f9d19061b2df6856516afba8c53d97a6780ac76b281d7ff67099f,https://web.archive.org/web/20231211145356id_/https://joinkuliner.com/wp-content/uploads/2023/10/warteg-waralaba-768x509.jpg,
downloaded,wp-content/uploads/2023/10/warteg-waralaba-800x530.jpg,https://joinkuliner.com/wp-content/uploads/2023/10/warteg-waralaba-800x530.jpg,20231211145355,image/jpeg,123546,72eb558817108f045ae03445d7b8d1febab79291765a3f5e4f01e703e4c6d542,https://web.archive.org/web/20231211145355id_/https://joinkuliner.com/wp-content/uploads/2023/10/warteg-waralaba-800x530.jpg,
downloaded,wp-content/uploads/2023/10/warteg-waralaba.jpg,https://joinkuliner.com/wp-content/uploads/2023/10/warteg-waralaba.jpg,20231211145400,image/jpeg,400923,ba626ba43b7d4c4bb195de5ab2cb1b3a4d902d8c791ab03a12434d1bab953bd4,https://web.archive.org/web/20231211145400id_/https://joinkuliner.com/wp-content/uploads/2023/10/warteg-waralaba.jpg,
downloaded,wp-content/uploads/2023/11/01gkv52d9vd4wy0sa4qatgf8b2-100x67.webp,https://joinkuliner.com/wp-content/uploads/2023/11/01gkv52d9vd4wy0sa4qatgf8b2-100x67.webp,20231211145421,image/webp,2046,166b1ea35276b4c0a31b31cde1d69228d3f864350fd572b3455e713618019259,https://web.archive.org/web/20231211145421id_/https://joinkuliner.com/wp-content/uploads/2023/11/01gkv52d9vd4wy0sa4qatgf8b2-100x67.webp,
downloaded,wp-content/uploads/2023/11/01gkv52d9vd4wy0sa4qatgf8b2-150x100.webp,https://joinkuliner.com/wp-content/uploads/2023/11/01gkv52d9vd4wy0sa4qatgf8b2-150x100.webp,20231211145415,image/webp,3752,434f7cd43668d3bf9181afd0b013c68b2ed20f8d1a45bf0489bb8bc10fab9eb3,https://web.archive.org/web/20231211145415id_/https://joinkuliner.com/wp-content/uploads/2023/11/01gkv52d9vd4wy0sa4qatgf8b2-150x100.webp,
downloaded,wp-content/uploads/2023/11/01gkv52d9vd4wy0sa4qatgf8b2-200x133.webp,https://joinkuliner.com/wp-content/uploads/2023/11/01gkv52d9vd4wy0sa4qatgf8b2-200x133.webp,20231211145422,image/webp,5592,00aaa48d496843a9ad24a57bc39f5afeef50aac69c94650130de72f176b9dc16,https://web.archive.org/web/20231211145422id_/https://joinkuliner.com/wp-content/uploads/2023/11/01gkv52d9vd4wy0sa4qatgf8b2-200x133.webp,
downloaded,wp-content/uploads/2023/11/01gkv52d9vd4wy0sa4qatgf8b2-250x167.webp,https://joinkuliner.com/wp-content/uploads/2023/11/01gkv52d9vd4wy0sa4qatgf8b2-250x167.webp,20231211145412,image/webp,7424,5c2fde6712a60334f127aac40ca3d27b014c994f1098d016d67b268b42add224,https://web.archive.org/web/20231211145412id_/https://joinkuliner.com/wp-content/uploads/2023/11/01gkv52d9vd4wy0sa4qatgf8b2-250x167.webp,
downloaded,wp-content/uploads/2023/11/01gkv52d9vd4wy0sa4qatgf8b2-300x200.webp,https://joinkuliner.com/wp-content/uploads/2023/11/01gkv52d9vd4wy0sa4qatgf8b2-300x200.webp,20231211145416,image/webp,9716,b66b8e41497ef0f5ea133cde62b04ffb61586897fa510267f2d7be88725c3512,https://web.archive.org/web/20231211145416id_/https://joinkuliner.com/wp-content/uploads/2023/11/01gkv52d9vd4wy0sa4qatgf8b2-300x200.webp,
downloaded,wp-content/uploads/2023/11/01gkv52d9vd4wy0sa4qatgf8b2-350x234.webp,https://joinkuliner.com/wp-content/uploads/2023/11/01gkv52d9vd4wy0sa4qatgf8b2-350x234.webp,20231211145425,image/webp,11670,d0d4593140cf81e845f2e1a5cc64a6ade44011150057d1ed107ebc119cecdb40,https://web.archive.org/web/20231211145425id_/https://joinkuliner.com/wp-content/uploads/2023/11/01gkv52d9vd4wy0sa4qatgf8b2-350x234.webp,
downloaded,wp-content/uploads/2023/11/01gkv52d9vd4wy0sa4qatgf8b2-400x267.webp,https://joinkuliner.com/wp-content/uploads/2023/11/01gkv52d9vd4wy0sa4qatgf8b2-400x267.webp,20231211145421,image/webp,13842,f1dcd0725a7b0901aad1f793f4689170cf146497afd5ac27bb168bf144e0ecce,https://web.archive.org/web/20231211145421id_/https://joinkuliner.com/wp-content/uploads/2023/11/01gkv52d9vd4wy0sa4qatgf8b2-400x267.webp,
downloaded,wp-content/uploads/2023/11/01gkv52d9vd4wy0sa4qatgf8b2-450x300.webp,https://joinkuliner.com/wp-content/uploads/2023/11/01gkv52d9vd4wy0sa4qatgf8b2-450x300.webp,20231211145414,image/webp,15954,f98d3205f89d5c02d080e91c6242a7bd73cbcf03070212318382ae9c8f6db87b,https://web.archive.org/web/20231211145414id_/https://joinkuliner.com/wp-content/uploads/2023/11/01gkv52d9vd4wy0sa4qatgf8b2-450x300.webp,
downloaded,wp-content/uploads/2023/11/01gkv52d9vd4wy0sa4qatgf8b2-500x334.webp,https://joinkuliner.com/wp-content/uploads/2023/11/01gkv52d9vd4wy0sa4qatgf8b2-500x334.webp,20231211145424,image/webp,18142,a7a5e51b5b8192a56c95250cda03c352aa900796cff676b3649f1eaccdb6359c,https://web.archive.org/web/20231211145424id_/https://joinkuliner.com/wp-content/uploads/2023/11/01gkv52d9vd4wy0sa4qatgf8b2-500x334.webp,
downloaded,wp-content/uploads/2023/11/01gkv52d9vd4wy0sa4qatgf8b2-50x33.webp,https://joinkuliner.com/wp-content/uploads/2023/11/01gkv52d9vd4wy0sa4qatgf8b2-50x33.webp,20231211145414,image/webp,704,80d05a72198d04e768bc42e1d517e77d583009420148933a161ef4d765475a11,https://web.archive.org/web/20231211145414id_/https://joinkuliner.com/wp-content/uploads/2023/11/01gkv52d9vd4wy0sa4qatgf8b2-50x33.webp,
downloaded,wp-content/uploads/2023/11/01gkv52d9vd4wy0sa4qatgf8b2-550x367.webp,https://joinkuliner.com/wp-content/uploads/2023/11/01gkv52d9vd4wy0sa4qatgf8b2-550x367.webp,20231211145415,image/webp,20216,698579cd34beee1415909400a9413f9e11ab93df79d9363bea524a1c1a021629,https://web.archive.org/web/20231211145415id_/https://joinkuliner.com/wp-content/uploads/2023/11/01gkv52d9vd4wy0sa4qatgf8b2-550x367.webp,
downloaded,wp-content/uploads/2023/11/01gkv52d9vd4wy0sa4qatgf8b2.webp,https://joinkuliner.com/wp-content/uploads/2023/11/01gkv52d9vd4wy0sa4qatgf8b2.webp,20231211145416,image/webp,39604,3eda133ae88b1336797649b07f3af8f5e7c58764d2acdefc8601fcaf394d8c96,https://web.archive.org/web/20231211145416id_/https://joinkuliner.com/wp-content/uploads/2023/11/01gkv52d9vd4wy0sa4qatgf8b2.webp,
downloaded,wp-content/uploads/2023/11/120823779_2745729095755226_7143895580681666546_o-100x100.webp,https://joinkuliner.com/wp-content/uploads/2023/11/120823779_2745729095755226_7143895580681666546_o-100x100.webp,20241204061030,image/webp,3396,c7b81b871d41f32c4521dd28401ff650722c98328f61b1bb4e681bf61268eebe,https://web.archive.org/web/20241204061030id_/https://joinkuliner.com/wp-content/uploads/2023/11/120823779_2745729095755226_7143895580681666546_o-100x100.webp,
downloaded,wp-content/uploads/2023/11/120823779_2745729095755226_7143895580681666546_o-150x150.webp,https://joinkuliner.com/wp-content/uploads/2023/11/120823779_2745729095755226_7143895580681666546_o-150x150.webp,20241204041157,image/webp,5804,feb11d6f66b4541935e2acd04dad06760f78dc35d8446438852954c180d6468d,https://web.archive.org/web/20241204041157id_/https://joinkuliner.com/wp-content/uploads/2023/11/120823779_2745729095755226_7143895580681666546_o-150x150.webp,
downloaded,wp-content/uploads/2023/11/120823779_2745729095755226_7143895580681666546_o-200x200.webp,https://joinkuliner.com/wp-content/uploads/2023/11/120823779_2745729095755226_7143895580681666546_o-200x200.webp,20241206125349,image/webp,8398,6ede3b655f271da16f037cd817d50a536a3b6200a141bc9878e9969e6f0afcf6,https://web.archive.org/web/20241206125349id_/https://joinkuliner.com/wp-content/uploads/2023/11/120823779_2745729095755226_7143895580681666546_o-200x200.webp,
downloaded,wp-content/uploads/2023/11/120823779_2745729095755226_7143895580681666546_o-250x250.webp,https://joinkuliner.com/wp-content/uploads/2023/11/120823779_2745729095755226_7143895580681666546_o-250x250.webp,20250809141047,image/webp,10680,76643915097f6beaaaddc1eb585958ebeaab3bdde5be61e340a9fe12c46ada9a,https://web.archive.org/web/20250809141047id_/https://joinkuliner.com/wp-content/uploads/2023/11/120823779_2745729095755226_7143895580681666546_o-250x250.webp,
downloaded,wp-content/uploads/2023/11/120823779_2745729095755226_7143895580681666546_o-300x300.webp,https://joinkuliner.com/wp-content/uploads/2023/11/120823779_2745729095755226_7143895580681666546_o-300x300.webp,20241204043707,image/webp,13138,dcff585f6b6932ebe3e48b3355e49ede2ac9f1c8f1bfe05f1b14e241ba6bebf3,https://web.archive.org/web/20241204043707id_/https://joinkuliner.com/wp-content/uploads/2023/11/120823779_2745729095755226_7143895580681666546_o-300x300.webp,
downloaded,wp-content/uploads/2023/11/120823779_2745729095755226_7143895580681666546_o-350x350.webp,https://joinkuliner.com/wp-content/uploads/2023/11/120823779_2745729095755226_7143895580681666546_o-350x350.webp,20250810084406,image/webp,15774,d3ff76922087c74f31bfeaa7a690d83fff0221f0b6856b7cfc2acab323ff377d,https://web.archive.org/web/20250810084406id_/https://joinkuliner.com/wp-content/uploads/2023/11/120823779_2745729095755226_7143895580681666546_o-350x350.webp,
downloaded,wp-content/uploads/2023/11/120823779_2745729095755226_7143895580681666546_o-400x400.webp,https://joinkuliner.com/wp-content/uploads/2023/11/120823779_2745729095755226_7143895580681666546_o-400x400.webp,20250810133656,image/webp,18420,0f2893d8e00052431ce6f15a5552435d0015157bc7cc31bc7638a2ef9365cbe2,https://web.archive.org/web/20250810133656id_/https://joinkuliner.com/wp-content/uploads/2023/11/120823779_2745729095755226_7143895580681666546_o-400x400.webp,
downloaded,wp-content/uploads/2023/11/120823779_2745729095755226_7143895580681666546_o-450x450.webp,https://joinkuliner.com/wp-content/uploads/2023/11/120823779_2745729095755226_7143895580681666546_o-450x450.webp,20250810114135,image/webp,21186,68b11037a53cf95fa21d965a3b5d5b7b376822327ccc1970ce99b3cf501b79fb,https://web.archive.org/web/20250810114135id_/https://joinkuliner.com/wp-content/uploads/2023/11/120823779_2745729095755226_7143895580681666546_o-450x450.webp,
downloaded,wp-content/uploads/2023/11/120823779_2745729095755226_7143895580681666546_o-500x500.webp,https://joinkuliner.com/wp-content/uploads/2023/11/120823779_2745729095755226_7143895580681666546_o-500x500.webp,20241204061425,image/webp,23820,a4e7210d6cca9035a9152b0ab2d00754de9e1db076b6be3996462c6064c4f8b1,https://web.archive.org/web/20241204061425id_/https://joinkuliner.com/wp-content/uploads/2023/11/120823779_2745729095755226_7143895580681666546_o-500x500.webp,
downloaded,wp-content/uploads/2023/11/120823779_2745729095755226_7143895580681666546_o-50x50.webp,https://joinkuliner.com/wp-content/uploads/2023/11/120823779_2745729095755226_7143895580681666546_o-50x50.webp,20241204043441,image/webp,1322,7003ef8336d4090cdfd2520ec61562c0a06304ac31023095bf4e31cfebf95da9,https://web.archive.org/web/20241204043441id_/https://joinkuliner.com/wp-content/uploads/2023/11/120823779_2745729095755226_7143895580681666546_o-50x50.webp,
downloaded,wp-content/uploads/2023/11/120823779_2745729095755226_7143895580681666546_o-550x550.webp,https://joinkuliner.com/wp-content/uploads/2023/11/120823779_2745729095755226_7143895580681666546_o-550x550.webp,20241204043658,image/webp,26586,876b376b3f78599d7d799227281c65a77de375a32a31356bf972542911551c22,https://web.archive.org/web/20241204043658id_/https://joinkuliner.com/wp-content/uploads/2023/11/120823779_2745729095755226_7143895580681666546_o-550x550.webp,
downloaded,wp-content/uploads/2023/11/120823779_2745729095755226_7143895580681666546_o-650x650.webp,https://joinkuliner.com/wp-content/uploads/2023/11/120823779_2745729095755226_7143895580681666546_o-650x650.webp,20250810122507,image/webp,31410,6b3ac250b330a6ccd8f205e5299aa61c319032201ebba90613ed77167a629777,https://web.archive.org/web/20250810122507id_/https://joinkuliner.com/wp-content/uploads/2023/11/120823779_2745729095755226_7143895580681666546_o-650x650.webp,
downloaded,wp-content/uploads/2023/11/120823779_2745729095755226_7143895580681666546_o-768x768.webp,https://joinkuliner.com/wp-content/uploads/2023/11/120823779_2745729095755226_7143895580681666546_o-768x768.webp,20241204052633,image/webp,37510,62525efd04959017de95dcd73f7bafefbead768fa10265921b0014cf3bb4d90d,https://web.archive.org/web/20241204052633id_/https://joinkuliner.com/wp-content/uploads/2023/11/120823779_2745729095755226_7143895580681666546_o-768x768.webp,
downloaded,wp-content/uploads/2023/11/120823779_2745729095755226_7143895580681666546_o-800x800.webp,https://joinkuliner.com/wp-content/uploads/2023/11/120823779_2745729095755226_7143895580681666546_o-800x800.webp,20241204041035,image/webp,39052,7a2dbe5bae8b595940ac357bdde24856f23a287361d6e68ece99473014199283,https://web.archive.org/web/20241204041035id_/https://joinkuliner.com/wp-content/uploads/2023/11/120823779_2745729095755226_7143895580681666546_o-800x800.webp,
downloaded,wp-content/uploads/2023/11/120823779_2745729095755226_7143895580681666546_o.webp,https://joinkuliner.com/wp-content/uploads/2023/11/120823779_2745729095755226_7143895580681666546_o.webp,20241204043622,image/webp,45614,7976975546de96338563f5f5c4c52ea6bc8b72d6d44f53b1f4a4fab9c2d52754,https://web.archive.org/web/20241204043622id_/https://joinkuliner.com/wp-content/uploads/2023/11/120823779_2745729095755226_7143895580681666546_o.webp,
downloaded,wp-content/uploads/2023/11/Franchise-Makanan-Terlaris-2023-300x169-1-100x56.jpg,https://joinkuliner.com/wp-content/uploads/2023/11/Franchise-Makanan-Terlaris-2023-300x169-1-100x56.jpg,20231228083157,image/jpeg,3199,56ddc8a89f17670b226642971b87c6f471d55918ce60766ef34ea1e3949c4994,https://web.archive.org/web/20231228083157id_/https://joinkuliner.com/wp-content/uploads/2023/11/Franchise-Makanan-Terlaris-2023-300x169-1-100x56.jpg,
downloaded,wp-content/uploads/2023/11/Franchise-Makanan-Terlaris-2023-300x169-1-150x85.jpg,https://joinkuliner.com/wp-content/uploads/2023/11/Franchise-Makanan-Terlaris-2023-300x169-1-150x85.jpg,20231228083154,image/jpeg,5603,60aab79d0a5d59c50311f453300963f21b7d98ad10b419e7b8104e9f2128d94a,https://web.archive.org/web/20231228083154id_/https://joinkuliner.com/wp-content/uploads/2023/11/Franchise-Makanan-Terlaris-2023-300x169-1-150x85.jpg,
downloaded,wp-content/uploads/2023/11/Franchise-Makanan-Terlaris-2023-300x169-1-200x113.jpg,https://joinkuliner.com/wp-content/uploads/2023/11/Franchise-Makanan-Terlaris-2023-300x169-1-200x113.jpg,20231228083158,image/jpeg,8232,2aca0fbc746165cc18bb107f9e05f5efa6d6a7da6cf028af2b2c67c5fc068e26,https://web.archive.org/web/20231228083158id_/https://joinkuliner.com/wp-content/uploads/2023/11/Franchise-Makanan-Terlaris-2023-300x169-1-200x113.jpg,
downloaded,wp-content/uploads/2023/11/Franchise-Makanan-Terlaris-2023-300x169-1-250x141.jpg,https://joinkuliner.com/wp-content/uploads/2023/11/Franchise-Makanan-Terlaris-2023-300x169-1-250x141.jpg,20231228083155,image/jpeg,11138,1d518fb7ccd9015a1fbdd9ee20ba107e6ad92b25e0ac562bfe4ad2167141aea3,https://web.archive.org/web/20231228083155id_/https://joinkuliner.com/wp-content/uploads/2023/11/Franchise-Makanan-Terlaris-2023-300x169-1-250x141.jpg,
downloaded,wp-content/uploads/2023/11/Franchise-Makanan-Terlaris-2023-300x169-1-50x28.jpg,https://joinkuliner.com/wp-content/uploads/2023/11/Franchise-Makanan-Terlaris-2023-300x169-1-50x28.jpg,20231228083157,image/jpeg,1516,9fa243ec19d93e9aa5dbae2351f46d2557a9f3956ae5b690468df66e1a111f6d,https://web.archive.org/web/20231228083157id_/https://joinkuliner.com/wp-content/uploads/2023/11/Franchise-Makanan-Terlaris-2023-300x169-1-50x28.jpg,
downloaded,wp-content/uploads/2023/11/Franchise-Makanan-Terlaris-2023-300x169-1.jpg,https://joinkuliner.com/wp-content/uploads/2023/11/Franchise-Makanan-Terlaris-2023-300x169-1.jpg,20231228083156,image/jpeg,15939,8cc0012438810762001c8998ef11dec934ef24f676a731a7e8930d9b62df826d,https://web.archive.org/web/20231228083156id_/https://joinkuliner.com/wp-content/uploads/2023/11/Franchise-Makanan-Terlaris-2023-300x169-1.jpg,
downloaded,wp-content/uploads/2023/11/Janji-Jiwa-100x99.webp,https://joinkuliner.com/wp-content/uploads/2023/11/Janji-Jiwa-100x99.webp,20231123151049,image/webp,3794,2c4c2f18b93c8ae57d3562123f4712c92c435f6397467474468aab1bf6f71fe6,https://web.archive.org/web/20231123151049id_/https://joinkuliner.com/wp-content/uploads/2023/11/Janji-Jiwa-100x99.webp,
downloaded,wp-content/uploads/2023/11/Janji-Jiwa-150x148.webp,https://joinkuliner.com/wp-content/uploads/2023/11/Janji-Jiwa-150x148.webp,20231123151041,image/webp,6746,c6ad56f0cc14720f8daffe449566cda063c7b3ff913183ccde75938c2ebd7006,https://web.archive.org/web/20231123151041id_/https://joinkuliner.com/wp-content/uploads/2023/11/Janji-Jiwa-150x148.webp,
downloaded,wp-content/uploads/2023/11/Janji-Jiwa-200x197.webp,https://joinkuliner.com/wp-content/uploads/2023/11/Janji-Jiwa-200x197.webp,20231123151052,image/webp,10150,5f622bfd001d4ec8f0f277d22475c2ef1ee4d442f64429a5f73b8b242f14b378,https://web.archive.org/web/20231123151052id_/https://joinkuliner.com/wp-content/uploads/2023/11/Janji-Jiwa-200x197.webp,
downloaded,wp-content/uploads/2023/11/Janji-Jiwa-50x49.webp,https://joinkuliner.com/wp-content/uploads/2023/11/Janji-Jiwa-50x49.webp,20231123151049,image/webp,1404,353ded9a934a3ad308b079856c01fcad25e1fb539397f565361851a2189d2d4e,https://web.archive.org/web/20231123151049id_/https://joinkuliner.com/wp-content/uploads/2023/11/Janji-Jiwa-50x49.webp,
downloaded,wp-content/uploads/2023/11/Janji-Jiwa.webp,https://joinkuliner.com/wp-content/uploads/2023/11/Janji-Jiwa.webp,20231123151052,image/webp,16526,308d6ed53af5fec3b5bfd293cd927eda057747f6b318f085fb6cc3f2d8f71f32,https://web.archive.org/web/20231123151052id_/https://joinkuliner.com/wp-content/uploads/2023/11/Janji-Jiwa.webp,
downloaded,wp-content/uploads/2023/11/Mie-Gacoan-100x100.webp,https://joinkuliner.com/wp-content/uploads/2023/11/Mie-Gacoan-100x100.webp,20241204041201,image/webp,5000,6f76eb061c34005f5592aa5f49132fbf6c2cd3f715f49a0fb465cff321e6a950,https://web.archive.org/web/20241204041201id_/https://joinkuliner.com/wp-content/uploads/2023/11/Mie-Gacoan-100x100.webp,
downloaded,wp-content/uploads/2023/11/Mie-Gacoan-150x150.webp,https://joinkuliner.com/wp-content/uploads/2023/11/Mie-Gacoan-150x150.webp,20241204043356,image/webp,9744,45e1a383071cb5db53dbea77acc16db03d35c917c6d01224280a2f96c1b26e52,https://web.archive.org/web/20241204043356id_/https://joinkuliner.com/wp-content/uploads/2023/11/Mie-Gacoan-150x150.webp,
downloaded,wp-content/uploads/2023/11/Mie-Gacoan-200x200.webp,https://joinkuliner.com/wp-content/uploads/2023/11/Mie-Gacoan-200x200.webp,20241204062615,image/webp,15018,4cd2ab4233300f47a6f7b579b1000fd33deeaf93bd98de2808e01d99bbc50cfc,https://web.archive.org/web/20241204062615id_/https://joinkuliner.com/wp-content/uploads/2023/11/Mie-Gacoan-200x200.webp,
downloaded,wp-content/uploads/2023/11/Mie-Gacoan-250x250.webp,https://joinkuliner.com/wp-content/uploads/2023/11/Mie-Gacoan-250x250.webp,20241204043911,image/webp,20920,20006c2c8352810da86e76035c4a1875c3240d6635d756f31dc824d8e3e419fd,https://web.archive.org/web/20241204043911id_/https://joinkuliner.com/wp-content/uploads/2023/11/Mie-Gacoan-250x250.webp,
downloaded,wp-content/uploads/2023/11/Mie-Gacoan-300x300.webp,https://joinkuliner.com/wp-content/uploads/2023/11/Mie-Gacoan-300x300.webp,20241204043902,image/webp,27204,d0b8a04553d863f79c4b49270e83ddd41106206cd97114f7fe17681d4048ce0d,https://web.archive.org/web/20241204043902id_/https://joinkuliner.com/wp-content/uploads/2023/11/Mie-Gacoan-300x300.webp,
downloaded,wp-content/uploads/2023/11/Mie-Gacoan-350x350.webp,https://joinkuliner.com/wp-content/uploads/2023/11/Mie-Gacoan-350x350.webp,20241204044143,image/webp,34064,86d20cdc6e931f4dd57b3c89e4f6caad1157b1f57bfc8b963c03725385270835,https://web.archive.org/web/20241204044143id_/https://joinkuliner.com/wp-content/uploads/2023/11/Mie-Gacoan-350x350.webp,
downloaded,wp-content/uploads/2023/11/Mie-Gacoan-400x400.webp/index.html,https://joinkuliner.com/wp-content/uploads/2023/11/Mie-Gacoan-400x400.webp,20241204061916,text/html,12061,e5c6c54ce4718904d7f8a4a211a4c4873f271e1168cd62c8dc6bcaf956b3f7f6,https://web.archive.org/web/20241204061916id_/https://joinkuliner.com/wp-content/uploads/2023/11/Mie-Gacoan-400x400.webp,
downloaded,wp-content/uploads/2023/11/Mie-Gacoan-450x450.webp,https://joinkuliner.com/wp-content/uploads/2023/11/Mie-Gacoan-450x450.webp,20250810192340,image/webp,48846,40dacbbe12ee0f30260339e150bd716cd55f1bfd0c6dbb44dbf15befc5ae0fea,https://web.archive.org/web/20250810192340id_/https://joinkuliner.com/wp-content/uploads/2023/11/Mie-Gacoan-450x450.webp,
downloaded,wp-content/uploads/2023/11/Mie-Gacoan-500x500.webp,https://joinkuliner.com/wp-content/uploads/2023/11/Mie-Gacoan-500x500.webp,20241204043412,image/webp,56028,3a2745064617c0b72586607e94dcdd2ea300006c7f04662dcc701ab5d749d82a,https://web.archive.org/web/20241204043412id_/https://joinkuliner.com/wp-content/uploads/2023/11/Mie-Gacoan-500x500.webp,
downloaded,wp-content/uploads/2023/11/Mie-Gacoan-50x50.webp,https://joinkuliner.com/wp-content/uploads/2023/11/Mie-Gacoan-50x50.webp,20241204044011,image/webp,1692,d9720f67422d95267f57a8a840e3225720197a7b3ee615903edaddc8618b352c,https://web.archive.org/web/20241204044011id_/https://joinkuliner.com/wp-content/uploads/2023/11/Mie-Gacoan-50x50.webp,
downloaded,wp-content/uploads/2023/11/Mie-Gacoan-550x550.webp,https://joinkuliner.com/wp-content/uploads/2023/11/Mie-Gacoan-550x550.webp,20241204041151,image/webp,62936,24c08ea090e3a03efc7218f0f0644e31e48375c4a85bb0844cc98b80c1201bd5,https://web.archive.org/web/20241204041151id_/https://joinkuliner.com/wp-content/uploads/2023/11/Mie-Gacoan-550x550.webp,
downloaded,wp-content/uploads/2023/11/Mie-Gacoan-650x650.webp,https://joinkuliner.com/wp-content/uploads/2023/11/Mie-Gacoan-650x650.webp,20250810153427,image/webp,78014,4474c753643d4a3c160cdc7ef0a91b1f009c5c9d29e41001df134eba61507cd1,https://web.archive.org/web/20250810153427id_/https://joinkuliner.com/wp-content/uploads/2023/11/Mie-Gacoan-650x650.webp,
downloaded,wp-content/uploads/2023/11/Mie-Gacoan.webp,https://joinkuliner.com/wp-content/uploads/2023/11/Mie-Gacoan.webp,20241204082638,image/webp,62906,75489fa13b74c7ef75e4627e73c96ceeb2f096cc5c1ef505a607071c7eecd451,https://web.archive.org/web/20241204082638id_/https://joinkuliner.com/wp-content/uploads/2023/11/Mie-Gacoan.webp,
downloaded,wp-content/uploads/2023/11/bakso-serayu-100x75.jpg,https://joinkuliner.com/wp-content/uploads/2023/11/bakso-serayu-100x75.jpg,20241204035438,image/jpeg,3521,9931f13a8a61301d83d6cd9c2c3124fada52f9808145d9ff40364f8e2610d6ab,https://web.archive.org/web/20241204035438id_/https://joinkuliner.com/wp-content/uploads/2023/11/bakso-serayu-100x75.jpg,
downloaded,wp-content/uploads/2023/11/bakso-serayu-150x113.jpg,https://joinkuliner.com/wp-content/uploads/2023/11/bakso-serayu-150x113.jpg,20241204035624,image/jpeg,6402,1c34017018c4160b6808ec86bb2973c762c05259d598e42ff208232497eab43d,https://web.archive.org/web/20241204035624id_/https://joinkuliner.com/wp-content/uploads/2023/11/bakso-serayu-150x113.jpg,
downloaded,wp-content/uploads/2023/11/bakso-serayu-200x151.jpg,https://joinkuliner.com/wp-content/uploads/2023/11/bakso-serayu-200x151.jpg,20241204035146,image/jpeg,9821,f88df723f9ee72f115d73a38a55a0c82eed23dffa0a3e75798695e5ca8555373,https://web.archive.org/web/20241204035146id_/https://joinkuliner.com/wp-content/uploads/2023/11/bakso-serayu-200x151.jpg,
downloaded,wp-content/uploads/2023/11/bakso-serayu-250x188.jpg,https://joinkuliner.com/wp-content/uploads/2023/11/bakso-serayu-250x188.jpg,20241204035149,image/jpeg,14129,773baf126be858badc8125c03ebf9a421cd3abe4d0c0bea999cc81fc26bddc4e,https://web.archive.org/web/20241204035149id_/https://joinkuliner.com/wp-content/uploads/2023/11/bakso-serayu-250x188.jpg,
downloaded,wp-content/uploads/2023/11/bakso-serayu-300x226.jpg,https://joinkuliner.com/wp-content/uploads/2023/11/bakso-serayu-300x226.jpg,20241204190121,image/jpeg,19077,b83eaa0336b0f847728f975144571fb2215f67fc3f182ba118e8e0aab5c0ecdb,https://web.archive.org/web/20241204190121id_/https://joinkuliner.com/wp-content/uploads/2023/11/bakso-serayu-300x226.jpg,
downloaded,wp-content/uploads/2023/11/bakso-serayu-350x264.jpg,https://joinkuliner.com/wp-content/uploads/2023/11/bakso-serayu-350x264.jpg,20241204074242,image/jpeg,24160,9e63f86656bc0f4445b1ef33803d8a9bb01ba001cbc25dfed165bf89e4471151,https://web.archive.org/web/20241204074242id_/https://joinkuliner.com/wp-content/uploads/2023/11/bakso-serayu-350x264.jpg,
downloaded,wp-content/uploads/2023/11/bakso-serayu-50x38.jpg,https://joinkuliner.com/wp-content/uploads/2023/11/bakso-serayu-50x38.jpg,20241204035024,image/jpeg,1608,1ae151a9026be6af5b4eeb4f1e1672d278e5359c5fe92542b6fa9eb64bdaf99e,https://web.archive.org/web/20241204035024id_/https://joinkuliner.com/wp-content/uploads/2023/11/bakso-serayu-50x38.jpg,
downloaded,wp-content/uploads/2023/11/bakso-serayu.jpg,https://joinkuliner.com/wp-content/uploads/2023/11/bakso-serayu.jpg,20241204041737,image/jpeg,28624,edff3a3f8f1ec4a935166302660e72c606081b845ab572457ec3dadcd93a2338,https://web.archive.org/web/20241204041737id_/https://joinkuliner.com/wp-content/uploads/2023/11/bakso-serayu.jpg,
downloaded,wp-content/uploads/2023/11/doa-makan-100x50.jpg,https://joinkuliner.com/wp-content/uploads/2023/11/doa-makan-100x50.jpg,20240226043155,image/jpeg,2859,42760ae6016c2b3ee8bbc68d973f42ceb98adf9c28a24bf32b657ea1c5c6be29,https://web.archive.org/web/20240226043155id_/https://joinkuliner.com/wp-content/uploads/2023/11/doa-makan-100x50.jpg,
downloaded,wp-content/uploads/2023/11/doa-makan-150x75.jpg,https://joinkuliner.com/wp-content/uploads/2023/11/doa-makan-150x75.jpg,20240226043205,image/jpeg,4591,ced4eab03145db5a75aedd7818da18abb71a2f97b51d7d5a276c9ac744af0145,https://web.archive.org/web/20240226043205id_/https://joinkuliner.com/wp-content/uploads/2023/11/doa-makan-150x75.jpg,
downloaded,wp-content/uploads/2023/11/doa-makan-200x100.jpg,https://joinkuliner.com/wp-content/uploads/2023/11/doa-makan-200x100.jpg,20240226043156,image/jpeg,6549,f8539646c9dee6e4760b0a44bc2c951f69116c9ec03ded2f6492f6fb1925d8f5,https://web.archive.org/web/20240226043156id_/https://joinkuliner.com/wp-content/uploads/2023/11/doa-makan-200x100.jpg,
downloaded,wp-content/uploads/2023/11/doa-makan-250x125.jpg,https://joinkuliner.com/wp-content/uploads/2023/11/doa-makan-250x125.jpg,20240226043156,image/jpeg,8709,db4c485233f7329391c86772f4c144b51d198128f0b13d6485491433ba5019c7,https://web.archive.org/web/20240226043156id_/https://joinkuliner.com/wp-content/uploads/2023/11/doa-makan-250x125.jpg,
downloaded,wp-content/uploads/2023/11/doa-makan-300x150.jpg,https://joinkuliner.com/wp-content/uploads/2023/11/doa-makan-300x150.jpg,20240226043219,image/jpeg,10921,a04e7584cb709b9c86ccc4fd4f713d017997341682e57fc2488ab4c2fabd8613,https://web.archive.org/web/20240226043219id_/https://joinkuliner.com/wp-content/uploads/2023/11/doa-makan-300x150.jpg,
downloaded,wp-content/uploads/2023/11/doa-makan-350x175.jpg,https://joinkuliner.com/wp-content/uploads/2023/11/doa-makan-350x175.jpg,20240302040805,image/jpeg,13166,0535b1ebd8161f061551aeb4108c4e16fce0a016ffe2ef31c35f9a49c1441de1,https://web.archive.org/web/20240302040805id_/https://joinkuliner.com/wp-content/uploads/2023/11/doa-makan-350x175.jpg,
downloaded,wp-content/uploads/2023/11/doa-makan-400x200.jpg,https://joinkuliner.com/wp-content/uploads/2023/11/doa-makan-400x200.jpg,20240302040803,image/jpeg,15087,d1d5209447aa7f83b14f1d7fe62cf01fa988e450f001c1e42a20860ba4cfcade,https://web.archive.org/web/20240302040803id_/https://joinkuliner.com/wp-content/uploads/2023/11/doa-makan-400x200.jpg,
downloaded,wp-content/uploads/2023/11/doa-makan-450x225.jpg,https://joinkuliner.com/wp-content/uploads/2023/11/doa-makan-450x225.jpg,20240302040804,image/jpeg,17809,27f15f82bd3078791c89eeedbec770cbd919a18cef084ead98ce735826757874,https://web.archive.org/web/20240302040804id_/https://joinkuliner.com/wp-content/uploads/2023/11/doa-makan-450x225.jpg,
downloaded,wp-content/uploads/2023/11/doa-makan-500x250.jpg,https://joinkuliner.com/wp-content/uploads/2023/11/doa-makan-500x250.jpg,20240226043156,image/jpeg,20750,08e022b41bfd1d7444825c5b2a37415642a10b65090f9f3d8f50f0624564e118,https://web.archive.org/web/20240226043156id_/https://joinkuliner.com/wp-content/uploads/2023/11/doa-makan-500x250.jpg,
downloaded,wp-content/uploads/2023/11/doa-makan-50x25.jpg,https://joinkuliner.com/wp-content/uploads/2023/11/doa-makan-50x25.jpg,20240226043156,image/jpeg,1405,7164a5f1a87e2ee00e9458c30240fc07c4e8e8c450e8a6ac7aa4b67ec08dd299,https://web.archive.org/web/20240226043156id_/https://joinkuliner.com/wp-content/uploads/2023/11/doa-makan-50x25.jpg,
downloaded,wp-content/uploads/2023/11/doa-makan-550x275.jpg,https://joinkuliner.com/wp-content/uploads/2023/11/doa-makan-550x275.jpg,20240302013808,image/jpeg,23299,8d180bc400bb5b4b73b1e7c639cd7eff2f01aa2437c956dc340710ebf7f4f815,https://web.archive.org/web/20240302013808id_/https://joinkuliner.com/wp-content/uploads/2023/11/doa-makan-550x275.jpg,
downloaded,wp-content/uploads/2023/11/doa-makan.jpg,https://joinkuliner.com/wp-content/uploads/2023/11/doa-makan.jpg,20240302013704,image/jpeg,31374,57b1a621ee0192c939bc258ad053000094975f0c0cd622442a787be8a55e38bb,https://web.archive.org/web/20240302013704id_/https://joinkuliner.com/wp-content/uploads/2023/11/doa-makan.jpg,
downloaded,wp-content/uploads/2023/11/es-teh-100x100.jpg,https://joinkuliner.com/wp-content/uploads/2023/11/es-teh-100x100.jpg,20240302141858,image/jpeg,2143,b649165c00cc0fee53f4d66f6ca797e1d5f7eaa24cba1e2417002d0f2f4b7883,https://web.archive.org/web/20240302141858id_/https://joinkuliner.com/wp-content/uploads/2023/11/es-teh-100x100.jpg,
downloaded,wp-content/uploads/2023/11/es-teh-150x150.jpg,https://joinkuliner.com/wp-content/uploads/2023/11/es-teh-150x150.jpg,20240302140329,image/jpeg,3508,7cf8b795acb8072be023e643638b0ca70244b1833bc1d53d18c48febe7e3124a,https://web.archive.org/web/20240302140329id_/https://joinkuliner.com/wp-content/uploads/2023/11/es-teh-150x150.jpg,
downloaded,wp-content/uploads/2023/11/es-teh-200x200.jpg,https://joinkuliner.com/wp-content/uploads/2023/11/es-teh-200x200.jpg,20240302141900,image/jpeg,5286,e74b3578e1ffef5e63114c057671cc7dced22e2dec6fc8ddee81565b8765c67f,https://web.archive.org/web/20240302141900id_/https://joinkuliner.com/wp-content/uploads/2023/11/es-teh-200x200.jpg,
downloaded,wp-content/uploads/2023/11/es-teh-250x250.jpg,https://joinkuliner.com/wp-content/uploads/2023/11/es-teh-250x250.jpg,20240302094526,image/jpeg,7383,9428f0d7d3053e3cdb8462a30831db8887e6d369be34a19a9091a6769b46ea5e,https://web.archive.org/web/20240302094526id_/https://joinkuliner.com/wp-content/uploads/2023/11/es-teh-250x250.jpg,
downloaded,wp-content/uploads/2023/11/es-teh-300x300.jpg,https://joinkuliner.com/wp-content/uploads/2023/11/es-teh-300x300.jpg,20240302140326,image/jpeg,9897,579120cbd5b5f59fb23f6d0fd78f29dd5029af52ee05f82260ce08b2e397a6f6,https://web.archive.org/web/20240302140326id_/https://joinkuliner.com/wp-content/uploads/2023/11/es-teh-300x300.jpg,
downloaded,wp-content/uploads/2023/11/es-teh-350x350.jpg,https://joinkuliner.com/wp-content/uploads/2023/11/es-teh-350x350.jpg,20240302140327,image/jpeg,12718,620e02cf9775e06402a6382ee18d1fc05181f7e31dd3390dff57150e83008826,https://web.archive.org/web/20240302140327id_/https://joinkuliner.com/wp-content/uploads/2023/11/es-teh-350x350.jpg,
downloaded,wp-content/uploads/2023/11/es-teh-400x400.jpg,https://joinkuliner.com/wp-content/uploads/2023/11/es-teh-400x400.jpg,20240302094615,image/jpeg,15158,7f5c7a93765be34564ac6261ac7af02c28fc0fefee418e89402320596fcb387c,https://web.archive.org/web/20240302094615id_/https://joinkuliner.com/wp-content/uploads/2023/11/es-teh-400x400.jpg,
downloaded,wp-content/uploads/2023/11/es-teh-450x450.jpg,https://joinkuliner.com/wp-content/uploads/2023/11/es-teh-450x450.jpg,20240302140353,image/jpeg,18066,e8a3136d1cd9f21d226af79776eb25382130675332d7934b428b7c06cfefa23e,https://web.archive.org/web/20240302140353id_/https://joinkuliner.com/wp-content/uploads/2023/11/es-teh-450x450.jpg,
downloaded,wp-content/uploads/2023/11/es-teh-500x500.jpg,https://joinkuliner.com/wp-content/uploads/2023/11/es-teh-500x500.jpg,20240302140354,image/jpeg,20953,a00f7991e8a7eb9a89231e42a9a0203f59939a47bfb16766ef2e077c72a6cd89,https://web.archive.org/web/20240302140354id_/https://joinkuliner.com/wp-content/uploads/2023/11/es-teh-500x500.jpg,
downloaded,wp-content/uploads/2023/11/es-teh-50x50.jpg,https://joinkuliner.com/wp-content/uploads/2023/11/es-teh-50x50.jpg,20240302140328,image/jpeg,1205,0837a805f06ef15e3c1be5e469a0825f022dc49164a7b1861fce2f1ab417e553,https://web.archive.org/web/20240302140328id_/https://joinkuliner.com/wp-content/uploads/2023/11/es-teh-50x50.jpg,
downloaded,wp-content/uploads/2023/11/es-teh-550x550.jpg,https://joinkuliner.com/wp-content/uploads/2023/11/es-teh-550x550.jpg,20240302140330,image/jpeg,24105,c3ee9a3963e75fd4475fc9746e93e3b4f95a9cb460bb4118a41708f9a0326c53,https://web.archive.org/web/20240302140330id_/https://joinkuliner.com/wp-content/uploads/2023/11/es-teh-550x550.jpg,
downloaded,wp-content/uploads/2023/11/es-teh-650x650.jpg,https://joinkuliner.com/wp-content/uploads/2023/11/es-teh-650x650.jpg,20240302094627,image/jpeg,30552,016f71e8e03be0cf40de4bdc50cc60eaa78f60b627661b0217a114a167637da0,https://web.archive.org/web/20240302094627id_/https://joinkuliner.com/wp-content/uploads/2023/11/es-teh-650x650.jpg,
downloaded,wp-content/uploads/2023/11/es-teh.jpg,https://joinkuliner.com/wp-content/uploads/2023/11/es-teh.jpg,20240302140327,image/jpeg,21678,f0354009604b5048cf184a4ffd139cc4b0c90c1c8132541178f01aa8a1b99ddb,https://web.archive.org/web/20240302140327id_/https://joinkuliner.com/wp-content/uploads/2023/11/es-teh.jpg,
downloaded,wp-content/uploads/2023/11/foree-100x100.webp,https://joinkuliner.com/wp-content/uploads/2023/11/foree-100x100.webp,20241204041529,image/webp,3868,bba015fc54fa0fd0e52a2e0f5e51f66364a2861e25767efe6b24cd6025063551,https://web.archive.org/web/20241204041529id_/https://joinkuliner.com/wp-content/uploads/2023/11/foree-100x100.webp,
downloaded,wp-content/uploads/2023/11/foree-150x150.webp,https://joinkuliner.com/wp-content/uploads/2023/11/foree-150x150.webp,20241204043734,image/webp,7320,e6f6dec7acbdb9779977b7970cc0233f9f692bee1fe3457fe86b183c953e9ea4,https://web.archive.org/web/20241204043734id_/https://joinkuliner.com/wp-content/uploads/2023/11/foree-150x150.webp,
downloaded,wp-content/uploads/2023/11/foree-200x200.webp,https://joinkuliner.com/wp-content/uploads/2023/11/foree-200x200.webp,20241204125155,image/webp,11054,33241251823d70120ee3875f418f0737fbc29d9c2884cd21d041925c6b5d3cb1,https://web.archive.org/web/20241204125155id_/https://joinkuliner.com/wp-content/uploads/2023/11/foree-200x200.webp,
downloaded,wp-content/uploads/2023/11/foree-250x250.webp,https://joinkuliner.com/wp-content/uploads/2023/11/foree-250x250.webp,20241204064027,image/webp,14262,e1cdcb56070280ff68804c696ce65a40ce05eae0e60306cc29892a3117bc6f6b,https://web.archive.org/web/20241204064027id_/https://joinkuliner.com/wp-content/uploads/2023/11/foree-250x250.webp,
downloaded,wp-content/uploads/2023/11/foree-300x300.webp,https://joinkuliner.com/wp-content/uploads/2023/11/foree-300x300.webp,20241204043431,image/webp,17958,b8a57c9aea3bea55e9197b1565f68bd5836cdbb68361ee79ec12b56082c7c8bb,https://web.archive.org/web/20241204043431id_/https://joinkuliner.com/wp-content/uploads/2023/11/foree-300x300.webp,
downloaded,wp-content/uploads/2023/11/foree-350x350.webp,https://joinkuliner.com/wp-content/uploads/2023/11/foree-350x350.webp,20250904175421,image/webp,20430,20a6ee2eb4e9a0b29a7e5fb5dd442a162e2b8de47b22c3567ff911573e5fefe6,https://web.archive.org/web/20250904175421id_/https://joinkuliner.com/wp-content/uploads/2023/11/foree-350x350.webp,
downloaded,wp-content/uploads/2023/11/foree-400x400.webp,https://joinkuliner.com/wp-content/uploads/2023/11/foree-400x400.webp,20241204042950,image/webp,23770,d4d674c2756cfb46f66ce1be1e026ddb47581a3161866f31b7766de5309d5341,https://web.archive.org/web/20241204042950id_/https://joinkuliner.com/wp-content/uploads/2023/11/foree-400x400.webp,
downloaded,wp-content/uploads/2023/11/foree-450x450.webp,https://joinkuliner.com/wp-content/uploads/2023/11/foree-450x450.webp,20250810112520,image/webp,27948,73fa874253fdad7822da5eb2d05f23e45927885bc248e3e403a7abaac7229529,https://web.archive.org/web/20250810112520id_/https://joinkuliner.com/wp-content/uploads/2023/11/foree-450x450.webp,
downloaded,wp-content/uploads/2023/11/foree-500x500.webp,https://joinkuliner.com/wp-content/uploads/2023/11/foree-500x500.webp,20241204040859,image/webp,31194,d12991f89a7d6b74363300502a8763db5d3df0cbc3b2133fbb8779e833663fc7,https://web.archive.org/web/20241204040859id_/https://joinkuliner.com/wp-content/uploads/2023/11/foree-500x500.webp,
downloaded,wp-content/uploads/2023/11/foree-50x50.webp,https://joinkuliner.com/wp-content/uploads/2023/11/foree-50x50.webp,20241204052300,image/webp,1288,1ae7eca96fdbf25ae5e5f9ffce39dc5418591f8edade6b0207a3fbccab8a4ca0,https://web.archive.org/web/20241204052300id_/https://joinkuliner.com/wp-content/uploads/2023/11/foree-50x50.webp,
downloaded,wp-content/uploads/2023/11/foree-550x550.webp,https://joinkuliner.com/wp-content/uploads/2023/11/foree-550x550.webp,20241204040826,image/webp,33642,a854e2b4460f772d211a8dab4d246bc9f825b0e9ff325d9dd9a8d4b39fe063b4,https://web.archive.org/web/20241204040826id_/https://joinkuliner.com/wp-content/uploads/2023/11/foree-550x550.webp,
downloaded,wp-content/uploads/2023/11/foree.webp,https://joinkuliner.com/wp-content/uploads/2023/11/foree.webp,20250810074759,image/webp,369852,9bc1d4ccdce031e41784ed05b960fec2fec31ba15fc450913c62c9f325dd0781,https://web.archive.org/web/20250810074759id_/https://joinkuliner.com/wp-content/uploads/2023/11/foree.webp,
downloaded,wp-content/uploads/2023/11/franchise-kharisma-1-1024x576-1006797488-100x67.webp,https://joinkuliner.com/wp-content/uploads/2023/11/franchise-kharisma-1-1024x576-1006797488-100x67.webp,20240131150246,image/webp,2884,8faf0327fce477420ee80d9f668ef538851d6bcd5c0151a1a874c112d1137226,https://web.archive.org/web/20240131150246id_/https://joinkuliner.com/wp-content/uploads/2023/11/franchise-kharisma-1-1024x576-1006797488-100x67.webp,
downloaded,wp-content/uploads/2023/11/franchise-kharisma-1-1024x576-1006797488-150x100.webp,https://joinkuliner.com/wp-content/uploads/2023/11/franchise-kharisma-1-1024x576-1006797488-150x100.webp,20240131150247,image/webp,5352,3b4b0b15c80727946f58ad7bfd9fa8890fa910620d09ee9cbd91b2c847bb30b2,https://web.archive.org/web/20240131150247id_/https://joinkuliner.com/wp-content/uploads/2023/11/franchise-kharisma-1-1024x576-1006797488-150x100.webp,
downloaded,wp-content/uploads/2023/11/franchise-kharisma-1-1024x576-1006797488-200x133.webp,https://joinkuliner.com/wp-content/uploads/2023/11/franchise-kharisma-1-1024x576-1006797488-200x133.webp,20240131150732,image/webp,8172,3675dc511211ceb4480fbad26f5cda8d0ffeb1a7d4572e307cb76c2fccb66d2e,https://web.archive.org/web/20240131150732id_/https://joinkuliner.com/wp-content/uploads/2023/11/franchise-kharisma-1-1024x576-1006797488-200x133.webp,
downloaded,wp-content/uploads/2023/11/franchise-kharisma-1-1024x576-1006797488-250x167.webp,https://joinkuliner.com/wp-content/uploads/2023/11/franchise-kharisma-1-1024x576-1006797488-250x167.webp,20240131150245,image/webp,11410,7a712eb6173911b4f85f25825585a27d040ba6131a4e13aabf7a9be074b96315,https://web.archive.org/web/20240131150245id_/https://joinkuliner.com/wp-content/uploads/2023/11/franchise-kharisma-1-1024x576-1006797488-250x167.webp,
downloaded,wp-content/uploads/2023/11/franchise-kharisma-1-1024x576-1006797488-300x200.webp,https://joinkuliner.com/wp-content/uploads/2023/11/franchise-kharisma-1-1024x576-1006797488-300x200.webp,20240131150245,image/webp,14568,3a3b0f6ebbc6ec94efe5dcbab9802e44b5d055c543cfc82057c4243fbadb584c,https://web.archive.org/web/20240131150245id_/https://joinkuliner.com/wp-content/uploads/2023/11/franchise-kharisma-1-1024x576-1006797488-300x200.webp,
downloaded,wp-content/uploads/2023/11/franchise-kharisma-1-1024x576-1006797488-350x233.webp,https://joinkuliner.com/wp-content/uploads/2023/11/franchise-kharisma-1-1024x576-1006797488-350x233.webp,20240131150248,image/webp,17720,28ac3fe4a3f02dca022274bddecba526147d4507f96fcded688600efe5a00c2a,https://web.archive.org/web/20240131150248id_/https://joinkuliner.com/wp-content/uploads/2023/11/franchise-kharisma-1-1024x576-1006797488-350x233.webp,
downloaded,wp-content/uploads/2023/11/franchise-kharisma-1-1024x576-1006797488-400x267.webp,https://joinkuliner.com/wp-content/uploads/2023/11/franchise-kharisma-1-1024x576-1006797488-400x267.webp,20240131150247,image/webp,21078,ad5c70793d4f461aa3d511f58e33ad6745c9ef83e7a0bf282e4eb1f82a71055b,https://web.archive.org/web/20240131150247id_/https://joinkuliner.com/wp-content/uploads/2023/11/franchise-kharisma-1-1024x576-1006797488-400x267.webp,
downloaded,wp-content/uploads/2023/11/franchise-kharisma-1-1024x576-1006797488-450x300.webp,https://joinkuliner.com/wp-content/uploads/2023/11/franchise-kharisma-1-1024x576-1006797488-450x300.webp,20240131150246,image/webp,24308,e6d9c909071caf6632c8d71e9337ed59b4f82898b64a77587e2b38663486291c,https://web.archive.org/web/20240131150246id_/https://joinkuliner.com/wp-content/uploads/2023/11/franchise-kharisma-1-1024x576-1006797488-450x300.webp,
downloaded,wp-content/uploads/2023/11/franchise-kharisma-1-1024x576-1006797488-500x333.webp,https://joinkuliner.com/wp-content/uploads/2023/11/franchise-kharisma-1-1024x576-1006797488-500x333.webp,20240131150246,image/webp,27846,57804b99ea13d3de3f39a3ed245ea41d7803d03915da31d5d4790c3ecab31c6f,https://web.archive.org/web/20240131150246id_/https://joinkuliner.com/wp-content/uploads/2023/11/franchise-kharisma-1-1024x576-1006797488-500x333.webp,
downloaded,wp-content/uploads/2023/11/franchise-kharisma-1-1024x576-1006797488-50x33.webp,https://joinkuliner.com/wp-content/uploads/2023/11/franchise-kharisma-1-1024x576-1006797488-50x33.webp,20240131150724,image/webp,1054,d67a87ccd4f6a201e073696e1ecdd36439752d1627bca5bfcdad25c890db498f,https://web.archive.org/web/20240131150724id_/https://joinkuliner.com/wp-content/uploads/2023/11/franchise-kharisma-1-1024x576-1006797488-50x33.webp,
downloaded,wp-content/uploads/2023/11/franchise-kharisma-1-1024x576-1006797488-550x367.webp,https://joinkuliner.com/wp-content/uploads/2023/11/franchise-kharisma-1-1024x576-1006797488-550x367.webp,20240131150248,image/webp,31302,badf023d8156f1280c060562efbdc68165fe49027a8471d660059f9f68d78dd6,https://web.archive.org/web/20240131150248id_/https://joinkuliner.com/wp-content/uploads/2023/11/franchise-kharisma-1-1024x576-1006797488-550x367.webp,
downloaded,wp-content/uploads/2023/11/franchise-kharisma-1-1024x576-1006797488-650x433.webp,https://joinkuliner.com/wp-content/uploads/2023/11/franchise-kharisma-1-1024x576-1006797488-650x433.webp,20240131150248,image/webp,38160,47c74b413de25068cd56b365470df6f7c01568a06f501bd97cd9f6a9565b83f8,https://web.archive.org/web/20240131150248id_/https://joinkuliner.com/wp-content/uploads/2023/11/franchise-kharisma-1-1024x576-1006797488-650x433.webp,
downloaded,wp-content/uploads/2023/11/franchise-kharisma-1-1024x576-1006797488.webp,https://joinkuliner.com/wp-content/uploads/2023/11/franchise-kharisma-1-1024x576-1006797488.webp,20240131150739,image/webp,43528,96830ec53d18116f61a6b9338d418c8c78a7377794f185af7478792ca97e7520,https://web.archive.org/web/20240131150739id_/https://joinkuliner.com/wp-content/uploads/2023/11/franchise-kharisma-1-1024x576-1006797488.webp,
downloaded,wp-content/uploads/2023/11/gulai-kepala-ikan-100x56.jpg,https://joinkuliner.com/wp-content/uploads/2023/11/gulai-kepala-ikan-100x56.jpg,20231211144823,image/jpeg,2566,293851587eb44d0bad0607ea3b5353f1d01e2b2412d61d94b467985f4c4dc819,https://web.archive.org/web/20231211144823id_/https://joinkuliner.com/wp-content/uploads/2023/11/gulai-kepala-ikan-100x56.jpg,
downloaded,wp-content/uploads/2023/11/gulai-kepala-ikan-1200x667.jpg,https://joinkuliner.com/wp-content/uploads/2023/11/gulai-kepala-ikan-1200x667.jpg,20231211144825,image/jpeg,105939,410a5555da7d00108748cba2f6df4b5c89bf3e99c7d8f6cc80a8794983678de9,https://web.archive.org/web/20231211144825id_/https://joinkuliner.com/wp-content/uploads/2023/11/gulai-kepala-ikan-1200x667.jpg,
downloaded,wp-content/uploads/2023/11/gulai-kepala-ikan-150x83.jpg,https://joinkuliner.com/wp-content/uploads/2023/11/gulai-kepala-ikan-150x83.jpg,20231211144827,image/jpeg,4386,c4b9f983325ccc7be104c2f77618033c86f1279bb4e72301f4676d68f9457b99,https://web.archive.org/web/20231211144827id_/https://joinkuliner.com/wp-content/uploads/2023/11/gulai-kepala-ikan-150x83.jpg,
downloaded,wp-content/uploads/2023/11/gulai-kepala-ikan-200x111.jpg,https://joinkuliner.com/wp-content/uploads/2023/11/gulai-kepala-ikan-200x111.jpg,20231211144824,image/jpeg,6498,c7cac2edda84edca287f268832f9dc85268d0aca9374edfc373062f010720804,https://web.archive.org/web/20231211144824id_/https://joinkuliner.com/wp-content/uploads/2023/11/gulai-kepala-ikan-200x111.jpg,
downloaded,wp-content/uploads/2023/11/gulai-kepala-ikan-250x139.jpg,https://joinkuliner.com/wp-content/uploads/2023/11/gulai-kepala-ikan-250x139.jpg,20231211144826,image/jpeg,9281,071363660de2644968dbf711e5c1ca70db9fc4b20b2b713de844b517d3f43439,https://web.archive.org/web/20231211144826id_/https://joinkuliner.com/wp-content/uploads/2023/11/gulai-kepala-ikan-250x139.jpg,
downloaded,wp-content/uploads/2023/11/gulai-kepala-ikan-300x167.jpg,https://joinkuliner.com/wp-content/uploads/2023/11/gulai-kepala-ikan-300x167.jpg,20231211144832,image/jpeg,12175,d29d54081a4659a005884b5d7c502844ac45cbdf5ab1d32b274eb0f5df625700,https://web.archive.org/web/20231211144832id_/https://joinkuliner.com/wp-content/uploads/2023/11/gulai-kepala-ikan-300x167.jpg,
downloaded,wp-content/uploads/2023/11/gulai-kepala-ikan-350x194.jpg,https://joinkuliner.com/wp-content/uploads/2023/11/gulai-kepala-ikan-350x194.jpg,20231211144828,image/jpeg,15515,c24250059e7c0d4c5ee6c4ce97bc064527babd250330678041076986396b2214,https://web.archive.org/web/20231211144828id_/https://joinkuliner.com/wp-content/uploads/2023/11/gulai-kepala-ikan-350x194.jpg,
downloaded,wp-content/uploads/2023/11/gulai-kepala-ikan-400x222.jpg,https://joinkuliner.com/wp-content/uploads/2023/11/gulai-kepala-ikan-400x222.jpg,20231211144827,image/jpeg,18837,487608443a63021079993709ef5e15bfda0219df6e359deca9141e7cde998e9b,https://web.archive.org/web/20231211144827id_/https://joinkuliner.com/wp-content/uploads/2023/11/gulai-kepala-ikan-400x222.jpg,
downloaded,wp-content/uploads/2023/11/gulai-kepala-ikan-450x250.jpg,https://joinkuliner.com/wp-content/uploads/2023/11/gulai-kepala-ikan-450x250.jpg,20231211144829,image/jpeg,23061,17d873ebe95f26c7a45355f58bc3d0af879478dbd819c78c8200aa2a31e90112,https://web.archive.org/web/20231211144829id_/https://joinkuliner.com/wp-content/uploads/2023/11/gulai-kepala-ikan-450x250.jpg,
downloaded,wp-content/uploads/2023/11/gulai-kepala-ikan-500x278.jpg,https://joinkuliner.com/wp-content/uploads/2023/11/gulai-kepala-ikan-500x278.jpg,20231211144826,image/jpeg,27117,8792c025b62c024ba4508ad8e5d5f11f625340ae3c9f6941185c96809eff713c,https://web.archive.org/web/20231211144826id_/https://joinkuliner.com/wp-content/uploads/2023/11/gulai-kepala-ikan-500x278.jpg,
downloaded,wp-content/uploads/2023/11/gulai-kepala-ikan-50x28.jpg,https://joinkuliner.com/wp-content/uploads/2023/11/gulai-kepala-ikan-50x28.jpg,20231211144822,image/jpeg,1331,38667ab5d71f4b60d8841d6577a496aa90fb21167230bab9731d1ce2faf966be,https://web.archive.org/web/20231211144822id_/https://joinkuliner.com/wp-content/uploads/2023/11/gulai-kepala-ikan-50x28.jpg,
downloaded,wp-content/uploads/2023/11/gulai-kepala-ikan-550x306.jpg,https://joinkuliner.com/wp-content/uploads/2023/11/gulai-kepala-ikan-550x306.jpg,20231211144825,image/jpeg,31539,7dc8b665ccbb34d4806e024068459c3f63c8cee0f89df9d9d9085dfdeb8931ba,https://web.archive.org/web/20231211144825id_/https://joinkuliner.com/wp-content/uploads/2023/11/gulai-kepala-ikan-550x306.jpg,
downloaded,wp-content/uploads/2023/11/gulai-kepala-ikan-650x361.jpg,https://joinkuliner.com/wp-content/uploads/2023/11/gulai-kepala-ikan-650x361.jpg,20231211144825,image/jpeg,41069,2455824a7bb66ae6c0b0408172f3f9701ac56bb4d63c6a0bf4f72d53de00ed84,https://web.archive.org/web/20231211144825id_/https://joinkuliner.com/wp-content/uploads/2023/11/gulai-kepala-ikan-650x361.jpg,
downloaded,wp-content/uploads/2023/11/gulai-kepala-ikan-768x427.jpg,https://joinkuliner.com/wp-content/uploads/2023/11/gulai-kepala-ikan-768x427.jpg,20231211144823,image/jpeg,52831,ae738d9f8522f95aa20a35cf0edf735486ce09e64609cd268e4f1cd9ee137154,https://web.archive.org/web/20231211144823id_/https://joinkuliner.com/wp-content/uploads/2023/11/gulai-kepala-ikan-768x427.jpg,
downloaded,wp-content/uploads/2023/11/gulai-kepala-ikan-800x444.jpg,https://joinkuliner.com/wp-content/uploads/2023/11/gulai-kepala-ikan-800x444.jpg,20231211144830,image/jpeg,56274,b37757aba400e46c7d45322fa3880ea2030f85cc5b5a4c7136218cb35f33eb2f,https://web.archive.org/web/20231211144830id_/https://joinkuliner.com/wp-content/uploads/2023/11/gulai-kepala-ikan-800x444.jpg,
downloaded,wp-content/uploads/2023/11/ifbc-100x44.png,https://joinkuliner.com/wp-content/uploads/2023/11/ifbc-100x44.png,20231211143206,image/png,5194,dde7f4db5a477d6e14679222714e9b532ed921de258fd50197b0bf228c38c61f,https://web.archive.org/web/20231211143206id_/https://joinkuliner.com/wp-content/uploads/2023/11/ifbc-100x44.png,
downloaded,wp-content/uploads/2023/11/ifbc-150x66.png,https://joinkuliner.com/wp-content/uploads/2023/11/ifbc-150x66.png,20231211143204,image/png,9175,fd4c72fb4a2aac4c191545bbea9f9bff8364cb93add84808a7b4cbfcd034a319,https://web.archive.org/web/20231211143204id_/https://joinkuliner.com/wp-content/uploads/2023/11/ifbc-150x66.png,
downloaded,wp-content/uploads/2023/11/ifbc-200x88.png,https://joinkuliner.com/wp-content/uploads/2023/11/ifbc-200x88.png,20231211143205,image/png,13887,3b681e2b4b79ba20d7a90345accdf128d6d87157082f5ac25d68762efbc9bec6,https://web.archive.org/web/20231211143205id_/https://joinkuliner.com/wp-content/uploads/2023/11/ifbc-200x88.png,
downloaded,wp-content/uploads/2023/11/ifbc-250x111.png,https://joinkuliner.com/wp-content/uploads/2023/11/ifbc-250x111.png,20231211143203,image/png,20161,3fd5e8f97642a897b16040dcc67e7e73822427bdd89984e0370866a8cf541f75,https://web.archive.org/web/20231211143203id_/https://joinkuliner.com/wp-content/uploads/2023/11/ifbc-250x111.png,
downloaded,wp-content/uploads/2023/11/ifbc-300x133.png,https://joinkuliner.com/wp-content/uploads/2023/11/ifbc-300x133.png,20231211143206,image/png,26607,e30763c3efc5ff6df4e334989219dc75a01cc90cc23f1b5092b8938a31facae6,https://web.archive.org/web/20231211143206id_/https://joinkuliner.com/wp-content/uploads/2023/11/ifbc-300x133.png,
downloaded,wp-content/uploads/2023/11/ifbc-50x22.png,https://joinkuliner.com/wp-content/uploads/2023/11/ifbc-50x22.png,20231211143205,image/png,2094,f84a931da4011990577bf1fdace5b5246870d6efd095dd842b28f69fbcc85022,https://web.archive.org/web/20231211143205id_/https://joinkuliner.com/wp-content/uploads/2023/11/ifbc-50x22.png,
downloaded,wp-content/uploads/2023/11/ifbc.png,https://joinkuliner.com/wp-content/uploads/2023/11/ifbc.png,20231211143205,image/png,9950,3d2a0e9edd690a83ad2756604235c5410085e802c31f9fe862400574032b2033,https://web.archive.org/web/20231211143205id_/https://joinkuliner.com/wp-content/uploads/2023/11/ifbc.png,
downloaded,wp-content/uploads/2023/11/indomie-100x99.png,https://joinkuliner.com/wp-content/uploads/2023/11/indomie-100x99.png,20231211143234,image/png,13050,0b55036a7bb1fcd22fcee1879ec998eeecdeab6a8994894b05bfae4a572f1de1,https://web.archive.org/web/20231211143234id_/https://joinkuliner.com/wp-content/uploads/2023/11/indomie-100x99.png,
downloaded,wp-content/uploads/2023/11/indomie-150x148.png,https://joinkuliner.com/wp-content/uploads/2023/11/indomie-150x148.png,20231211143301,image/png,27157,1d8ba745a0964d131dd476f8a11e74e8b0f90362b826a0a0bc3ccfee1d890172,https://web.archive.org/web/20231211143301id_/https://joinkuliner.com/wp-content/uploads/2023/11/indomie-150x148.png,
downloaded,wp-content/uploads/2023/11/indomie-200x197.png,https://joinkuliner.com/wp-content/uploads/2023/11/indomie-200x197.png,20231211143243,image/png,45040,2929f1ecda362221751bb2c85e8ed7aed19287411a166d8617d648402c60b866,https://web.archive.org/web/20231211143243id_/https://joinkuliner.com/wp-content/uploads/2023/11/indomie-200x197.png,
downloaded,wp-content/uploads/2023/11/indomie-250x247.png,https://joinkuliner.com/wp-content/uploads/2023/11/indomie-250x247.png,20231211143304,image/png,67643,7a2e5878187970aa88ddc9866d1dcecd8e92e49f52479ab192353bc8c969584a,https://web.archive.org/web/20231211143304id_/https://joinkuliner.com/wp-content/uploads/2023/11/indomie-250x247.png,
downloaded,wp-content/uploads/2023/11/indomie-300x296.png,https://joinkuliner.com/wp-content/uploads/2023/11/indomie-300x296.png,20231211143245,image/png,92723,644b6fca1bcb66bafadd8cb080e3ccfafc27d51ae1d4ecb6a83df5cb77dc70b0,https://web.archive.org/web/20231211143245id_/https://joinkuliner.com/wp-content/uploads/2023/11/indomie-300x296.png,
downloaded,wp-content/uploads/2023/11/indomie-350x346.png,https://joinkuliner.com/wp-content/uploads/2023/11/indomie-350x346.png,20231211143302,image/png,121175,65e9b0df9e207731a17918b8969660940f62d143cf87278b242b85f9feb8a3ee,https://web.archive.org/web/20231211143302id_/https://joinkuliner.com/wp-content/uploads/2023/11/indomie-350x346.png,
downloaded,wp-content/uploads/2023/11/indomie-50x49.png,https://joinkuliner.com/wp-content/uploads/2023/11/indomie-50x49.png,20231211143245,image/png,3694,290283c5951935c25ecdf1065446515e606320e6e89210b7a948e045f68d3270,https://web.archive.org/web/20231211143245id_/https://joinkuliner.com/wp-content/uploads/2023/11/indomie-50x49.png,
downloaded,wp-content/uploads/2023/11/indomie.png,https://joinkuliner.com/wp-content/uploads/2023/11/indomie.png,20231211143258,image/png,190387,7a488a4a2fa8b8c600d752e80dc7019ac03770fd2ecd70e999dae4d889e6fa28,https://web.archive.org/web/20231211143258id_/https://joinkuliner.com/wp-content/uploads/2023/11/indomie.png,
downloaded,wp-content/uploads/2023/11/kedung-roso-100x56.jpg,https://joinkuliner.com/wp-content/uploads/2023/11/kedung-roso-100x56.jpg,20241204040102,image/jpeg,2954,2cd2541e73cddb1f9e2d9844bf1be3f14a537839123301dafd5fde454056d0bd,https://web.archive.org/web/20241204040102id_/https://joinkuliner.com/wp-content/uploads/2023/11/kedung-roso-100x56.jpg,
downloaded,wp-content/uploads/2023/11/kedung-roso-150x84.jpg,https://joinkuliner.com/wp-content/uploads/2023/11/kedung-roso-150x84.jpg,20241204035058,image/jpeg,5616,1c92133091ef947227eff286b683ce906852aca05fb81b7d9e5324a4b9214837,https://web.archive.org/web/20241204035058id_/https://joinkuliner.com/wp-content/uploads/2023/11/kedung-roso-150x84.jpg,
downloaded,wp-content/uploads/2023/11/kedung-roso-200x113.jpg,https://joinkuliner.com/wp-content/uploads/2023/11/kedung-roso-200x113.jpg,20250810145858,image/jpeg,9254,d3da973a32137c752b1dbffbce5892c05273fdaccc7cbb4111cc7934132eae92,https://web.archive.org/web/20250810145858id_/https://joinkuliner.com/wp-content/uploads/2023/11/kedung-roso-200x113.jpg,
downloaded,wp-content/uploads/2023/11/kedung-roso-250x141.jpg,https://joinkuliner.com/wp-content/uploads/2023/11/kedung-roso-250x141.jpg,20241204034850,image/jpeg,13851,0dd65fecbcf7952af60f3ae36b84210e96b351977f7a90045499432ef1e428a9,https://web.archive.org/web/20241204034850id_/https://joinkuliner.com/wp-content/uploads/2023/11/kedung-roso-250x141.jpg,
downloaded,wp-content/uploads/2023/11/kedung-roso-300x169.jpg,https://joinkuliner.com/wp-content/uploads/2023/11/kedung-roso-300x169.jpg,20241204173653,image/jpeg,19613,ca57ee166653241ead4c6537ae10fafb75b90b1eda82d35efb0b3afdb27855ee,https://web.archive.org/web/20241204173653id_/https://joinkuliner.com/wp-content/uploads/2023/11/kedung-roso-300x169.jpg,
downloaded,wp-content/uploads/2023/11/kedung-roso-350x197.jpg,https://joinkuliner.com/wp-content/uploads/2023/11/kedung-roso-350x197.jpg,20241204040555,image/jpeg,26296,2d8a3ba02a59b12f5decb648003daa2524a4882fc1514e77119053ebf7944672,https://web.archive.org/web/20241204040555id_/https://joinkuliner.com/wp-content/uploads/2023/11/kedung-roso-350x197.jpg,
downloaded,wp-content/uploads/2023/11/kedung-roso-400x225.jpg,https://joinkuliner.com/wp-content/uploads/2023/11/kedung-roso-400x225.jpg,20241204034900,image/jpeg,34170,d93c5dad8e726f8f3baf0ab3f8f19d8394d9dc7710f8f88637729dd715f268ab,https://web.archive.org/web/20241204034900id_/https://joinkuliner.com/wp-content/uploads/2023/11/kedung-roso-400x225.jpg,
downloaded,wp-content/uploads/2023/11/kedung-roso-450x253.jpg,https://joinkuliner.com/wp-content/uploads/2023/11/kedung-roso-450x253.jpg,20241204043854,image/jpeg,42694,b1b9c9f735efb07c79877cc8359b0fb1e9e7abce8d196afbe49c408c11d9f49f,https://web.archive.org/web/20241204043854id_/https://joinkuliner.com/wp-content/uploads/2023/11/kedung-roso-450x253.jpg,
downloaded,wp-content/uploads/2023/11/kedung-roso-500x282.jpg,https://joinkuliner.com/wp-content/uploads/2023/11/kedung-roso-500x282.jpg,20241204053912,image/jpeg,52345,9ebee946b8c52eab225016a76819896017b1d47734fad7c2425e91d815e24070,https://web.archive.org/web/20241204053912id_/https://joinkuliner.com/wp-content/uploads/2023/11/kedung-roso-500x282.jpg,
downloaded,wp-content/uploads/2023/11/kedung-roso-50x28.jpg,https://joinkuliner.com/wp-content/uploads/2023/11/kedung-roso-50x28.jpg,20241204035508,image/jpeg,1386,bc9ce2a168c6deb125e3eb9126bec121b7773ce3f521ce8ceb2c8b4a2f603aaf,https://web.archive.org/web/20241204035508id_/https://joinkuliner.com/wp-content/uploads/2023/11/kedung-roso-50x28.jpg,
downloaded,wp-content/uploads/2023/11/kedung-roso-550x310.jpg,https://joinkuliner.com/wp-content/uploads/2023/11/kedung-roso-550x310.jpg,20241204035037,image/jpeg,61925,6be72e839dd373737c40861955dba5b62f76b581228f4cdf15cef68843e620b3,https://web.archive.org/web/20241204035037id_/https://joinkuliner.com/wp-content/uploads/2023/11/kedung-roso-550x310.jpg,
downloaded,wp-content/uploads/2023/11/kedung-roso-650x366.jpg,https://joinkuliner.com/wp-content/uploads/2023/11/kedung-roso-650x366.jpg,20241204043223,image/jpeg,83127,419609771ff25407ecc721f8a29a4b86e7a21f1e4f40ab940fb2534002119e67,https://web.archive.org/web/20241204043223id_/https://joinkuliner.com/wp-content/uploads/2023/11/kedung-roso-650x366.jpg,
downloaded,wp-content/uploads/2023/11/kedung-roso.jpg,https://joinkuliner.com/wp-content/uploads/2023/11/kedung-roso.jpg,20241204043546,image/jpeg,198637,01a18345b49579ba5e4b3f72ac60db2a5893024e986b0c3cec708b19eea325a6,https://web.archive.org/web/20241204043546id_/https://joinkuliner.com/wp-content/uploads/2023/11/kedung-roso.jpg,
downloaded,wp-content/uploads/2023/11/kfc-1-100x100.png,https://joinkuliner.com/wp-content/uploads/2023/11/kfc-1-100x100.png,20231228083200,image/png,9424,bba62fc2fbadd98c60cd92203ba7d6658b92804b65662bb87b1d144b24450e24,https://web.archive.org/web/20231228083200id_/https://joinkuliner.com/wp-content/uploads/2023/11/kfc-1-100x100.png,
downloaded,wp-content/uploads/2023/11/kfc-1-150x150.png,https://joinkuliner.com/wp-content/uploads/2023/11/kfc-1-150x150.png,20231228083150,image/png,15145,b8486d51530fd447ca582e41ae6d626910c2d7d311cb877586ec3fc3fa62da71,https://web.archive.org/web/20231228083150id_/https://joinkuliner.com/wp-content/uploads/2023/11/kfc-1-150x150.png,
downloaded,wp-content/uploads/2023/11/kfc-1-200x200.png,https://joinkuliner.com/wp-content/uploads/2023/11/kfc-1-200x200.png,20231228083151,image/png,23728,b480dc3a732386ad1c969dbb385d570893eb0dabc84dbc378d0ef38d4a5822fa,https://web.archive.org/web/20231228083151id_/https://joinkuliner.com/wp-content/uploads/2023/11/kfc-1-200x200.png,
downloaded,wp-content/uploads/2023/11/kfc-1-50x50.png,https://joinkuliner.com/wp-content/uploads/2023/11/kfc-1-50x50.png,20231228083159,image/png,3511,36c164c960ce00bf814708c9d3f0fad559281151edb79c7894b212fa2df17c56,https://web.archive.org/web/20231228083159id_/https://joinkuliner.com/wp-content/uploads/2023/11/kfc-1-50x50.png,
downloaded,wp-content/uploads/2023/11/kfc-1.png,https://joinkuliner.com/wp-content/uploads/2023/11/kfc-1.png,20231228083148,image/png,7540,9282044dbf812ab9d47436722b6303554d19b02fa747957c1588e7171ce5e43f,https://web.archive.org/web/20231228083148id_/https://joinkuliner.com/wp-content/uploads/2023/11/kfc-1.png,
downloaded,wp-content/uploads/2023/11/kopi-kenangan-100x75.jpeg,https://joinkuliner.com/wp-content/uploads/2023/11/kopi-kenangan-100x75.jpeg,20240226043224,image/jpeg,3038,5c53afe591e5004164329756ff131c983bf83e5da8076c725d819cae7568c839,https://web.archive.org/web/20240226043224id_/https://joinkuliner.com/wp-content/uploads/2023/11/kopi-kenangan-100x75.jpeg,
downloaded,wp-content/uploads/2023/11/kopi-kenangan-150x112.jpeg,https://joinkuliner.com/wp-content/uploads/2023/11/kopi-kenangan-150x112.jpeg,20240302040812,image/jpeg,4882,c4f2d409d73178293d6e103f4e04acc458a4a8dd3467651ead3a9cf2ca164854,https://web.archive.org/web/20240302040812id_/https://joinkuliner.com/wp-content/uploads/2023/11/kopi-kenangan-150x112.jpeg,
downloaded,wp-content/uploads/2023/11/kopi-kenangan-200x150.jpeg,https://joinkuliner.com/wp-content/uploads/2023/11/kopi-kenangan-200x150.jpeg,20240226043225,image/jpeg,7437,6018fe4fa4fce9079957f7d6a3e2af15894c37491827b2e06970931be0db4da4,https://web.archive.org/web/20240226043225id_/https://joinkuliner.com/wp-content/uploads/2023/11/kopi-kenangan-200x150.jpeg,
downloaded,wp-content/uploads/2023/11/kopi-kenangan-250x187.jpeg,https://joinkuliner.com/wp-content/uploads/2023/11/kopi-kenangan-250x187.jpeg,20240302040818,image/jpeg,10355,19a10935e10f3118389c1e31b9e5bead45ddefac71aba74f27907d3545b684d5,https://web.archive.org/web/20240302040818id_/https://joinkuliner.com/wp-content/uploads/2023/11/kopi-kenangan-250x187.jpeg,
downloaded,wp-content/uploads/2023/11/kopi-kenangan-300x225.jpeg,https://joinkuliner.com/wp-content/uploads/2023/11/kopi-kenangan-300x225.jpeg,20240226043336,image/jpeg,13599,0b8c1ca45c8b867d9c80202e0c22cb262fca7d2001956a15c801e0998b528cb6,https://web.archive.org/web/20240226043336id_/https://joinkuliner.com/wp-content/uploads/2023/11/kopi-kenangan-300x225.jpeg,
downloaded,wp-content/uploads/2023/11/kopi-kenangan-350x262.jpeg,https://joinkuliner.com/wp-content/uploads/2023/11/kopi-kenangan-350x262.jpeg,20240226043219,image/jpeg,16909,e9c43abed301acf2df1c7f525339720342f75987fb04fd8f006a5e3997216bee,https://web.archive.org/web/20240226043219id_/https://joinkuliner.com/wp-content/uploads/2023/11/kopi-kenangan-350x262.jpeg,
downloaded,wp-content/uploads/2023/11/kopi-kenangan-400x299.jpeg,https://joinkuliner.com/wp-content/uploads/2023/11/kopi-kenangan-400x299.jpeg,20240302040813,image/jpeg,20943,2c9e812dfb0b1d825fd6404bfe8579b88525f246c2d98f162657043ec7141d40,https://web.archive.org/web/20240302040813id_/https://joinkuliner.com/wp-content/uploads/2023/11/kopi-kenangan-400x299.jpeg,
downloaded,wp-content/uploads/2023/11/kopi-kenangan-450x337.jpeg,https://joinkuliner.com/wp-content/uploads/2023/11/kopi-kenangan-450x337.jpeg,20240226043337,image/jpeg,25344,84e7fdaf801531b464b823c1415a3f8654738db7ddd9c76dfd938e90e551b4d6,https://web.archive.org/web/20240226043337id_/https://joinkuliner.com/wp-content/uploads/2023/11/kopi-kenangan-450x337.jpeg,
downloaded,wp-content/uploads/2023/11/kopi-kenangan-500x374.jpeg,https://joinkuliner.com/wp-content/uploads/2023/11/kopi-kenangan-500x374.jpeg,20240226043231,image/jpeg,29484,05040caf202d1664bde61d2b9a9a9d3cfa567153e075101ccb67cf4b67016442,https://web.archive.org/web/20240226043231id_/https://joinkuliner.com/wp-content/uploads/2023/11/kopi-kenangan-500x374.jpeg,
downloaded,wp-content/uploads/2023/11/kopi-kenangan-50x37.jpeg,https://joinkuliner.com/wp-content/uploads/2023/11/kopi-kenangan-50x37.jpeg,20240302040820,image/jpeg,1462,dccb0a60efbd5cb39ed9c24e36c5c62483c82f187eee4bef85303982349c5028,https://web.archive.org/web/20240302040820id_/https://joinkuliner.com/wp-content/uploads/2023/11/kopi-kenangan-50x37.jpeg,
downloaded,wp-content/uploads/2023/11/kopi-kenangan-550x412.jpeg,https://joinkuliner.com/wp-content/uploads/2023/11/kopi-kenangan-550x412.jpeg,20240226043220,image/jpeg,34085,ef8771dd7c2d42a9d3265598a8d13048415317c4c4feee55e8424d57e2de7e82,https://web.archive.org/web/20240226043220id_/https://joinkuliner.com/wp-content/uploads/2023/11/kopi-kenangan-550x412.jpeg,
downloaded,wp-content/uploads/2023/11/kopi-kenangan-650x486.jpeg,https://joinkuliner.com/wp-content/uploads/2023/11/kopi-kenangan-650x486.jpeg,20240302041001,image/jpeg,43841,7681b9b599d7e09208567eecf4104557a1149048d824c0509715a81d99406282,https://web.archive.org/web/20240302041001id_/https://joinkuliner.com/wp-content/uploads/2023/11/kopi-kenangan-650x486.jpeg,
downloaded,wp-content/uploads/2023/11/kopi-kenangan-768x575.jpeg,https://joinkuliner.com/wp-content/uploads/2023/11/kopi-kenangan-768x575.jpeg,20240302040818,image/jpeg,56106,a72427fcd61b9245bf28832da284aaf26c6c5b20de638f0727802fa9d5578823,https://web.archive.org/web/20240302040818id_/https://joinkuliner.com/wp-content/uploads/2023/11/kopi-kenangan-768x575.jpeg,
downloaded,wp-content/uploads/2023/11/kopi-kenangan-800x599.jpeg,https://joinkuliner.com/wp-content/uploads/2023/11/kopi-kenangan-800x599.jpeg,20240226043221,image/jpeg,60217,7436d0e93afd68d57bfac977bc1ae40c291e4d97fcc8c9680bb551e66dea552c,https://web.archive.org/web/20240226043221id_/https://joinkuliner.com/wp-content/uploads/2023/11/kopi-kenangan-800x599.jpeg,
downloaded,wp-content/uploads/2023/11/kopi-kenangan.jpeg,https://joinkuliner.com/wp-content/uploads/2023/11/kopi-kenangan.jpeg,20240226043343,image/jpeg,105217,8e0c2b76a705d5b81e5115c123be3e3b1ce63f1177b0450a3de27d7746bb65be,https://web.archive.org/web/20240226043343id_/https://joinkuliner.com/wp-content/uploads/2023/11/kopi-kenangan.jpeg,
downloaded,wp-content/uploads/2023/11/kuliner-indonesia-timur-100x56.jpg,https://joinkuliner.com/wp-content/uploads/2023/11/kuliner-indonesia-timur-100x56.jpg,20231228083410,image/jpeg,3640,d3252ccdb3b39f64e5967e36d8929f741915239852cddb2bbdaa47aa36f9b5ed,https://web.archive.org/web/20231228083410id_/https://joinkuliner.com/wp-content/uploads/2023/11/kuliner-indonesia-timur-100x56.jpg,
downloaded,wp-content/uploads/2023/11/kuliner-indonesia-timur-150x84.jpg,https://joinkuliner.com/wp-content/uploads/2023/11/kuliner-indonesia-timur-150x84.jpg,20231228083218,image/jpeg,7215,0ff203e42702b89e97bf1fbeaeac8c7a9bf4a419c6172416cafb14af042fcf4a,https://web.archive.org/web/20231228083218id_/https://joinkuliner.com/wp-content/uploads/2023/11/kuliner-indonesia-timur-150x84.jpg,
downloaded,wp-content/uploads/2023/11/kuliner-indonesia-timur-200x113.jpg,https://joinkuliner.com/wp-content/uploads/2023/11/kuliner-indonesia-timur-200x113.jpg,20231228083242,image/jpeg,11820,11aef40f0388004d277064991f885b577e558d402050d82014ae297a8da84be3,https://web.archive.org/web/20231228083242id_/https://joinkuliner.com/wp-content/uploads/2023/11/kuliner-indonesia-timur-200x113.jpg,
downloaded,wp-content/uploads/2023/11/kuliner-indonesia-timur-250x141.jpg,https://joinkuliner.com/wp-content/uploads/2023/11/kuliner-indonesia-timur-250x141.jpg,20231228083234,image/jpeg,17142,3d2125f7a6fdbad1252419d70e288e1fd6a5f84151db756009b9c28ed3b2f903,https://web.archive.org/web/20231228083234id_/https://joinkuliner.com/wp-content/uploads/2023/11/kuliner-indonesia-timur-250x141.jpg,
downloaded,wp-content/uploads/2023/11/kuliner-indonesia-timur-300x169.jpg,https://joinkuliner.com/wp-content/uploads/2023/11/kuliner-indonesia-timur-300x169.jpg,20231228083217,image/jpeg,23387,244ef34951d4efaa7389f11289eb4d2bc38d7541a79905b6d54a91879f22d976,https://web.archive.org/web/20231228083217id_/https://joinkuliner.com/wp-content/uploads/2023/11/kuliner-indonesia-timur-300x169.jpg,
downloaded,wp-content/uploads/2023/11/kuliner-indonesia-timur-350x197.jpg,https://joinkuliner.com/wp-content/uploads/2023/11/kuliner-indonesia-timur-350x197.jpg,20231228083206,image/jpeg,30536,49db8281939176c37221366f135e29a2f5d4da8353f8404ef4ff2fecd40e03c2,https://web.archive.org/web/20231228083206id_/https://joinkuliner.com/wp-content/uploads/2023/11/kuliner-indonesia-timur-350x197.jpg,
downloaded,wp-content/uploads/2023/11/kuliner-indonesia-timur-400x225.jpg,https://joinkuliner.com/wp-content/uploads/2023/11/kuliner-indonesia-timur-400x225.jpg,20231228083214,image/jpeg,38184,ea42423ec986817e5989ee97afb4d6a10862c80a62d8ca860f3169c7fc3e6fb8,https://web.archive.org/web/20231228083214id_/https://joinkuliner.com/wp-content/uploads/2023/11/kuliner-indonesia-timur-400x225.jpg,
downloaded,wp-content/uploads/2023/11/kuliner-indonesia-timur-450x253.jpg,https://joinkuliner.com/wp-content/uploads/2023/11/kuliner-indonesia-timur-450x253.jpg,20231228083255,image/jpeg,46322,c4cac215e9bbce6502ad97449309b3a836ec70777605effc1ef12c33026e3164,https://web.archive.org/web/20231228083255id_/https://joinkuliner.com/wp-content/uploads/2023/11/kuliner-indonesia-timur-450x253.jpg,
downloaded,wp-content/uploads/2023/11/kuliner-indonesia-timur-500x281.jpg,https://joinkuliner.com/wp-content/uploads/2023/11/kuliner-indonesia-timur-500x281.jpg,20231228083219,image/jpeg,55118,392cef2d0bf7463878d618a94351b8afaf2eae8d203f87e079431930a3878111,https://web.archive.org/web/20231228083219id_/https://joinkuliner.com/wp-content/uploads/2023/11/kuliner-indonesia-timur-500x281.jpg,
downloaded,wp-content/uploads/2023/11/kuliner-indonesia-timur-50x28.jpg,https://joinkuliner.com/wp-content/uploads/2023/11/kuliner-indonesia-timur-50x28.jpg,20231228083220,image/jpeg,1477,13f1547a6b4cc7a5f67633692fbb0df019b2d106f126b6ae79b4f56019633a33,https://web.archive.org/web/20231228083220id_/https://joinkuliner.com/wp-content/uploads/2023/11/kuliner-indonesia-timur-50x28.jpg,
downloaded,wp-content/uploads/2023/11/kuliner-indonesia-timur-550x309.jpg,https://joinkuliner.com/wp-content/uploads/2023/11/kuliner-indonesia-timur-550x309.jpg,20231228083347,image/jpeg,64456,ff11beb8fb56f33e7b7bd950517451b0f129ad9f5f92737a5a8969279d4c09da,https://web.archive.org/web/20231228083347id_/https://joinkuliner.com/wp-content/uploads/2023/11/kuliner-indonesia-timur-550x309.jpg,
downloaded,wp-content/uploads/2023/11/kuliner-indonesia-timur-650x366.jpg,https://joinkuliner.com/wp-content/uploads/2023/11/kuliner-indonesia-timur-650x366.jpg,20231228083219,image/jpeg,83800,0f2b908cdf9802183225ab50def25b58486b71eafe2f034bd36676050bd46319,https://web.archive.org/web/20231228083219id_/https://joinkuliner.com/wp-content/uploads/2023/11/kuliner-indonesia-timur-650x366.jpg,
downloaded,wp-content/uploads/2023/11/kuliner-indonesia-timur-768x432.jpg,https://joinkuliner.com/wp-content/uploads/2023/11/kuliner-indonesia-timur-768x432.jpg,20231228083216,image/jpeg,108798,5d6072da106eef0542b694f02c8cdd048c4ee5126adad12578a0a90bb2e1580f,https://web.archive.org/web/20231228083216id_/https://joinkuliner.com/wp-content/uploads/2023/11/kuliner-indonesia-timur-768x432.jpg,
downloaded,wp-content/uploads/2023/11/kuliner-indonesia-timur-800x450.jpg,https://joinkuliner.com/wp-content/uploads/2023/11/kuliner-indonesia-timur-800x450.jpg,20231228083215,image/jpeg,115630,8426ebcde27fc98212fcfae7b982a2336df71607d34b2e8a68a66887b6d9457f,https://web.archive.org/web/20231228083215id_/https://joinkuliner.com/wp-content/uploads/2023/11/kuliner-indonesia-timur-800x450.jpg,
downloaded,wp-content/uploads/2023/11/kuliner-indonesia-timur.jpg,https://joinkuliner.com/wp-content/uploads/2023/11/kuliner-indonesia-timur.jpg,20231228083356,image/jpeg,179780,70fb87035256c614945e9d0e4752319bdde3f1f8e15b1bfe9d4e3a6421729e1e,https://web.archive.org/web/20231228083356id_/https://joinkuliner.com/wp-content/uploads/2023/11/kuliner-indonesia-timur.jpg,
downloaded,wp-content/uploads/2023/11/logo-f-200x200.jpeg,https://joinkuliner.com/wp-content/uploads/2023/11/logo-f-200x200.jpeg,20231211143148,image/jpeg,7339,d9e41240221f7b1f9f81510b63683745a92e09f15d12e934efbbd8cf7cafd668,https://web.archive.org/web/20231211143148id_/https://joinkuliner.com/wp-content/uploads/2023/11/logo-f-200x200.jpeg,
downloaded,wp-content/uploads/2023/11/logo-f-50x50.jpeg,https://joinkuliner.com/wp-content/uploads/2023/11/logo-f-50x50.jpeg,20231211143147,image/jpeg,1958,77c20b50912421b86d6549b2fb5037af1da970b8bcc93bd877fce9e468d36b38,https://web.archive.org/web/20231211143147id_/https://joinkuliner.com/wp-content/uploads/2023/11/logo-f-50x50.jpeg,
downloaded,wp-content/uploads/2023/11/logo-f.jpeg,https://joinkuliner.com/wp-content/uploads/2023/11/logo-f.jpeg,20231211143146,image/jpeg,6195,28e883d77aa62899ab2a1e21cdab32f819343e48d88d99a6b056b5299ca99de2,https://web.archive.org/web/20231211143146id_/https://joinkuliner.com/wp-content/uploads/2023/11/logo-f.jpeg,
downloaded,wp-content/uploads/2023/11/makanan-laut-100x56.webp,https://joinkuliner.com/wp-content/uploads/2023/11/makanan-laut-100x56.webp,20240302040802,image/webp,3532,c5baf7633776344a9172c43fa0590f996a44885ce729a05ac0ccb6dd814a2a83,https://web.archive.org/web/20240302040802id_/https://joinkuliner.com/wp-content/uploads/2023/11/makanan-laut-100x56.webp,
downloaded,wp-content/uploads/2023/11/makanan-laut-150x84.webp,https://joinkuliner.com/wp-content/uploads/2023/11/makanan-laut-150x84.webp,20240302040801,image/webp,6860,58da41b0cbc3b3be8fb689430051fcb833bc4c697661b234a0e17b8cc2697f44,https://web.archive.org/web/20240302040801id_/https://joinkuliner.com/wp-content/uploads/2023/11/makanan-laut-150x84.webp,
downloaded,wp-content/uploads/2023/11/makanan-laut-200x112.webp,https://joinkuliner.com/wp-content/uploads/2023/11/makanan-laut-200x112.webp,20240302040958,image/webp,11104,1a277d55aea18232ea3caee838b18abab45cd6e642dd8dc30cc4783d2a85d436,https://web.archive.org/web/20240302040958id_/https://joinkuliner.com/wp-content/uploads/2023/11/makanan-laut-200x112.webp,
downloaded,wp-content/uploads/2023/11/makanan-laut-250x140.webp,https://joinkuliner.com/wp-content/uploads/2023/11/makanan-laut-250x140.webp,20240226043159,image/webp,16140,d4776ba0d8f4a11953336d006a255b099ae54cdb667a41f53359013ba8aad59b,https://web.archive.org/web/20240226043159id_/https://joinkuliner.com/wp-content/uploads/2023/11/makanan-laut-250x140.webp,
downloaded,wp-content/uploads/2023/11/makanan-laut-300x168.webp,https://joinkuliner.com/wp-content/uploads/2023/11/makanan-laut-300x168.webp,20240226043213,image/webp,22372,fe8f63dc522bcf7be40e6a5994296d7d8021a4caedc5e6a1ed523114e2fbe663,https://web.archive.org/web/20240226043213id_/https://joinkuliner.com/wp-content/uploads/2023/11/makanan-laut-300x168.webp,
downloaded,wp-content/uploads/2023/11/makanan-laut-350x196.webp,https://joinkuliner.com/wp-content/uploads/2023/11/makanan-laut-350x196.webp,20240226043158,image/webp,29062,113af0f2c289f2b7bb9d881a6c79ee048010652ed65ceac78f11d73ddb39a5e6,https://web.archive.org/web/20240226043158id_/https://joinkuliner.com/wp-content/uploads/2023/11/makanan-laut-350x196.webp,
downloaded,wp-content/uploads/2023/11/makanan-laut-400x225.webp,https://joinkuliner.com/wp-content/uploads/2023/11/makanan-laut-400x225.webp,20240226043157,image/webp,36812,c753548533452133d8a540ec01645d2217642329f88454226bc15f49d5bca149,https://web.archive.org/web/20240226043157id_/https://joinkuliner.com/wp-content/uploads/2023/11/makanan-laut-400x225.webp,
downloaded,wp-content/uploads/2023/11/makanan-laut-450x253.webp,https://joinkuliner.com/wp-content/uploads/2023/11/makanan-laut-450x253.webp,20240226043226,image/webp,43228,95c510b9e83469dde252ed518053d6626f1fb8b1c335b4f6b96f1c0e48d307d4,https://web.archive.org/web/20240226043226id_/https://joinkuliner.com/wp-content/uploads/2023/11/makanan-laut-450x253.webp,
downloaded,wp-content/uploads/2023/11/makanan-laut-500x281.webp,https://joinkuliner.com/wp-content/uploads/2023/11/makanan-laut-500x281.webp,20240302040807,image/webp,51524,feb8120816f412c93ac4795df103f72ac2babd8158cf155c210fe7ada0d09277,https://web.archive.org/web/20240302040807id_/https://joinkuliner.com/wp-content/uploads/2023/11/makanan-laut-500x281.webp,
downloaded,wp-content/uploads/2023/11/makanan-laut-50x28.webp,https://joinkuliner.com/wp-content/uploads/2023/11/makanan-laut-50x28.webp,20240302041002,image/webp,1208,f4709b27713d77221a3b92a803c1bb8e135672351281b6bed4d6d471f6e690c5,https://web.archive.org/web/20240302041002id_/https://joinkuliner.com/wp-content/uploads/2023/11/makanan-laut-50x28.webp,
downloaded,wp-content/uploads/2023/11/makanan-laut-550x309.webp,https://joinkuliner.com/wp-content/uploads/2023/11/makanan-laut-550x309.webp,20240302040809,image/webp,59364,b5e2429efe83c7fd9d4148710d932cf53f0d81395acb646db5a4136d755dcbeb,https://web.archive.org/web/20240302040809id_/https://joinkuliner.com/wp-content/uploads/2023/11/makanan-laut-550x309.webp,
downloaded,wp-content/uploads/2023/11/makanan-laut-650x365.webp,https://joinkuliner.com/wp-content/uploads/2023/11/makanan-laut-650x365.webp,20240226043157,image/webp,74408,f5a8e5773f90e75c7767c8d518c508195a1c61942be0898b2a7b7242c0e815ab,https://web.archive.org/web/20240226043157id_/https://joinkuliner.com/wp-content/uploads/2023/11/makanan-laut-650x365.webp,
downloaded,wp-content/uploads/2023/11/makanan-laut.webp,https://joinkuliner.com/wp-content/uploads/2023/11/makanan-laut.webp,20240302040806,image/webp,74000,fa66c3115202f23e7d74cc91a87214aba7c0c57a5138b6dc5382ab718af44e63,https://web.archive.org/web/20240302040806id_/https://joinkuliner.com/wp-content/uploads/2023/11/makanan-laut.webp,
downloaded,wp-content/uploads/2023/11/mcdonalds-100x67.jpg,https://joinkuliner.com/wp-content/uploads/2023/11/mcdonalds-100x67.jpg,20231211145411,image/jpeg,3094,37488152137e669004ced005009d983ee0c3e8c87d77d22c2b4331c85d5376b6,https://web.archive.org/web/20231211145411id_/https://joinkuliner.com/wp-content/uploads/2023/11/mcdonalds-100x67.jpg,
downloaded,wp-content/uploads/2023/11/mcdonalds-150x100.jpg,https://joinkuliner.com/wp-content/uploads/2023/11/mcdonalds-150x100.jpg,20231211145409,image/jpeg,5475,c8f6ed2a0b1d10f992ef4fbc43c768d9b855b3257ad9b14f01b3d42c4486ab47,https://web.archive.org/web/20231211145409id_/https://joinkuliner.com/wp-content/uploads/2023/11/mcdonalds-150x100.jpg,
downloaded,wp-content/uploads/2023/11/mcdonalds-200x133.jpg,https://joinkuliner.com/wp-content/uploads/2023/11/mcdonalds-200x133.jpg,20231211145419,image/jpeg,8285,31a53c98a3018dde891fd2b2801495905c5e4b8cd5c10b15d06773f446a09f76,https://web.archive.org/web/20231211145419id_/https://joinkuliner.com/wp-content/uploads/2023/11/mcdonalds-200x133.jpg,
downloaded,wp-content/uploads/2023/11/mcdonalds-250x167.jpg,https://joinkuliner.com/wp-content/uploads/2023/11/mcdonalds-250x167.jpg,20231211145411,image/jpeg,11959,9755da0b720d2c16a52a18c40c346e7bef846ecd439702c456eafb6e8eff3db7,https://web.archive.org/web/20231211145411id_/https://joinkuliner.com/wp-content/uploads/2023/11/mcdonalds-250x167.jpg,
downloaded,wp-content/uploads/2023/11/mcdonalds-300x200.jpg,https://joinkuliner.com/wp-content/uploads/2023/11/mcdonalds-300x200.jpg,20231211145419,image/jpeg,15743,f273dcc75dfad495981e14797b2496d06bdd62ce4f19ebb9177b414401cc03fb,https://web.archive.org/web/20231211145419id_/https://joinkuliner.com/wp-content/uploads/2023/11/mcdonalds-300x200.jpg,
downloaded,wp-content/uploads/2023/11/mcdonalds-350x233.jpg,https://joinkuliner.com/wp-content/uploads/2023/11/mcdonalds-350x233.jpg,20240123084240,image/jpeg,20096,7fc397719299fd324ce52afedc739f1f69f239a86463c1479c454fbd057fb05b,https://web.archive.org/web/20240123084240id_/https://joinkuliner.com/wp-content/uploads/2023/11/mcdonalds-350x233.jpg,
downloaded,wp-content/uploads/2023/11/mcdonalds-400x267.jpg,https://joinkuliner.com/wp-content/uploads/2023/11/mcdonalds-400x267.jpg,20231211145411,image/jpeg,25064,46eca919d5b583effecd15e450293b57a7b984daa36c40635f4ad8ba3d1b20bf,https://web.archive.org/web/20231211145411id_/https://joinkuliner.com/wp-content/uploads/2023/11/mcdonalds-400x267.jpg,
downloaded,wp-content/uploads/2023/11/mcdonalds-450x300.jpg,https://joinkuliner.com/wp-content/uploads/2023/11/mcdonalds-450x300.jpg,20240123084239,image/jpeg,30770,7f96ca1cb3e61d150512f36c8b231a74ecbcc12eb4bc05b416a62ef97d5e1625,https://web.archive.org/web/20240123084239id_/https://joinkuliner.com/wp-content/uploads/2023/11/mcdonalds-450x300.jpg,
downloaded,wp-content/uploads/2023/11/mcdonalds-50x33.jpg,https://joinkuliner.com/wp-content/uploads/2023/11/mcdonalds-50x33.jpg,20231211145411,image/jpeg,1441,a1a1cd697483b87217c9e7052b0bbe6c3aaa25d2d115892e1498c9be4ef1ed37,https://web.archive.org/web/20231211145411id_/https://joinkuliner.com/wp-content/uploads/2023/11/mcdonalds-50x33.jpg,
downloaded,wp-content/uploads/2023/11/mcdonalds-550x367.jpg,https://joinkuliner.com/wp-content/uploads/2023/11/mcdonalds-550x367.jpg,20231211145417,image/jpeg,42083,a0678fc6554f307a9e38ad0d2ae6d8e997720c4382b1a88bcfcb3321d48c11d9,https://web.archive.org/web/20231211145417id_/https://joinkuliner.com/wp-content/uploads/2023/11/mcdonalds-550x367.jpg,
downloaded,wp-content/uploads/2023/11/mcdonalds-650x434.jpg,https://joinkuliner.com/wp-content/uploads/2023/11/mcdonalds-650x434.jpg,20231211145412,image/jpeg,55032,7610784802f13655bac4a419619bfdd92f085b5afa3c3cdae6ed8fd2d147e2c3,https://web.archive.org/web/20231211145412id_/https://joinkuliner.com/wp-content/uploads/2023/11/mcdonalds-650x434.jpg,
downloaded,wp-content/uploads/2023/11/mcdonalds-768x512.jpg,https://joinkuliner.com/wp-content/uploads/2023/11/mcdonalds-768x512.jpg,20231211145409,image/jpeg,70022,d560074c8a4f9329ca193de3bdf7307d4e0908d13ef4d2f64d1faa754bca4b57,https://web.archive.org/web/20231211145409id_/https://joinkuliner.com/wp-content/uploads/2023/11/mcdonalds-768x512.jpg,
downloaded,wp-content/uploads/2023/11/mcdonalds-800x534.jpg,https://joinkuliner.com/wp-content/uploads/2023/11/mcdonalds-800x534.jpg,20231211145416,image/jpeg,74507,7f18258ee0526291d3c9b94713255817ee3b2c469aca7adb7aabf817409b09b7,https://web.archive.org/web/20231211145416id_/https://joinkuliner.com/wp-content/uploads/2023/11/mcdonalds-800x534.jpg,
downloaded,wp-content/uploads/2023/11/mcdonalds.jpg,https://joinkuliner.com/wp-content/uploads/2023/11/mcdonalds.jpg,20231211145413,image/jpeg,100489,85044193897e3ce8c7126433fa8ff5a642d27def91c5e94815842d4587afe7eb,https://web.archive.org/web/20231211145413id_/https://joinkuliner.com/wp-content/uploads/2023/11/mcdonalds.jpg,
downloaded,wp-content/uploads/2023/11/mie-vegan-100x100.webp,https://joinkuliner.com/wp-content/uploads/2023/11/mie-vegan-100x100.webp,20231211143220,image/webp,3026,f5d27571641486dc14220c54adabb2b0dd84bd867aab3988ea6cbdbdaf99378b,https://web.archive.org/web/20231211143220id_/https://joinkuliner.com/wp-content/uploads/2023/11/mie-vegan-100x100.webp,
downloaded,wp-content/uploads/2023/11/mie-vegan-150x150.webp,https://joinkuliner.com/wp-content/uploads/2023/11/mie-vegan-150x150.webp,20231211143220,image/webp,5480,3db120968d1522f94e836319f967340290c77f2ffe5bf1b37176dfa3bbbfc181,https://web.archive.org/web/20231211143220id_/https://joinkuliner.com/wp-content/uploads/2023/11/mie-vegan-150x150.webp,
downloaded,wp-content/uploads/2023/11/mie-vegan-200x200.webp,https://joinkuliner.com/wp-content/uploads/2023/11/mie-vegan-200x200.webp,20231211143221,image/webp,8276,d7eaacf60cd4e31cd712f722d788a553a58aaee40a1a1d7c926f94bd22aedeef,https://web.archive.org/web/20231211143221id_/https://joinkuliner.com/wp-content/uploads/2023/11/mie-vegan-200x200.webp,
downloaded,wp-content/uploads/2023/11/mie-vegan-250x250.webp,https://joinkuliner.com/wp-content/uploads/2023/11/mie-vegan-250x250.webp,20231211143233,image/webp,11296,99e0129efaeae3013862f5390b981157abdfa971a651480e7cf6da37a0a9d3c2,https://web.archive.org/web/20231211143233id_/https://joinkuliner.com/wp-content/uploads/2023/11/mie-vegan-250x250.webp,
downloaded,wp-content/uploads/2023/11/mie-vegan-300x300.webp,https://joinkuliner.com/wp-content/uploads/2023/11/mie-vegan-300x300.webp,20231211143217,image/webp,13802,108d05ef2c8514d39f4bb029a7c479f4e8217a070cbf3d7fea154e44dff045b5,https://web.archive.org/web/20231211143217id_/https://joinkuliner.com/wp-content/uploads/2023/11/mie-vegan-300x300.webp,
downloaded,wp-content/uploads/2023/11/mie-vegan-350x350.webp,https://joinkuliner.com/wp-content/uploads/2023/11/mie-vegan-350x350.webp,20231211143218,image/webp,16716,c995a57d921d0d2ae219f0a9a45cea6bbecc42ef3d6532938a1aa6cfc4645fb1,https://web.archive.org/web/20231211143218id_/https://joinkuliner.com/wp-content/uploads/2023/11/mie-vegan-350x350.webp,
downloaded,wp-content/uploads/2023/11/mie-vegan-400x400.webp,https://joinkuliner.com/wp-content/uploads/2023/11/mie-vegan-400x400.webp,20231211143209,image/webp,19534,8c3575c77878237cfee754aae3a47bad9850f3f66985f4a2701075807857079e,https://web.archive.org/web/20231211143209id_/https://joinkuliner.com/wp-content/uploads/2023/11/mie-vegan-400x400.webp,
downloaded,wp-content/uploads/2023/11/mie-vegan-50x50.webp,https://joinkuliner.com/wp-content/uploads/2023/11/mie-vegan-50x50.webp,20231211143234,image/webp,1148,5034d3ec10b85c2ad40fb0401b57f1803be39b9aeefe71674b0211151ad9340e,https://web.archive.org/web/20231211143234id_/https://joinkuliner.com/wp-content/uploads/2023/11/mie-vegan-50x50.webp,
downloaded,wp-content/uploads/2023/11/mie-vegan.webp,https://joinkuliner.com/wp-content/uploads/2023/11/mie-vegan.webp,20231211143235,image/webp,30266,a139bd35c1552af7bbd01baed052ccc629bf21713332353ade45ef3d66cf2254,https://web.archive.org/web/20231211143235id_/https://joinkuliner.com/wp-content/uploads/2023/11/mie-vegan.webp,
downloaded,wp-content/uploads/2023/11/mixue-100x100.webp,https://joinkuliner.com/wp-content/uploads/2023/11/mixue-100x100.webp,20241204143950,image/webp,3290,107e17b5a143fec9ee2019fdc144971f89ccb0d8b52bb04f62682cf543e4de0f,https://web.archive.org/web/20241204143950id_/https://joinkuliner.com/wp-content/uploads/2023/11/mixue-100x100.webp,
downloaded,wp-content/uploads/2023/11/mixue-1200x1200.webp,https://joinkuliner.com/wp-content/uploads/2023/11/mixue-1200x1200.webp,20241204055059,image/webp,157956,cd47f17c53ab753556959d9103bcdf35d06fe3671d005c07b0ed0299cb20cb25,https://web.archive.org/web/20241204055059id_/https://joinkuliner.com/wp-content/uploads/2023/11/mixue-1200x1200.webp,
downloaded,wp-content/uploads/2023/11/mixue-150x150.webp,https://joinkuliner.com/wp-content/uploads/2023/11/mixue-150x150.webp,20241204064811,image/webp,6134,de1f9c24e3b34c6cbe64b269287b9eb1bed5fd943ef36f813745324bad5ed951,https://web.archive.org/web/20241204064811id_/https://joinkuliner.com/wp-content/uploads/2023/11/mixue-150x150.webp,
downloaded,wp-content/uploads/2023/11/mixue-1536x1536.webp,https://joinkuliner.com/wp-content/uploads/2023/11/mixue-1536x1536.webp,20250810071655,image/webp,224490,3f966569e3024069a8dbce6d05de68f0c880a1e7966e40d9a6a594e324255136,https://web.archive.org/web/20250810071655id_/https://joinkuliner.com/wp-content/uploads/2023/11/mixue-1536x1536.webp,
downloaded,wp-content/uploads/2023/11/mixue-200x200.webp,https://joinkuliner.com/wp-content/uploads/2023/11/mixue-200x200.webp,20241204040620,image/webp,9506,66347c854f71195cae9f3cb29960bf8c7f34e3e101168b057268ab1e1955d550,https://web.archive.org/web/20241204040620id_/https://joinkuliner.com/wp-content/uploads/2023/11/mixue-200x200.webp,
downloaded,wp-content/uploads/2023/11/mixue-250x250.webp,https://joinkuliner.com/wp-content/uploads/2023/11/mixue-250x250.webp,20241204043254,image/webp,13562,817f4a4a7d854edc069217e6f89261a0d467ba9f917cdbecf775e57573968a4c,https://web.archive.org/web/20241204043254id_/https://joinkuliner.com/wp-content/uploads/2023/11/mixue-250x250.webp,
downloaded,wp-content/uploads/2023/11/mixue-300x300.webp,https://joinkuliner.com/wp-content/uploads/2023/11/mixue-300x300.webp,20241204043016,image/webp,17834,320dd6a1b035cf2238343f934dc5b9149428044a16d255d20f723099f21d764d,https://web.archive.org/web/20241204043016id_/https://joinkuliner.com/wp-content/uploads/2023/11/mixue-300x300.webp,
downloaded,wp-content/uploads/2023/11/mixue-350x350.webp,https://joinkuliner.com/wp-content/uploads/2023/11/mixue-350x350.webp,20241204043237,image/webp,22760,39bc515fd135f69898a7000b807fdb2768d67677b2c105d723880053e000f2ae,https://web.archive.org/web/20241204043237id_/https://joinkuliner.com/wp-content/uploads/2023/11/mixue-350x350.webp,
downloaded,wp-content/uploads/2023/11/mixue-400x400.webp,https://joinkuliner.com/wp-content/uploads/2023/11/mixue-400x400.webp,20241204042955,image/webp,27804,609e48b2632a6bfd7200736d41dd03691ffaad57ccf03d5aaf719ecc34e80405,https://web.archive.org/web/20241204042955id_/https://joinkuliner.com/wp-content/uploads/2023/11/mixue-400x400.webp,
downloaded,wp-content/uploads/2023/11/mixue-450x450.webp,https://joinkuliner.com/wp-content/uploads/2023/11/mixue-450x450.webp,20250810102950,image/webp,33464,184d86db0234b2311a3684b52f7b6b6f0c182d128a5f283d2d072cab09bad65f,https://web.archive.org/web/20250810102950id_/https://joinkuliner.com/wp-content/uploads/2023/11/mixue-450x450.webp,
downloaded,wp-content/uploads/2023/11/mixue-500x500.webp,https://joinkuliner.com/wp-content/uploads/2023/11/mixue-500x500.webp,20241204043501,image/webp,39766,a3fdbc78dadbe82c46106b669c73a035d3f157ead93456c5e84df78a2d231767,https://web.archive.org/web/20241204043501id_/https://joinkuliner.com/wp-content/uploads/2023/11/mixue-500x500.webp,
downloaded,wp-content/uploads/2023/11/mixue-50x50.webp,https://joinkuliner.com/wp-content/uploads/2023/11/mixue-50x50.webp,20241204043109,image/webp,1220,049bcc73dfe281e86bb78b7c268e813c3941729f60b0062ee5f6f16f0d6ef0ea,https://web.archive.org/web/20241204043109id_/https://joinkuliner.com/wp-content/uploads/2023/11/mixue-50x50.webp,
downloaded,wp-content/uploads/2023/11/mixue-550x550.webp,https://joinkuliner.com/wp-content/uploads/2023/11/mixue-550x550.webp,20241204042920,image/webp,46454,b2bc6e22685a92b281f2df3562b64adeda7a12aefb9227793fbe12aa7e23f130,https://web.archive.org/web/20241204042920id_/https://joinkuliner.com/wp-content/uploads/2023/11/mixue-550x550.webp,
downloaded,wp-content/uploads/2023/11/mixue-650x650.webp,https://joinkuliner.com/wp-content/uploads/2023/11/mixue-650x650.webp,20241204041333,image/webp,59476,79b8577bab0aa5e2e60283460274b77fe71f74866600dee073b720737d2c60c5,https://web.archive.org/web/20241204041333id_/https://joinkuliner.com/wp-content/uploads/2023/11/mixue-650x650.webp,
downloaded,wp-content/uploads/2023/11/mixue-768x768.webp,https://joinkuliner.com/wp-content/uploads/2023/11/mixue-768x768.webp,20250810131947,image/webp,77730,92809103d57d7a1ae9c3f9c27303e85cfdbfd229f1566b6fed2f8fa9ffbf789f,https://web.archive.org/web/20250810131947id_/https://joinkuliner.com/wp-content/uploads/2023/11/mixue-768x768.webp,
downloaded,wp-content/uploads/2023/11/mixue-800x800.webp,https://joinkuliner.com/wp-content/uploads/2023/11/mixue-800x800.webp,20241204044125,image/webp,87640,08025d475724a4c1b3100ce5d36bae9d0a636b9d4bed12d1fc6e9e7e54223995,https://web.archive.org/web/20241204044125id_/https://joinkuliner.com/wp-content/uploads/2023/11/mixue-800x800.webp,
downloaded,wp-content/uploads/2023/11/mixue.webp,https://joinkuliner.com/wp-content/uploads/2023/11/mixue.webp,20241204041056,image/webp,270172,c013d25c6cf539072605e16d5645a4ed57e0e159273990ffb55ec0b042b660fc,https://web.archive.org/web/20241204041056id_/https://joinkuliner.com/wp-content/uploads/2023/11/mixue.webp,
downloaded,wp-content/uploads/2023/11/nasi-bancakan-100x75.jpg,https://joinkuliner.com/wp-content/uploads/2023/11/nasi-bancakan-100x75.jpg,20240124064459,image/jpeg,4142,33b11c69fcf6b9d8c2532b67137a10c40ccc3d2b4ac48bc1b30e9af952004ca8,https://web.archive.org/web/20240124064459id_/https://joinkuliner.com/wp-content/uploads/2023/11/nasi-bancakan-100x75.jpg,
downloaded,wp-content/uploads/2023/11/nasi-bancakan-150x113.jpg,https://joinkuliner.com/wp-content/uploads/2023/11/nasi-bancakan-150x113.jpg,20240124064502,image/jpeg,7653,4427c6f3965222ff5a618e1c8011ce64cd2e83749411f57b57b45c01b2d322b8,https://web.archive.org/web/20240124064502id_/https://joinkuliner.com/wp-content/uploads/2023/11/nasi-bancakan-150x113.jpg,
downloaded,wp-content/uploads/2023/11/nasi-bancakan-200x151.jpg,https://joinkuliner.com/wp-content/uploads/2023/11/nasi-bancakan-200x151.jpg,20240124064500,image/jpeg,11789,1d0d75e583acbf308c9a6f4870a119f11eabee301df66cc3156ff28f69fb8531,https://web.archive.org/web/20240124064500id_/https://joinkuliner.com/wp-content/uploads/2023/11/nasi-bancakan-200x151.jpg,
downloaded,wp-content/uploads/2023/11/nasi-bancakan-250x188.jpg,https://joinkuliner.com/wp-content/uploads/2023/11/nasi-bancakan-250x188.jpg,20240124064457,image/jpeg,16912,c7896d3b30351a40da5bbe822e2203f18c9bdc60932e11d7bd2ffba26594401a,https://web.archive.org/web/20240124064457id_/https://joinkuliner.com/wp-content/uploads/2023/11/nasi-bancakan-250x188.jpg,
downloaded,wp-content/uploads/2023/11/nasi-bancakan-300x226.jpg,https://joinkuliner.com/wp-content/uploads/2023/11/nasi-bancakan-300x226.jpg,20240124064532,image/jpeg,22588,9cbd45a0791c21fec771de684b925d73f2b59752accf4e6baa30d5fb1175a46e,https://web.archive.org/web/20240124064532id_/https://joinkuliner.com/wp-content/uploads/2023/11/nasi-bancakan-300x226.jpg,
downloaded,wp-content/uploads/2023/11/nasi-bancakan-350x264.jpg,https://joinkuliner.com/wp-content/uploads/2023/11/nasi-bancakan-350x264.jpg,20240124064525,image/jpeg,28444,dd8ba53e37e00d6116cbcf7392cf91c907bd9319b3af61508259f2188d47dc9f,https://web.archive.org/web/20240124064525id_/https://joinkuliner.com/wp-content/uploads/2023/11/nasi-bancakan-350x264.jpg,
downloaded,wp-content/uploads/2023/11/nasi-bancakan-50x38.jpg,https://joinkuliner.com/wp-content/uploads/2023/11/nasi-bancakan-50x38.jpg,20240124064458,image/jpeg,1753,be4693ea169b4d552eeec843eb35c4ebe888156c328985aad6e4994d6edc6662,https://web.archive.org/web/20240124064458id_/https://joinkuliner.com/wp-content/uploads/2023/11/nasi-bancakan-50x38.jpg,
downloaded,wp-content/uploads/2023/11/nasi-bancakan.jpg,https://joinkuliner.com/wp-content/uploads/2023/11/nasi-bancakan.jpg,20240124064458,image/jpeg,33686,590e5c57dc1734eb7300df6a0f6b4c2e34fdd1e3064d40ff48f2dd2eb640e9f2,https://web.archive.org/web/20240124064458id_/https://joinkuliner.com/wp-content/uploads/2023/11/nasi-bancakan.jpg,
downloaded,wp-content/uploads/2023/11/pancong-rawa-belong-100x56.jpg,https://joinkuliner.com/wp-content/uploads/2023/11/pancong-rawa-belong-100x56.jpg,20240203162502,image/jpeg,2685,e30a9b91e1f4600b1a7c8363a68e7e9bbee7283be5d0947831946847d3883cee,https://web.archive.org/web/20240203162502id_/https://joinkuliner.com/wp-content/uploads/2023/11/pancong-rawa-belong-100x56.jpg,
downloaded,wp-content/uploads/2023/11/pancong-rawa-belong-150x84.jpg,https://joinkuliner.com/wp-content/uploads/2023/11/pancong-rawa-belong-150x84.jpg,20240203162502,image/jpeg,4866,974ef30c6e7fe35be4574667b000bb289bcb861ae4527be22868c0567c505e2d,https://web.archive.org/web/20240203162502id_/https://joinkuliner.com/wp-content/uploads/2023/11/pancong-rawa-belong-150x84.jpg,
downloaded,wp-content/uploads/2023/11/pancong-rawa-belong-200x113.jpg,https://joinkuliner.com/wp-content/uploads/2023/11/pancong-rawa-belong-200x113.jpg,20240203162459,image/jpeg,7647,bf77229d90bac6e1ddab5742342663ec1b88e3850f3a12b47331a895d4a58deb,https://web.archive.org/web/20240203162459id_/https://joinkuliner.com/wp-content/uploads/2023/11/pancong-rawa-belong-200x113.jpg,
downloaded,wp-content/uploads/2023/11/pancong-rawa-belong-250x141.jpg,https://joinkuliner.com/wp-content/uploads/2023/11/pancong-rawa-belong-250x141.jpg,20240203162455,image/jpeg,10725,0a2c5119a00d702aea4fc73ce724f67bf0758170368bb9cd39bb1128261e82ea,https://web.archive.org/web/20240203162455id_/https://joinkuliner.com/wp-content/uploads/2023/11/pancong-rawa-belong-250x141.jpg,
downloaded,wp-content/uploads/2023/11/pancong-rawa-belong-300x169.jpg,https://joinkuliner.com/wp-content/uploads/2023/11/pancong-rawa-belong-300x169.jpg,20240203162520,image/jpeg,14326,9beaf2b898fe98dd6e6ba08808e450c61717172ecd9a79054c02ed473b898698,https://web.archive.org/web/20240203162520id_/https://joinkuliner.com/wp-content/uploads/2023/11/pancong-rawa-belong-300x169.jpg,
downloaded,wp-content/uploads/2023/11/pancong-rawa-belong-350x197.jpg,https://joinkuliner.com/wp-content/uploads/2023/11/pancong-rawa-belong-350x197.jpg,20240203162511,image/jpeg,18114,08c887d473cdf7ce325f691e94e528373cd46744fc4ec995b80a5fbbdcb1c4c9,https://web.archive.org/web/20240203162511id_/https://joinkuliner.com/wp-content/uploads/2023/11/pancong-rawa-belong-350x197.jpg,
downloaded,wp-content/uploads/2023/11/pancong-rawa-belong-400x225.jpg,https://joinkuliner.com/wp-content/uploads/2023/11/pancong-rawa-belong-400x225.jpg,20240203162513,image/jpeg,22915,38de89aeb92a8e08d1d63dc22e71bc8f85c402c951d59b886a384f697b299594,https://web.archive.org/web/20240203162513id_/https://joinkuliner.com/wp-content/uploads/2023/11/pancong-rawa-belong-400x225.jpg,
downloaded,wp-content/uploads/2023/11/pancong-rawa-belong-450x253.jpg,https://joinkuliner.com/wp-content/uploads/2023/11/pancong-rawa-belong-450x253.jpg,20240203162516,image/jpeg,27118,25174ef24e369433ec50d646a8d745dadbfc8753172c36ea54090c92bf3efe9e,https://web.archive.org/web/20240203162516id_/https://joinkuliner.com/wp-content/uploads/2023/11/pancong-rawa-belong-450x253.jpg,
downloaded,wp-content/uploads/2023/11/pancong-rawa-belong-500x281.jpg,https://joinkuliner.com/wp-content/uploads/2023/11/pancong-rawa-belong-500x281.jpg,20240203162523,image/jpeg,31884,3706022f85690bf9be46acf756592a675dce76755583b24f9bddb11f7fef0da4,https://web.archive.org/web/20240203162523id_/https://joinkuliner.com/wp-content/uploads/2023/11/pancong-rawa-belong-500x281.jpg,
downloaded,wp-content/uploads/2023/11/pancong-rawa-belong-50x28.jpg,https://joinkuliner.com/wp-content/uploads/2023/11/pancong-rawa-belong-50x28.jpg,20240203162457,image/jpeg,1299,92aa4098bbf51d431cfc5f5f848a99f13ca141a73ff919cf3a0781970a0a4e59,https://web.archive.org/web/20240203162457id_/https://joinkuliner.com/wp-content/uploads/2023/11/pancong-rawa-belong-50x28.jpg,
downloaded,wp-content/uploads/2023/11/pancong-rawa-belong-550x309.jpg,https://joinkuliner.com/wp-content/uploads/2023/11/pancong-rawa-belong-550x309.jpg,20240203162517,image/jpeg,36933,fdf3991e1f708b44d80ef887ebb585c0c1d7b77a3bc27b75296c6a7e282f977c,https://web.archive.org/web/20240203162517id_/https://joinkuliner.com/wp-content/uploads/2023/11/pancong-rawa-belong-550x309.jpg,
downloaded,wp-content/uploads/2023/11/pancong-rawa-belong-650x366.jpg,https://joinkuliner.com/wp-content/uploads/2023/11/pancong-rawa-belong-650x366.jpg,20240203162514,image/jpeg,47369,0747b2b0ec74379c147b9490504566f52b3d76913e993564f09c1f6ea15cc682,https://web.archive.org/web/20240203162514id_/https://joinkuliner.com/wp-content/uploads/2023/11/pancong-rawa-belong-650x366.jpg,
downloaded,wp-content/uploads/2023/11/pancong-rawa-belong-768x432.jpg,https://joinkuliner.com/wp-content/uploads/2023/11/pancong-rawa-belong-768x432.jpg,20240203162518,image/jpeg,60468,cad8b0a13789db643ed2b4d6b90701012a8f3a246328f64dae59050423684a5e,https://web.archive.org/web/20240203162518id_/https://joinkuliner.com/wp-content/uploads/2023/11/pancong-rawa-belong-768x432.jpg,
downloaded,wp-content/uploads/2023/11/pancong-rawa-belong-800x450.jpg,https://joinkuliner.com/wp-content/uploads/2023/11/pancong-rawa-belong-800x450.jpg,20240203162512,image/jpeg,64960,77194eeefdde2d8b17e8ec2e925498acab37b628fb3283b4e0ba420b5c2c305b,https://web.archive.org/web/20240203162512id_/https://joinkuliner.com/wp-content/uploads/2023/11/pancong-rawa-belong-800x450.jpg,
downloaded,wp-content/uploads/2023/11/pancong-rawa-belong.jpg,https://joinkuliner.com/wp-content/uploads/2023/11/pancong-rawa-belong.jpg,20240203162521,image/jpeg,96926,869977de56f8215ae00b046edaedd438e2631339767c150ad543309bbd139be7,https://web.archive.org/web/20240203162521id_/https://joinkuliner.com/wp-content/uploads/2023/11/pancong-rawa-belong.jpg,
downloaded,wp-content/uploads/2023/11/pempek-palembang-100x80.jpeg,https://joinkuliner.com/wp-content/uploads/2023/11/pempek-palembang-100x80.jpeg,20240227142356,image/jpeg,3417,ab3eb8a5db049a21be95a10607f4cfa0ab1cd19095032a79460dd2b180e1b9bb,https://web.archive.org/web/20240227142356id_/https://joinkuliner.com/wp-content/uploads/2023/11/pempek-palembang-100x80.jpeg,
downloaded,wp-content/uploads/2023/11/pempek-palembang-150x120.jpeg,https://joinkuliner.com/wp-content/uploads/2023/11/pempek-palembang-150x120.jpeg,20240302141901,image/jpeg,5908,3f4d6c3c92c887d2e360783082b0067b1047e848f73253bdbb62a87d957557c3,https://web.archive.org/web/20240302141901id_/https://joinkuliner.com/wp-content/uploads/2023/11/pempek-palembang-150x120.jpeg,
downloaded,wp-content/uploads/2023/11/pempek-palembang-200x160.jpeg,https://joinkuliner.com/wp-content/uploads/2023/11/pempek-palembang-200x160.jpeg,20240227142528,image/jpeg,8930,8a71640f1cfa8f15f83e5612d3cd2bff107cb825c1344ce0d3ae14beffb8a173,https://web.archive.org/web/20240227142528id_/https://joinkuliner.com/wp-content/uploads/2023/11/pempek-palembang-200x160.jpeg,
downloaded,wp-content/uploads/2023/11/pempek-palembang-250x200.jpeg,https://joinkuliner.com/wp-content/uploads/2023/11/pempek-palembang-250x200.jpeg,20240302140326,image/jpeg,12502,187156485922548c83b105eb5890be8ddebfd8c5a4e5d52eacf671360cb588a6,https://web.archive.org/web/20240302140326id_/https://joinkuliner.com/wp-content/uploads/2023/11/pempek-palembang-250x200.jpeg,
downloaded,wp-content/uploads/2023/11/pempek-palembang-300x240.jpeg,https://joinkuliner.com/wp-content/uploads/2023/11/pempek-palembang-300x240.jpeg,20240227142357,image/jpeg,16120,2eb41b3ac382be04d6e20817dd30e7230368ad33706aa212afca4f1452336634,https://web.archive.org/web/20240227142357id_/https://joinkuliner.com/wp-content/uploads/2023/11/pempek-palembang-300x240.jpeg,
downloaded,wp-content/uploads/2023/11/pempek-palembang-350x280.jpeg,https://joinkuliner.com/wp-content/uploads/2023/11/pempek-palembang-350x280.jpeg,20240227142357,image/jpeg,20269,890f958377b745596e232f72352a7bbb0b52610b7cc76bec3d49ad202cbada5d,https://web.archive.org/web/20240227142357id_/https://joinkuliner.com/wp-content/uploads/2023/11/pempek-palembang-350x280.jpeg,
downloaded,wp-content/uploads/2023/11/pempek-palembang-400x320.jpeg,https://joinkuliner.com/wp-content/uploads/2023/11/pempek-palembang-400x320.jpeg,20240227142358,image/jpeg,24600,e29d45ed02f2774442189cff562f03d97b0b15e589d57c24b166152080b362e2,https://web.archive.org/web/20240227142358id_/https://joinkuliner.com/wp-content/uploads/2023/11/pempek-palembang-400x320.jpeg,
downloaded,wp-content/uploads/2023/11/pempek-palembang-450x360.jpeg,https://joinkuliner.com/wp-content/uploads/2023/11/pempek-palembang-450x360.jpeg,20240227142355,image/jpeg,29561,8b9a1a67391791f5db773d6170cdb1964c6921ca8bf467e6ab15a37cfda96c37,https://web.archive.org/web/20240227142355id_/https://joinkuliner.com/wp-content/uploads/2023/11/pempek-palembang-450x360.jpeg,
downloaded,wp-content/uploads/2023/11/pempek-palembang-500x400.jpeg,https://joinkuliner.com/wp-content/uploads/2023/11/pempek-palembang-500x400.jpeg,20240227142352,image/jpeg,35272,2020f67f8be2ad1724341a7723fc34e6128745d4a1ca72c6d7ad500f240ac8d4,https://web.archive.org/web/20240227142352id_/https://joinkuliner.com/wp-content/uploads/2023/11/pempek-palembang-500x400.jpeg,
downloaded,wp-content/uploads/2023/11/pempek-palembang-50x40.jpeg,https://joinkuliner.com/wp-content/uploads/2023/11/pempek-palembang-50x40.jpeg,20240227142355,image/jpeg,1587,d340f79a4528a0990819598effd6b166600ab6ab52b432a0490151574438bbb9,https://web.archive.org/web/20240227142355id_/https://joinkuliner.com/wp-content/uploads/2023/11/pempek-palembang-50x40.jpeg,
downloaded,wp-content/uploads/2023/11/pempek-palembang-550x440.jpeg,https://joinkuliner.com/wp-content/uploads/2023/11/pempek-palembang-550x440.jpeg,20240227142521,image/jpeg,39870,1469d1f2294e6c53de8eb39fe293554d252306f69e831c08e2f757ddc595060b,https://web.archive.org/web/20240227142521id_/https://joinkuliner.com/wp-content/uploads/2023/11/pempek-palembang-550x440.jpeg,
downloaded,wp-content/uploads/2023/11/pempek-palembang-650x520.jpeg,https://joinkuliner.com/wp-content/uploads/2023/11/pempek-palembang-650x520.jpeg,20240302140328,image/jpeg,51028,4475bd034a9c1d8cdb5dc4de080e235b8dcaf83540e87c307c8d9c575d2c045e,https://web.archive.org/web/20240302140328id_/https://joinkuliner.com/wp-content/uploads/2023/11/pempek-palembang-650x520.jpeg,
downloaded,wp-content/uploads/2023/11/pempek-palembang-768x614.jpeg,https://joinkuliner.com/wp-content/uploads/2023/11/pempek-palembang-768x614.jpeg,20240302140330,image/jpeg,65523,9363410ec502b0acda67b6ffa6f360d2cb820376b5f777beb268a7022e573bfe,https://web.archive.org/web/20240302140330id_/https://joinkuliner.com/wp-content/uploads/2023/11/pempek-palembang-768x614.jpeg,
downloaded,wp-content/uploads/2023/11/pempek-palembang-800x640.jpeg,https://joinkuliner.com/wp-content/uploads/2023/11/pempek-palembang-800x640.jpeg,20240227142354,image/jpeg,68809,1b829dedc4524682f09445eb9f7c328d5a34f89532fd624a545c3d5356504b37,https://web.archive.org/web/20240227142354id_/https://joinkuliner.com/wp-content/uploads/2023/11/pempek-palembang-800x640.jpeg,
downloaded,wp-content/uploads/2023/11/pempek-palembang.jpeg,https://joinkuliner.com/wp-content/uploads/2023/11/pempek-palembang.jpeg,20240227142452,image/jpeg,501591,7a01cb41d3bdf6a0e0c832901a97f8661bf719e9b41bae6a1f04194841705cc9,https://web.archive.org/web/20240227142452id_/https://joinkuliner.com/wp-content/uploads/2023/11/pempek-palembang.jpeg,
downloaded,wp-content/uploads/2023/11/pisang-goreng-madu-100x71.jpg,https://joinkuliner.com/wp-content/uploads/2023/11/pisang-goreng-madu-100x71.jpg,20231211144829,image/jpeg,4003,58cc6f2715caaa94016dfa51a73d73d1bb2505e4cf7c4d52cfb0db72ff3bdc01,https://web.archive.org/web/20231211144829id_/https://joinkuliner.com/wp-content/uploads/2023/11/pisang-goreng-madu-100x71.jpg,
downloaded,wp-content/uploads/2023/11/pisang-goreng-madu-200x142.jpg,https://joinkuliner.com/wp-content/uploads/2023/11/pisang-goreng-madu-200x142.jpg,20231211144831,image/jpeg,11442,500a5d091ce6f10cda4c79a92ebebf95755718991262d479d93bcbab758c27a1,https://web.archive.org/web/20231211144831id_/https://joinkuliner.com/wp-content/uploads/2023/11/pisang-goreng-madu-200x142.jpg,
downloaded,wp-content/uploads/2023/11/pisang-goreng-madu-300x213.jpg,https://joinkuliner.com/wp-content/uploads/2023/11/pisang-goreng-madu-300x213.jpg,20231211144833,image/jpeg,22175,1ec0bf0f5ce336a76c6a40e2e75ef1843463e8d69148f71f866753a8785f8a5c,https://web.archive.org/web/20231211144833id_/https://joinkuliner.com/wp-content/uploads/2023/11/pisang-goreng-madu-300x213.jpg,
downloaded,wp-content/uploads/2023/11/pisang-goreng-madu-350x248.jpg,https://joinkuliner.com/wp-content/uploads/2023/11/pisang-goreng-madu-350x248.jpg,20231211144832,image/jpeg,27951,f952897b40345a15ed08ba61aa6bf1561488656a2835410bd4773a297df12528,https://web.archive.org/web/20231211144832id_/https://joinkuliner.com/wp-content/uploads/2023/11/pisang-goreng-madu-350x248.jpg,
downloaded,wp-content/uploads/2023/11/pisang-goreng-madu-450x319.jpg,https://joinkuliner.com/wp-content/uploads/2023/11/pisang-goreng-madu-450x319.jpg,20231211144835,image/jpeg,41740,3e5fda2228445df5458dad721cbfd8c97131a2250ae4e749fbc2adec0a325d5a,https://web.archive.org/web/20231211144835id_/https://joinkuliner.com/wp-content/uploads/2023/11/pisang-goreng-madu-450x319.jpg,
downloaded,wp-content/uploads/2023/11/pisang-goreng-madu-500x354.jpg,https://joinkuliner.com/wp-content/uploads/2023/11/pisang-goreng-madu-500x354.jpg,20231211144832,image/jpeg,49528,7000e74adda2079c78ba56708a45516b29eadb6b6b30204732fd959b9fdcf31e,https://web.archive.org/web/20231211144832id_/https://joinkuliner.com/wp-content/uploads/2023/11/pisang-goreng-madu-500x354.jpg,
downloaded,wp-content/uploads/2023/11/pisang-goreng-madu-50x35.jpg,https://joinkuliner.com/wp-content/uploads/2023/11/pisang-goreng-madu-50x35.jpg,20231211144830,image/jpeg,1770,997c52efd4c2c63418d3141771c8edbe7870eecb1c208322afdda8788412a077,https://web.archive.org/web/20231211144830id_/https://joinkuliner.com/wp-content/uploads/2023/11/pisang-goreng-madu-50x35.jpg,
downloaded,wp-content/uploads/2023/11/pisang-goreng-madu-550x390.jpg,https://joinkuliner.com/wp-content/uploads/2023/11/pisang-goreng-madu-550x390.jpg,20231211144829,image/jpeg,56988,673a7ee15e3d1ac47007834aa068f07fd0bd72abe7d22820b12c7eb895fcbf11,https://web.archive.org/web/20231211144829id_/https://joinkuliner.com/wp-content/uploads/2023/11/pisang-goreng-madu-550x390.jpg,
downloaded,wp-content/uploads/2023/11/pisang-goreng-madu.jpg,https://joinkuliner.com/wp-content/uploads/2023/11/pisang-goreng-madu.jpg,20231211144830,image/jpeg,64909,c7ec64ef913441ea86d7c92d9e5bf9eeaf6b8ded77c09fd3858f54fdeb681ecb,https://web.archive.org/web/20231211144830id_/https://joinkuliner.com/wp-content/uploads/2023/11/pisang-goreng-madu.jpg,
downloaded,wp-content/uploads/2023/11/profil-biodata-fani-pemenang-masterchef-indonesia-season-5-100x56.jpg,https://joinkuliner.com/wp-content/uploads/2023/11/profil-biodata-fani-pemenang-masterchef-indonesia-season-5-100x56.jpg,20231211145401,image/jpeg,3086,123f716adbd1164147260e81e03a638b7578985f76392fcb8f0df29a316749e5,https://web.archive.org/web/20231211145401id_/https://joinkuliner.com/wp-content/uploads/2023/11/profil-biodata-fani-pemenang-masterchef-indonesia-season-5-100x56.jpg,
downloaded,wp-content/uploads/2023/11/profil-biodata-fani-pemenang-masterchef-indonesia-season-5-150x84.jpg,https://joinkuliner.com/wp-content/uploads/2023/11/profil-biodata-fani-pemenang-masterchef-indonesia-season-5-150x84.jpg,20231211145401,image/jpeg,5643,d20a6bae3d93e803260b8fcb50cc72ca28d55b48ff20621360fbe5ef6534ee8a,https://web.archive.org/web/20231211145401id_/https://joinkuliner.com/wp-content/uploads/2023/11/profil-biodata-fani-pemenang-masterchef-indonesia-season-5-150x84.jpg,
downloaded,wp-content/uploads/2023/11/profil-biodata-fani-pemenang-masterchef-indonesia-season-5-200x112.jpg,https://joinkuliner.com/wp-content/uploads/2023/11/profil-biodata-fani-pemenang-masterchef-indonesia-season-5-200x112.jpg,20231211145400,image/jpeg,8588,22779f80f16386a358926745913043befce1129207da82135498f909eae9e18e,https://web.archive.org/web/20231211145400id_/https://joinkuliner.com/wp-content/uploads/2023/11/profil-biodata-fani-pemenang-masterchef-indonesia-season-5-200x112.jpg,
downloaded,wp-content/uploads/2023/11/profil-biodata-fani-pemenang-masterchef-indonesia-season-5-250x140.jpg,https://joinkuliner.com/wp-content/uploads/2023/11/profil-biodata-fani-pemenang-masterchef-indonesia-season-5-250x140.jpg,20231211145411,image/jpeg,12351,79308176a41d59ba5be9263288bce37ef069ff6c8f456ce5efb834f63571741f,https://web.archive.org/web/20231211145411id_/https://joinkuliner.com/wp-content/uploads/2023/11/profil-biodata-fani-pemenang-masterchef-indonesia-season-5-250x140.jpg,
downloaded,wp-content/uploads/2023/11/profil-biodata-fani-pemenang-masterchef-indonesia-season-5-300x168.jpg,https://joinkuliner.com/wp-content/uploads/2023/11/profil-biodata-fani-pemenang-masterchef-indonesia-season-5-300x168.jpg,20231211145408,image/jpeg,16224,ae4511bce9e78d9497408c2389dcdfa4fe40d0536a159a2a476c548836913a04,https://web.archive.org/web/20231211145408id_/https://joinkuliner.com/wp-content/uploads/2023/11/profil-biodata-fani-pemenang-masterchef-indonesia-season-5-300x168.jpg,
downloaded,wp-content/uploads/2023/11/profil-biodata-fani-pemenang-masterchef-indonesia-season-5-350x197.jpg,https://joinkuliner.com/wp-content/uploads/2023/11/profil-biodata-fani-pemenang-masterchef-indonesia-season-5-350x197.jpg,20231211145359,image/jpeg,21013,b2673a76eec93138c72015e9f0cb64dd8c0dfc7fd1ea94842502cc83d55ac025,https://web.archive.org/web/20231211145359id_/https://joinkuliner.com/wp-content/uploads/2023/11/profil-biodata-fani-pemenang-masterchef-indonesia-season-5-350x197.jpg,
downloaded,wp-content/uploads/2023/11/profil-biodata-fani-pemenang-masterchef-indonesia-season-5-400x225.jpg,https://joinkuliner.com/wp-content/uploads/2023/11/profil-biodata-fani-pemenang-masterchef-indonesia-season-5-400x225.jpg,20231211145358,image/jpeg,25117,d7afe6d1ba3919657f033affe6126e90b307ce643130220bf3790c328a5b04b9,https://web.archive.org/web/20231211145358id_/https://joinkuliner.com/wp-content/uploads/2023/11/profil-biodata-fani-pemenang-masterchef-indonesia-season-5-400x225.jpg,
downloaded,wp-content/uploads/2023/11/profil-biodata-fani-pemenang-masterchef-indonesia-season-5-450x253.jpg,https://joinkuliner.com/wp-content/uploads/2023/11/profil-biodata-fani-pemenang-masterchef-indonesia-season-5-450x253.jpg,20231211145400,image/jpeg,30202,0d7c3aeec46a4b707b148b97581407b13e47d216cf59fc33ec77906e1e09c201,https://web.archive.org/web/20231211145400id_/https://joinkuliner.com/wp-content/uploads/2023/11/profil-biodata-fani-pemenang-masterchef-indonesia-season-5-450x253.jpg,
downloaded,wp-content/uploads/2023/11/profil-biodata-fani-pemenang-masterchef-indonesia-season-5-500x281.jpg,https://joinkuliner.com/wp-content/uploads/2023/11/profil-biodata-fani-pemenang-masterchef-indonesia-season-5-500x281.jpg,20231211145409,image/jpeg,35667,5e384c944e3384fe0e1bbfe745a28dfda78153b7db3c3feaa1452f524a33a394,https://web.archive.org/web/20231211145409id_/https://joinkuliner.com/wp-content/uploads/2023/11/profil-biodata-fani-pemenang-masterchef-indonesia-season-5-500x281.jpg,
downloaded,wp-content/uploads/2023/11/profil-biodata-fani-pemenang-masterchef-indonesia-season-5-50x28.jpg,https://joinkuliner.com/wp-content/uploads/2023/11/profil-biodata-fani-pemenang-masterchef-indonesia-season-5-50x28.jpg,20231211145405,image/jpeg,1427,9f16f0c866205bcc50ae2234cef2518353a2b91ac71c78a7427eb49450159e2d,https://web.archive.org/web/20231211145405id_/https://joinkuliner.com/wp-content/uploads/2023/11/profil-biodata-fani-pemenang-masterchef-indonesia-season-5-50x28.jpg,
downloaded,wp-content/uploads/2023/11/profil-biodata-fani-pemenang-masterchef-indonesia-season-5-550x309.jpg,https://joinkuliner.com/wp-content/uploads/2023/11/profil-biodata-fani-pemenang-masterchef-indonesia-season-5-550x309.jpg,20231211145359,image/jpeg,41105,f158ad1acab1b0c889967a23f688be9fb75a48db827f3be854b60f4879e29ccb,https://web.archive.org/web/20231211145359id_/https://joinkuliner.com/wp-content/uploads/2023/11/profil-biodata-fani-pemenang-masterchef-indonesia-season-5-550x309.jpg,
downloaded,wp-content/uploads/2023/11/profil-biodata-fani-pemenang-masterchef-indonesia-season-5-650x365.jpg,https://joinkuliner.com/wp-content/uploads/2023/11/profil-biodata-fani-pemenang-masterchef-indonesia-season-5-650x365.jpg,20231211145410,image/jpeg,52559,b936013b8c42e326a01e9db923c03934152bd26be814ec4cf7eae904f3510f37,https://web.archive.org/web/20231211145410id_/https://joinkuliner.com/wp-content/uploads/2023/11/profil-biodata-fani-pemenang-masterchef-indonesia-season-5-650x365.jpg,
downloaded,wp-content/uploads/2023/11/profil-biodata-fani-pemenang-masterchef-indonesia-season-5.jpg,https://joinkuliner.com/wp-content/uploads/2023/11/profil-biodata-fani-pemenang-masterchef-indonesia-season-5.jpg,20240227142419,image/jpeg,52368,f490c9fe985f6e0dc1af8103443c3fcec56f9326bcde85964ceefbab39b92257,https://web.archive.org/web/20240227142419id_/https://joinkuliner.com/wp-content/uploads/2023/11/profil-biodata-fani-pemenang-masterchef-indonesia-season-5.jpg,
downloaded,wp-content/uploads/2023/11/randang-100x67.jpg,https://joinkuliner.com/wp-content/uploads/2023/11/randang-100x67.jpg,20231228083150,image/jpeg,3315,ba03aa74f7c3e49317d4d5c3857d89ce830c0cd0b235d7e229fba8ebe3e0934a,https://web.archive.org/web/20231228083150id_/https://joinkuliner.com/wp-content/uploads/2023/11/randang-100x67.jpg,
downloaded,wp-content/uploads/2023/11/randang-150x100.jpg,https://joinkuliner.com/wp-content/uploads/2023/11/randang-150x100.jpg,20231228083159,image/jpeg,5921,8750a485cf020e57441c38ac6d10823115eec832b4a8cd59576913706eab6157,https://web.archive.org/web/20231228083159id_/https://joinkuliner.com/wp-content/uploads/2023/11/randang-150x100.jpg,
downloaded,wp-content/uploads/2023/11/randang-200x133.jpg,https://joinkuliner.com/wp-content/uploads/2023/11/randang-200x133.jpg,20231228083151,image/jpeg,9109,43f3120f8cfa89ca57670c3c3f623d60c040c60bb231d1b7f4fc0e328ca60be6,https://web.archive.org/web/20231228083151id_/https://joinkuliner.com/wp-content/uploads/2023/11/randang-200x133.jpg,
downloaded,wp-content/uploads/2023/11/randang-250x167.jpg,https://joinkuliner.com/wp-content/uploads/2023/11/randang-250x167.jpg,20231228083157,image/jpeg,13221,b1c546366111445a2f1fd45689aaa7af4e296eb7664543fce8e03a8c16d60f83,https://web.archive.org/web/20231228083157id_/https://joinkuliner.com/wp-content/uploads/2023/11/randang-250x167.jpg,
downloaded,wp-content/uploads/2023/11/randang-300x200.jpg,https://joinkuliner.com/wp-content/uploads/2023/11/randang-300x200.jpg,20231228083148,image/jpeg,17582,ec23e7761a742c3e59410c100c2aba067c091cd264be06873a61ae203f128652,https://web.archive.org/web/20231228083148id_/https://joinkuliner.com/wp-content/uploads/2023/11/randang-300x200.jpg,
downloaded,wp-content/uploads/2023/11/randang-350x233.jpg,https://joinkuliner.com/wp-content/uploads/2023/11/randang-350x233.jpg,20231228083150,image/jpeg,22441,210ed434de560d03ca39b1403f43a0971f69d883a18be8c00cc10a583d0a6de4,https://web.archive.org/web/20231228083150id_/https://joinkuliner.com/wp-content/uploads/2023/11/randang-350x233.jpg,
downloaded,wp-content/uploads/2023/11/randang-400x267.jpg,https://joinkuliner.com/wp-content/uploads/2023/11/randang-400x267.jpg,20231228083201,image/jpeg,27575,359bded027dca25bc865d219cabbdc3776a4f30c57b2602ea0b11ac2e189c4e9,https://web.archive.org/web/20231228083201id_/https://joinkuliner.com/wp-content/uploads/2023/11/randang-400x267.jpg,
downloaded,wp-content/uploads/2023/11/randang-450x300.jpg,https://joinkuliner.com/wp-content/uploads/2023/11/randang-450x300.jpg,20231228083151,image/jpeg,33477,456ad45f41b48182361ec682d05db71ac62d9bb503d1aed45175bb0c25039c34,https://web.archive.org/web/20231228083151id_/https://joinkuliner.com/wp-content/uploads/2023/11/randang-450x300.jpg,
downloaded,wp-content/uploads/2023/11/randang-500x333.jpg,https://joinkuliner.com/wp-content/uploads/2023/11/randang-500x333.jpg,20231228083203,image/jpeg,39427,8675c2ffb782707dd2a6fd08bc792cc5b1543ae8e8d8d31a132d6310f2b4f7c5,https://web.archive.org/web/20231228083203id_/https://joinkuliner.com/wp-content/uploads/2023/11/randang-500x333.jpg,
downloaded,wp-content/uploads/2023/11/randang-50x33.jpg,https://joinkuliner.com/wp-content/uploads/2023/11/randang-50x33.jpg,20231228083203,image/jpeg,1507,2ffd6ecd925ce3cc0f9471410a23367ae8e7c6c8fbcd005a0213ffbbf929797e,https://web.archive.org/web/20231228083203id_/https://joinkuliner.com/wp-content/uploads/2023/11/randang-50x33.jpg,
downloaded,wp-content/uploads/2023/11/randang-550x367.jpg,https://joinkuliner.com/wp-content/uploads/2023/11/randang-550x367.jpg,20231228083158,image/jpeg,45412,583e0667b27d1d735190b38bf55126c7c072e766812ac449b2e61355ec8cb2dc,https://web.archive.org/web/20231228083158id_/https://joinkuliner.com/wp-content/uploads/2023/11/randang-550x367.jpg,
downloaded,wp-content/uploads/2023/11/randang-650x434.jpg,https://joinkuliner.com/wp-content/uploads/2023/11/randang-650x434.jpg,20231228083200,image/jpeg,59420,e7a29b206d19068e605b61d046043e7a6e5a063c2f9b16eee21029bc2cb4ca36,https://web.archive.org/web/20231228083200id_/https://joinkuliner.com/wp-content/uploads/2023/11/randang-650x434.jpg,
downloaded,wp-content/uploads/2023/11/randang-768x512.jpg,https://joinkuliner.com/wp-content/uploads/2023/11/randang-768x512.jpg,20231228083201,image/jpeg,76696,82093df500561dc5e08aab46d32d6d745f31c8b3bed04f44fcf19d53bf981ca2,https://web.archive.org/web/20231228083201id_/https://joinkuliner.com/wp-content/uploads/2023/11/randang-768x512.jpg,
downloaded,wp-content/uploads/2023/11/randang-800x534.jpg,https://joinkuliner.com/wp-content/uploads/2023/11/randang-800x534.jpg,20231228083201,image/jpeg,81321,7d28daf1716b5f5ffc8f5cad7005cd5eb0d0c5f17f3e07ce3e87955215af874d,https://web.archive.org/web/20231228083201id_/https://joinkuliner.com/wp-content/uploads/2023/11/randang-800x534.jpg,
downloaded,wp-content/uploads/2023/11/randang.jpg,https://joinkuliner.com/wp-content/uploads/2023/11/randang.jpg,20231228083155,image/jpeg,126469,7c02f31e781b77c9fff844a5bf13ea5a30ee13081a96e9d3a8c63a51340598cd,https://web.archive.org/web/20231228083155id_/https://joinkuliner.com/wp-content/uploads/2023/11/randang.jpg,
downloaded,wp-content/uploads/2023/11/red-bull-100x100.jpg,https://joinkuliner.com/wp-content/uploads/2023/11/red-bull-100x100.jpg,20231211143229,image/jpeg,3071,ba1467650aa9fc8cdd8ac1831d45eaf8415008c70dfaafdf75c98fe27d8b3578,https://web.archive.org/web/20231211143229id_/https://joinkuliner.com/wp-content/uploads/2023/11/red-bull-100x100.jpg,
downloaded,wp-content/uploads/2023/11/red-bull-150x150.jpg,https://joinkuliner.com/wp-content/uploads/2023/11/red-bull-150x150.jpg,20231211143215,image/jpeg,5130,3a62a7b9e588abf91054021f00e68f913e589035e1fb8198f60521efda704944,https://web.archive.org/web/20231211143215id_/https://joinkuliner.com/wp-content/uploads/2023/11/red-bull-150x150.jpg,
downloaded,wp-content/uploads/2023/11/red-bull-200x200.jpg,https://joinkuliner.com/wp-content/uploads/2023/11/red-bull-200x200.jpg,20231211143215,image/jpeg,7022,08c19c5f4f28087cfaeb98fa8e667416eddf6ca68014cad844b8415871b9abe6,https://web.archive.org/web/20231211143215id_/https://joinkuliner.com/wp-content/uploads/2023/11/red-bull-200x200.jpg,
downloaded,wp-content/uploads/2023/11/red-bull-250x250.jpg,https://joinkuliner.com/wp-content/uploads/2023/11/red-bull-250x250.jpg,20231211143228,image/jpeg,9727,c1cb1003fe0143b66dde2c5940349b9837defbe2bba3dc87519f45c2fb21b607,https://web.archive.org/web/20231211143228id_/https://joinkuliner.com/wp-content/uploads/2023/11/red-bull-250x250.jpg,
downloaded,wp-content/uploads/2023/11/red-bull-300x300.jpg,https://joinkuliner.com/wp-content/uploads/2023/11/red-bull-300x300.jpg,20231211143216,image/jpeg,12087,3ea886bb9f12ee74939c2ab21af7c3ecd8000f248f74f71b9d900ed0eb81ab6f,https://web.archive.org/web/20231211143216id_/https://joinkuliner.com/wp-content/uploads/2023/11/red-bull-300x300.jpg,
downloaded,wp-content/uploads/2023/11/red-bull-350x350.jpg,https://joinkuliner.com/wp-content/uploads/2023/11/red-bull-350x350.jpg,20231211143230,image/jpeg,14297,f71a6bf7f367f164e55458c8bc205cb30a468534489b9a5d10bb300a4461d65d,https://web.archive.org/web/20231211143230id_/https://joinkuliner.com/wp-content/uploads/2023/11/red-bull-350x350.jpg,
downloaded,wp-content/uploads/2023/11/red-bull-400x400.jpg,https://joinkuliner.com/wp-content/uploads/2023/11/red-bull-400x400.jpg,20231211143217,image/jpeg,16465,b2509888511b8762ef45bd56a193b40f15d0474947d7ad1885fb2228ae7a8369,https://web.archive.org/web/20231211143217id_/https://joinkuliner.com/wp-content/uploads/2023/11/red-bull-400x400.jpg,
downloaded,wp-content/uploads/2023/11/red-bull-450x450.jpg,https://joinkuliner.com/wp-content/uploads/2023/11/red-bull-450x450.jpg,20231211143231,image/jpeg,19876,d04199888960b395f1e9d64c4d1b4948bee02d002d6b9afe6fd9e7341cebd81b,https://web.archive.org/web/20231211143231id_/https://joinkuliner.com/wp-content/uploads/2023/11/red-bull-450x450.jpg,
downloaded,wp-content/uploads/2023/11/red-bull-50x50.jpg,https://joinkuliner.com/wp-content/uploads/2023/11/red-bull-50x50.jpg,20231211143227,image/jpeg,1591,e16159242715d5c2ef0981d366ba14ad240768b0aa5b19ecda8e048ced6c6f08,https://web.archive.org/web/20231211143227id_/https://joinkuliner.com/wp-content/uploads/2023/11/red-bull-50x50.jpg,
downloaded,wp-content/uploads/2023/11/red-bull-650x650.jpg,https://joinkuliner.com/wp-content/uploads/2023/11/red-bull-650x650.jpg,20231211143214,image/jpeg,30317,1beaa7d8c5403a439b504795bc6adc2d05c302fd38791311c03c64c132084af3,https://web.archive.org/web/20231211143214id_/https://joinkuliner.com/wp-content/uploads/2023/11/red-bull-650x650.jpg,
downloaded,wp-content/uploads/2023/11/red-bull-768x768.jpg,https://joinkuliner.com/wp-content/uploads/2023/11/red-bull-768x768.jpg,20231211143216,image/jpeg,36822,d97cff8c1b8af41365738d966916cb3bc89b8278b8cfcaa66536cf0db2587992,https://web.archive.org/web/20231211143216id_/https://joinkuliner.com/wp-content/uploads/2023/11/red-bull-768x768.jpg,
downloaded,wp-content/uploads/2023/11/red-bull-800x800.jpg,https://joinkuliner.com/wp-content/uploads/2023/11/red-bull-800x800.jpg,20231211143249,image/jpeg,38228,812d4b6b65f854c698336d91714e2e0cfd614fbad440eacdc8cde962c9746f22,https://web.archive.org/web/20231211143249id_/https://joinkuliner.com/wp-content/uploads/2023/11/red-bull-800x800.jpg,
downloaded,wp-content/uploads/2023/11/red-bull.jpg,https://joinkuliner.com/wp-content/uploads/2023/11/red-bull.jpg,20231211143248,image/jpeg,54715,1096f47bd991d6f68690d81ae92f75146e939a4423ba92e076940c1ee2a68660,https://web.archive.org/web/20231211143248id_/https://joinkuliner.com/wp-content/uploads/2023/11/red-bull.jpg,
downloaded,wp-content/uploads/2023/11/soto-ahmad-jais-100x100.jpg,https://joinkuliner.com/wp-content/uploads/2023/11/soto-ahmad-jais-100x100.jpg,20240227142606,image/jpeg,4307,581693730891be829541e6e617c1508cc224bf816c18bc002ff0f08329a07d06,https://web.archive.org/web/20240227142606id_/https://joinkuliner.com/wp-content/uploads/2023/11/soto-ahmad-jais-100x100.jpg,
downloaded,wp-content/uploads/2023/11/soto-ahmad-jais-150x150.jpg,https://joinkuliner.com/wp-content/uploads/2023/11/soto-ahmad-jais-150x150.jpg,20240229105359,image/jpeg,7677,4ec0d3036716e6ce48709b3d492c3b7b384536706e4a6e902e593ea2807ed0b0,https://web.archive.org/web/20240229105359id_/https://joinkuliner.com/wp-content/uploads/2023/11/soto-ahmad-jais-150x150.jpg,
downloaded,wp-content/uploads/2023/11/soto-ahmad-jais-200x200.jpg,https://joinkuliner.com/wp-content/uploads/2023/11/soto-ahmad-jais-200x200.jpg,20240227142428,image/jpeg,11697,3f0fd68b0c6e114bd5bc326cc38172218eff98cd23044dd730417afde5c73879,https://web.archive.org/web/20240227142428id_/https://joinkuliner.com/wp-content/uploads/2023/11/soto-ahmad-jais-200x200.jpg,
downloaded,wp-content/uploads/2023/11/soto-ahmad-jais-250x250.jpg,https://joinkuliner.com/wp-content/uploads/2023/11/soto-ahmad-jais-250x250.jpg,20240227142428,image/jpeg,16666,097248debf16e144b646d869626a760281073569b61126934d6b4b45082e5693,https://web.archive.org/web/20240227142428id_/https://joinkuliner.com/wp-content/uploads/2023/11/soto-ahmad-jais-250x250.jpg,
downloaded,wp-content/uploads/2023/11/soto-ahmad-jais-300x300.jpg,https://joinkuliner.com/wp-content/uploads/2023/11/soto-ahmad-jais-300x300.jpg,20240227142427,image/jpeg,22781,04c292a1e0607f733cbfeef39836b8ea5009d0c5bc88bb58f2ec75791fbf4c65,https://web.archive.org/web/20240227142427id_/https://joinkuliner.com/wp-content/uploads/2023/11/soto-ahmad-jais-300x300.jpg,
downloaded,wp-content/uploads/2023/11/soto-ahmad-jais-350x350.jpg,https://joinkuliner.com/wp-content/uploads/2023/11/soto-ahmad-jais-350x350.jpg,20240227142429,image/jpeg,27841,ea784d815cf7f40b8aa499a9105011c81bd65d50074fa90975508c1aea93b1cd,https://web.archive.org/web/20240227142429id_/https://joinkuliner.com/wp-content/uploads/2023/11/soto-ahmad-jais-350x350.jpg,
downloaded,wp-content/uploads/2023/11/soto-ahmad-jais-400x400.jpg,https://joinkuliner.com/wp-content/uploads/2023/11/soto-ahmad-jais-400x400.jpg,20240227142621,image/jpeg,34327,9763c59e246d0558503b7f72f6dc8e8b39aa8a89f34cd2b0b5a8ff4671bd9cc1,https://web.archive.org/web/20240227142621id_/https://joinkuliner.com/wp-content/uploads/2023/11/soto-ahmad-jais-400x400.jpg,
downloaded,wp-content/uploads/2023/11/soto-ahmad-jais-450x450.jpg,https://joinkuliner.com/wp-content/uploads/2023/11/soto-ahmad-jais-450x450.jpg,20240227142430,image/jpeg,42074,974810feb0881bd91df3a54cdc938855c60178da6d8a533d59779a8ea52c46f7,https://web.archive.org/web/20240227142430id_/https://joinkuliner.com/wp-content/uploads/2023/11/soto-ahmad-jais-450x450.jpg,
downloaded,wp-content/uploads/2023/11/soto-ahmad-jais-500x500.jpg,https://joinkuliner.com/wp-content/uploads/2023/11/soto-ahmad-jais-500x500.jpg,20240227142433,image/jpeg,48873,3cc0b79d8cc378e795bff92b74a043d224d6545fa164d7406168f16dafc37048,https://web.archive.org/web/20240227142433id_/https://joinkuliner.com/wp-content/uploads/2023/11/soto-ahmad-jais-500x500.jpg,
downloaded,wp-content/uploads/2023/11/soto-ahmad-jais-50x50.jpg,https://joinkuliner.com/wp-content/uploads/2023/11/soto-ahmad-jais-50x50.jpg,20240227142542,image/jpeg,1914,1e87627a432f0f0e8ed79345981b9c5442c5aa3ef322b10fb4d9382a82b8ce9b,https://web.archive.org/web/20240227142542id_/https://joinkuliner.com/wp-content/uploads/2023/11/soto-ahmad-jais-50x50.jpg,
downloaded,wp-content/uploads/2023/11/soto-ahmad-jais-550x550.jpg,https://joinkuliner.com/wp-content/uploads/2023/11/soto-ahmad-jais-550x550.jpg,20240227142429,image/jpeg,56355,34c0dfa041242ddde355d90ef372308a9497429f140f621f4d9e338a96ece3bd,https://web.archive.org/web/20240227142429id_/https://joinkuliner.com/wp-content/uploads/2023/11/soto-ahmad-jais-550x550.jpg,
downloaded,wp-content/uploads/2023/11/soto-ahmad-jais.jpg,https://joinkuliner.com/wp-content/uploads/2023/11/soto-ahmad-jais.jpg,20240227142556,image/jpeg,73232,79c7511ed13a252e042ed39c89527bea47ab25b48b3e8b204db96417711a8dc4,https://web.archive.org/web/20240227142556id_/https://joinkuliner.com/wp-content/uploads/2023/11/soto-ahmad-jais.jpg,
downloaded,wp-content/uploads/2023/11/soto-cakhar-100x75.jpg,https://joinkuliner.com/wp-content/uploads/2023/11/soto-cakhar-100x75.jpg,20241204035246,image/jpeg,3945,93dcc7fb16bced70119c61ea4f14b286c22dfd17b7232241fb95f2c53b634303,https://web.archive.org/web/20241204035246id_/https://joinkuliner.com/wp-content/uploads/2023/11/soto-cakhar-100x75.jpg,
downloaded,wp-content/uploads/2023/11/soto-cakhar-150x113.jpg,https://joinkuliner.com/wp-content/uploads/2023/11/soto-cakhar-150x113.jpg,20250811010036,image/jpeg,7242,948a5b7865b22c25af0f81a959ef9aa6948da71b70614d0296d11190d31d046d,https://web.archive.org/web/20250811010036id_/https://joinkuliner.com/wp-content/uploads/2023/11/soto-cakhar-150x113.jpg,
downloaded,wp-content/uploads/2023/11/soto-cakhar-200x151.jpg,https://joinkuliner.com/wp-content/uploads/2023/11/soto-cakhar-200x151.jpg,20241204043731,image/jpeg,11353,661e73595cb9a6b9412b9d0d73b375ca74bc46e8e7982d37ce3785222095ef61,https://web.archive.org/web/20241204043731id_/https://joinkuliner.com/wp-content/uploads/2023/11/soto-cakhar-200x151.jpg,
downloaded,wp-content/uploads/2023/11/soto-cakhar-250x188.jpg,https://joinkuliner.com/wp-content/uploads/2023/11/soto-cakhar-250x188.jpg,20241204043815,image/jpeg,16513,58e999abdb05c9cfd334e6730674e1a046d15e524bfd0b7263da9f5c530a7c49,https://web.archive.org/web/20241204043815id_/https://joinkuliner.com/wp-content/uploads/2023/11/soto-cakhar-250x188.jpg,
downloaded,wp-content/uploads/2023/11/soto-cakhar-300x226.jpg,https://joinkuliner.com/wp-content/uploads/2023/11/soto-cakhar-300x226.jpg,20241204035159,image/jpeg,22281,961615aba91196902b745bdd050c7293db3d0ee73455b49becf513666ce3b759,https://web.archive.org/web/20241204035159id_/https://joinkuliner.com/wp-content/uploads/2023/11/soto-cakhar-300x226.jpg,
downloaded,wp-content/uploads/2023/11/soto-cakhar-350x264.jpg,https://joinkuliner.com/wp-content/uploads/2023/11/soto-cakhar-350x264.jpg,20241204035345,image/jpeg,28232,886a36dfaec0d022e1408a591c256c4e50ab1abfd1bfaa3dd5808c6cd0416e16,https://web.archive.org/web/20241204035345id_/https://joinkuliner.com/wp-content/uploads/2023/11/soto-cakhar-350x264.jpg,
downloaded,wp-content/uploads/2023/11/soto-cakhar-50x38.jpg,https://joinkuliner.com/wp-content/uploads/2023/11/soto-cakhar-50x38.jpg,20250403074248,image/jpeg,1686,6c5af3118c1429a81bbd47ef23f38bfe897503fe2590124d0108ae1cca367c1f,https://web.archive.org/web/20250403074248id_/https://joinkuliner.com/wp-content/uploads/2023/11/soto-cakhar-50x38.jpg,
downloaded,wp-content/uploads/2023/11/soto-cakhar.jpg,https://joinkuliner.com/wp-content/uploads/2023/11/soto-cakhar.jpg,20241204035038,image/jpeg,33473,38654925a01a829e2fcbbf903a98fdd860666d2b6023f63fa68625f19cfa262d,https://web.archive.org/web/20241204035038id_/https://joinkuliner.com/wp-content/uploads/2023/11/soto-cakhar.jpg,
downloaded,wp-content/uploads/2023/11/telur-gulung-100x100.jpg,https://joinkuliner.com/wp-content/uploads/2023/11/telur-gulung-100x100.jpg,20231211145426,image/jpeg,4656,06ba22677cc94c91cdcebee7bdd4093cf473c5dafe8ebef1c8991495037ab9b0,https://web.archive.org/web/20231211145426id_/https://joinkuliner.com/wp-content/uploads/2023/11/telur-gulung-100x100.jpg,
downloaded,wp-content/uploads/2023/11/telur-gulung-150x150.jpg,https://joinkuliner.com/wp-content/uploads/2023/11/telur-gulung-150x150.jpg,20231211145420,image/jpeg,8340,60655c7e93b9c0b23f785332d2e08cb52e1022e75a769eadb8b841d53e28b9de,https://web.archive.org/web/20231211145420id_/https://joinkuliner.com/wp-content/uploads/2023/11/telur-gulung-150x150.jpg,
downloaded,wp-content/uploads/2023/11/telur-gulung-200x200.jpg,https://joinkuliner.com/wp-content/uploads/2023/11/telur-gulung-200x200.jpg,20231211145418,image/jpeg,13116,4016ebdf14d08f2f46887504747462847e95abb7b787e057a49d46a546075eb9,https://web.archive.org/web/20231211145418id_/https://joinkuliner.com/wp-content/uploads/2023/11/telur-gulung-200x200.jpg,
downloaded,wp-content/uploads/2023/11/telur-gulung-250x250.jpg,https://joinkuliner.com/wp-content/uploads/2023/11/telur-gulung-250x250.jpg,20231211145432,image/jpeg,19090,99a37ebc62caa6c1af458c60f23dea3126a16355aa6ea955ae9b278f78b72586,https://web.archive.org/web/20231211145432id_/https://joinkuliner.com/wp-content/uploads/2023/11/telur-gulung-250x250.jpg,
downloaded,wp-content/uploads/2023/11/telur-gulung-300x300.jpg,https://joinkuliner.com/wp-content/uploads/2023/11/telur-gulung-300x300.jpg,20231211145427,image/jpeg,25771,767532be89bee7c8a1023e71a0fe4fdb6a19f184e9ab2d8b3c2c372375a70d61,https://web.archive.org/web/20231211145427id_/https://joinkuliner.com/wp-content/uploads/2023/11/telur-gulung-300x300.jpg,
downloaded,wp-content/uploads/2023/11/telur-gulung-350x350.jpg,https://joinkuliner.com/wp-content/uploads/2023/11/telur-gulung-350x350.jpg,20231211145418,image/jpeg,32980,432ae405c94477d784981f04fb88942a59f0cd87d43a0c46a62a537954170d08,https://web.archive.org/web/20231211145418id_/https://joinkuliner.com/wp-content/uploads/2023/11/telur-gulung-350x350.jpg,
downloaded,wp-content/uploads/2023/11/telur-gulung-400x400.jpg,https://joinkuliner.com/wp-content/uploads/2023/11/telur-gulung-400x400.jpg,20231211145419,image/jpeg,40909,58345abb7845a00b0fc64fc8e2b087a9f1227cc18743be02b9f39f8097072c6f,https://web.archive.org/web/20231211145419id_/https://joinkuliner.com/wp-content/uploads/2023/11/telur-gulung-400x400.jpg,
downloaded,wp-content/uploads/2023/11/telur-gulung-450x450.jpg,https://joinkuliner.com/wp-content/uploads/2023/11/telur-gulung-450x450.jpg,20231211145428,image/jpeg,51070,3651f3bd305fb497ac3a03849099707eb34cd1a4f58a3cc7232744319bcf0d4e,https://web.archive.org/web/20231211145428id_/https://joinkuliner.com/wp-content/uploads/2023/11/telur-gulung-450x450.jpg,
downloaded,wp-content/uploads/2023/11/telur-gulung-500x500.jpg,https://joinkuliner.com/wp-content/uploads/2023/11/telur-gulung-500x500.jpg,20231211145419,image/jpeg,60769,b49548a6a732afe99ef5ca08d88cd9636ca9df4e3c16dac6988015255d3c4aa5,https://web.archive.org/web/20231211145419id_/https://joinkuliner.com/wp-content/uploads/2023/11/telur-gulung-500x500.jpg,
downloaded,wp-content/uploads/2023/11/telur-gulung-50x50.jpg,https://joinkuliner.com/wp-content/uploads/2023/11/telur-gulung-50x50.jpg,20231211145417,image/jpeg,1931,f3b96c7618984cef3a33c860186dc48cd1b7a4e256f3049442458fb663ef3a94,https://web.archive.org/web/20231211145417id_/https://joinkuliner.com/wp-content/uploads/2023/11/telur-gulung-50x50.jpg,
downloaded,wp-content/uploads/2023/11/telur-gulung-550x550.jpg,https://joinkuliner.com/wp-content/uploads/2023/11/telur-gulung-550x550.jpg,20231211145429,image/jpeg,70897,b3ca4efb36f8fe7b8cbc4869c5200a80084efc9edb1e9e07feccccbbd3538d4a,https://web.archive.org/web/20231211145429id_/https://joinkuliner.com/wp-content/uploads/2023/11/telur-gulung-550x550.jpg,
downloaded,wp-content/uploads/2023/11/telur-gulung-650x650.jpg,https://joinkuliner.com/wp-content/uploads/2023/11/telur-gulung-650x650.jpg,20231211145430,image/jpeg,94764,819fa8674908a17d26b8d1ffb48662419a1fc71c72b6646aada11479176fab99,https://web.archive.org/web/20231211145430id_/https://joinkuliner.com/wp-content/uploads/2023/11/telur-gulung-650x650.jpg,
downloaded,wp-content/uploads/2023/11/telur-gulung-768x768.jpg,https://joinkuliner.com/wp-content/uploads/2023/11/telur-gulung-768x768.jpg,20231211145416,image/jpeg,124814,5318228a18775a642690a135ed009ba0d242e93f877c0860567429327ead2192,https://web.archive.org/web/20231211145416id_/https://joinkuliner.com/wp-content/uploads/2023/11/telur-gulung-768x768.jpg,
downloaded,wp-content/uploads/2023/11/telur-gulung-800x800.jpg,https://joinkuliner.com/wp-content/uploads/2023/11/telur-gulung-800x800.jpg,20231211145421,image/jpeg,134091,05e0548882f3ba32721ac2053e774dab682faa7853b564de11d34972df43cc50,https://web.archive.org/web/20231211145421id_/https://joinkuliner.com/wp-content/uploads/2023/11/telur-gulung-800x800.jpg,
downloaded,wp-content/uploads/2023/11/telur-gulung.jpg,https://joinkuliner.com/wp-content/uploads/2023/11/telur-gulung.jpg,20231211145420,image/jpeg,1369876,24613b863ae9e2aeb4c428c9e2275624bd4c567a3ec5475f9e354de1ecd9d1e7,https://web.archive.org/web/20231211145420id_/https://joinkuliner.com/wp-content/uploads/2023/11/telur-gulung.jpg,
downloaded,wp-content/uploads/2023/11/tteobbokki-1-100x133.jpg,https://joinkuliner.com/wp-content/uploads/2023/11/tteobbokki-1-100x133.jpg,20231226145536,image/jpeg,5398,c5ecf4f10045750dfc4b230e4a7ab3dde90d187efffff93e7d899ebd675c27b2,https://web.archive.org/web/20231226145536id_/https://joinkuliner.com/wp-content/uploads/2023/11/tteobbokki-1-100x133.jpg,
downloaded,wp-content/uploads/2023/11/tteobbokki-1-150x200.jpg,https://joinkuliner.com/wp-content/uploads/2023/11/tteobbokki-1-150x200.jpg,20231227112346,image/jpeg,9837,d3abcf7b28a198ba9887deb9fb4518c48da9cb1f8112c7a032b654dc41bb9192,https://web.archive.org/web/20231227112346id_/https://joinkuliner.com/wp-content/uploads/2023/11/tteobbokki-1-150x200.jpg,
downloaded,wp-content/uploads/2023/11/tteobbokki-1-200x266.jpg,https://joinkuliner.com/wp-content/uploads/2023/11/tteobbokki-1-200x266.jpg,20231226145539,image/jpeg,15343,f6ce2e22ef77b063835b735dce22bf0b9a2cc787ed6f1c3da5a88ce79b1991f4,https://web.archive.org/web/20231226145539id_/https://joinkuliner.com/wp-content/uploads/2023/11/tteobbokki-1-200x266.jpg,
downloaded,wp-content/uploads/2023/11/tteobbokki-1-250x333.jpg,https://joinkuliner.com/wp-content/uploads/2023/11/tteobbokki-1-250x333.jpg,20231227112346,image/jpeg,22127,9ebe8ec8c3c8c5d509eb14167eb3c3bfae6a320d156fc4c0bf83b562d01cac2b,https://web.archive.org/web/20231227112346id_/https://joinkuliner.com/wp-content/uploads/2023/11/tteobbokki-1-250x333.jpg,
downloaded,wp-content/uploads/2023/11/tteobbokki-1-300x399.jpg,https://joinkuliner.com/wp-content/uploads/2023/11/tteobbokki-1-300x399.jpg,20231226145540,image/jpeg,29278,0f8d6ae44920e9edd3383440996a51f0bae0c8caf5e8d937edeb2a526a027250,https://web.archive.org/web/20231226145540id_/https://joinkuliner.com/wp-content/uploads/2023/11/tteobbokki-1-300x399.jpg,
downloaded,wp-content/uploads/2023/11/tteobbokki-1-50x67.jpg,https://joinkuliner.com/wp-content/uploads/2023/11/tteobbokki-1-50x67.jpg,20231226145538,image/jpeg,2228,c0bca4a7755616110c475415a8eaf22bd2250a9d18faffb2a24e14bc38527f74,https://web.archive.org/web/20231226145538id_/https://joinkuliner.com/wp-content/uploads/2023/11/tteobbokki-1-50x67.jpg,
downloaded,wp-content/uploads/2023/11/tteobbokki-1.jpg,https://joinkuliner.com/wp-content/uploads/2023/11/tteobbokki-1.jpg,20231226151641,image/jpeg,41807,6ee522548a981b1c5d109baf7b7d38c2bab09afa2827ba9bd86279d3506f7ebc,https://web.archive.org/web/20231226151641id_/https://joinkuliner.com/wp-content/uploads/2023/11/tteobbokki-1.jpg,
downloaded,wp-content/uploads/2023/12/MAKANANSEHAT-100x67.jpg,https://joinkuliner.com/wp-content/uploads/2023/12/MAKANANSEHAT-100x67.jpg,20231228083121,image/jpeg,3947,ec48aa37631f666f8c91c0857c7863e4486add068a44076d6408093bf4e7b73f,https://web.archive.org/web/20231228083121id_/https://joinkuliner.com/wp-content/uploads/2023/12/MAKANANSEHAT-100x67.jpg,
downloaded,wp-content/uploads/2023/12/MAKANANSEHAT-1200x800.jpg,https://joinkuliner.com/wp-content/uploads/2023/12/MAKANANSEHAT-1200x800.jpg,20231228083126,image/jpeg,223044,a3bc40d601281670f3d9bc219fec4aa5306fda2afa34835eb078ba8a62f41c55,https://web.archive.org/web/20231228083126id_/https://joinkuliner.com/wp-content/uploads/2023/12/MAKANANSEHAT-1200x800.jpg,
downloaded,wp-content/uploads/2023/12/MAKANANSEHAT-150x100.jpg,https://joinkuliner.com/wp-content/uploads/2023/12/MAKANANSEHAT-150x100.jpg,20231228083124,image/jpeg,7031,0bdcd3c83263ac8c61a4bbf63746159ce768de53fd32d673637919dd9f6a4b27,https://web.archive.org/web/20231228083124id_/https://joinkuliner.com/wp-content/uploads/2023/12/MAKANANSEHAT-150x100.jpg,
downloaded,wp-content/uploads/2023/12/MAKANANSEHAT-1536x1024.jpg,https://joinkuliner.com/wp-content/uploads/2023/12/MAKANANSEHAT-1536x1024.jpg,20231228083131,image/jpeg,323442,5ce34cade54f8a85bcdf0d509e7973bc6272b7a09b32aa28e4ed854262c53b3c,https://web.archive.org/web/20231228083131id_/https://joinkuliner.com/wp-content/uploads/2023/12/MAKANANSEHAT-1536x1024.jpg,
downloaded,wp-content/uploads/2023/12/MAKANANSEHAT-1600x1067.jpg,https://joinkuliner.com/wp-content/uploads/2023/12/MAKANANSEHAT-1600x1067.jpg,20231228083137,image/jpeg,343768,a4451954bb9efdd8c1ff1af50f55e55ee2bd47c944b6d07ff30d1757b4aa15d6,https://web.archive.org/web/20231228083137id_/https://joinkuliner.com/wp-content/uploads/2023/12/MAKANANSEHAT-1600x1067.jpg,
downloaded,wp-content/uploads/2023/12/MAKANANSEHAT-200x133.jpg,https://joinkuliner.com/wp-content/uploads/2023/12/MAKANANSEHAT-200x133.jpg,20231228083127,image/jpeg,11075,8ecd58a4bcc391b9e8b633b70a05815eb06dfb89594a472692ce13c6fb9cf9e9,https://web.archive.org/web/20231228083127id_/https://joinkuliner.com/wp-content/uploads/2023/12/MAKANANSEHAT-200x133.jpg,
downloaded,wp-content/uploads/2023/12/MAKANANSEHAT-250x167.jpg,https://joinkuliner.com/wp-content/uploads/2023/12/MAKANANSEHAT-250x167.jpg,20231228083124,image/jpeg,16141,ee395a75b87dcaace9ce11b5b33968623922b2c62bfed7a29d0308468b2a287f,https://web.archive.org/web/20231228083124id_/https://joinkuliner.com/wp-content/uploads/2023/12/MAKANANSEHAT-250x167.jpg,
downloaded,wp-content/uploads/2023/12/MAKANANSEHAT-300x200.jpg,https://joinkuliner.com/wp-content/uploads/2023/12/MAKANANSEHAT-300x200.jpg,20231228083122,image/jpeg,21854,6b5eed7791b451c84a4071b50fbac0686894360797d645274771cde52f844aa8,https://web.archive.org/web/20231228083122id_/https://joinkuliner.com/wp-content/uploads/2023/12/MAKANANSEHAT-300x200.jpg,
downloaded,wp-content/uploads/2023/12/MAKANANSEHAT-350x233.jpg,https://joinkuliner.com/wp-content/uploads/2023/12/MAKANANSEHAT-350x233.jpg,20231228083126,image/jpeg,28686,7d60bd0f1735a9200b223bbc31b2c6e024e22f956e2f73902f988197eb0af777,https://web.archive.org/web/20231228083126id_/https://joinkuliner.com/wp-content/uploads/2023/12/MAKANANSEHAT-350x233.jpg,
downloaded,wp-content/uploads/2023/12/MAKANANSEHAT-400x267.jpg,https://joinkuliner.com/wp-content/uploads/2023/12/MAKANANSEHAT-400x267.jpg,20231228083125,image/jpeg,36133,c1ee9455728332c042cc79ad07f0999c7a43fb25bc327a621215e6a699d99b82,https://web.archive.org/web/20231228083125id_/https://joinkuliner.com/wp-content/uploads/2023/12/MAKANANSEHAT-400x267.jpg,
downloaded,wp-content/uploads/2023/12/MAKANANSEHAT-450x300.jpg,https://joinkuliner.com/wp-content/uploads/2023/12/MAKANANSEHAT-450x300.jpg,20231228083143,image/jpeg,44402,b86454cd9054f4c148d0aa153af53ab4ff76b50d2b7134ad3a24d76c12511f68,https://web.archive.org/web/20231228083143id_/https://joinkuliner.com/wp-content/uploads/2023/12/MAKANANSEHAT-450x300.jpg,
downloaded,wp-content/uploads/2023/12/MAKANANSEHAT-500x333.jpg,https://joinkuliner.com/wp-content/uploads/2023/12/MAKANANSEHAT-500x333.jpg,20231228083144,image/jpeg,53307,49826482a27dbcec2562f47e8008b43bfa9f4de520fdd6fb4930727fabf9954f,https://web.archive.org/web/20231228083144id_/https://joinkuliner.com/wp-content/uploads/2023/12/MAKANANSEHAT-500x333.jpg,
downloaded,wp-content/uploads/2023/12/MAKANANSEHAT-50x33.jpg,https://joinkuliner.com/wp-content/uploads/2023/12/MAKANANSEHAT-50x33.jpg,20231228083126,image/jpeg,1667,007f13240fa414a704d0bdc084659ec00f98545591fb3283dbc57e99cc72c338,https://web.archive.org/web/20231228083126id_/https://joinkuliner.com/wp-content/uploads/2023/12/MAKANANSEHAT-50x33.jpg,
downloaded,wp-content/uploads/2023/12/MAKANANSEHAT-550x367.jpg,https://joinkuliner.com/wp-content/uploads/2023/12/MAKANANSEHAT-550x367.jpg,20231228083145,image/jpeg,62770,f8617f894318ae3fb4550103887f0126492af6383973f94d7b312003b906320f,https://web.archive.org/web/20231228083145id_/https://joinkuliner.com/wp-content/uploads/2023/12/MAKANANSEHAT-550x367.jpg,
downloaded,wp-content/uploads/2023/12/MAKANANSEHAT-650x433.jpg,https://joinkuliner.com/wp-content/uploads/2023/12/MAKANANSEHAT-650x433.jpg,20231228083129,image/jpeg,83777,c33e3bd02a4ceef32e372c1beb13040fc269ba4d08b6f03aaeffd6f69c936e09,https://web.archive.org/web/20231228083129id_/https://joinkuliner.com/wp-content/uploads/2023/12/MAKANANSEHAT-650x433.jpg,
downloaded,wp-content/uploads/2023/12/MAKANANSEHAT-768x512.jpg,https://joinkuliner.com/wp-content/uploads/2023/12/MAKANANSEHAT-768x512.jpg,20231228083135,image/jpeg,110105,3c87ce32788bf19faadd0bd72ece71e895b842172ce6ae7403609fee841f2027,https://web.archive.org/web/20231228083135id_/https://joinkuliner.com/wp-content/uploads/2023/12/MAKANANSEHAT-768x512.jpg,
downloaded,wp-content/uploads/2023/12/MAKANANSEHAT-800x533.jpg,https://joinkuliner.com/wp-content/uploads/2023/12/MAKANANSEHAT-800x533.jpg,20231228083140,image/jpeg,117892,df1b79e11b0fe8528e7882549e8c6fd032eac541b9893e46dca0f36622ec5855,https://web.archive.org/web/20231228083140id_/https://joinkuliner.com/wp-content/uploads/2023/12/MAKANANSEHAT-800x533.jpg,
downloaded,wp-content/uploads/2023/12/MAKANANSEHAT.jpg,https://joinkuliner.com/wp-content/uploads/2023/12/MAKANANSEHAT.jpg,20231228083142,image/jpeg,121112,1765fe1ddd1c4e2da336924fb46964a60d5e6fa3f63bb3359766ed964a0c2726,https://web.archive.org/web/20231228083142id_/https://joinkuliner.com/wp-content/uploads/2023/12/MAKANANSEHAT.jpg,
downloaded,wp-content/uploads/2023/12/abuba-steak-100x75.webp,https://joinkuliner.com/wp-content/uploads/2023/12/abuba-steak-100x75.webp,20231228083153,image/webp,3004,347aebeac36e3830995a9f2e55f5fcb9862a36e24f975b04effc9a54b4b7ee08,https://web.archive.org/web/20231228083153id_/https://joinkuliner.com/wp-content/uploads/2023/12/abuba-steak-100x75.webp,
downloaded,wp-content/uploads/2023/12/abuba-steak-150x113.webp,https://joinkuliner.com/wp-content/uploads/2023/12/abuba-steak-150x113.webp,20231228083154,image/webp,5500,d3bf993a8de1e2b56c0bffaa2615598dd1c9bb6aaa56b9a6ede1a8e8249e654f,https://web.archive.org/web/20231228083154id_/https://joinkuliner.com/wp-content/uploads/2023/12/abuba-steak-150x113.webp,
downloaded,wp-content/uploads/2023/12/abuba-steak-200x151.webp,https://joinkuliner.com/wp-content/uploads/2023/12/abuba-steak-200x151.webp,20231228083154,image/webp,8612,16324bcae15736beab593a3a08015bc637f6d99b56a4c3e9d12b2ab37dcf14f7,https://web.archive.org/web/20231228083154id_/https://joinkuliner.com/wp-content/uploads/2023/12/abuba-steak-200x151.webp,
downloaded,wp-content/uploads/2023/12/abuba-steak-250x188.webp,https://joinkuliner.com/wp-content/uploads/2023/12/abuba-steak-250x188.webp,20231228083152,image/webp,11976,8326cea0e2f51853c6403c772fecb1c03d2c8ff91aab7942e4e0d9332cb76776,https://web.archive.org/web/20231228083152id_/https://joinkuliner.com/wp-content/uploads/2023/12/abuba-steak-250x188.webp,
downloaded,wp-content/uploads/2023/12/abuba-steak-300x226.webp,https://joinkuliner.com/wp-content/uploads/2023/12/abuba-steak-300x226.webp,20231228083149,image/webp,15878,1a164751bfa453ecc1a70fc0b14a6d5640930d0552617e73d6cda7d5509e850f,https://web.archive.org/web/20231228083149id_/https://joinkuliner.com/wp-content/uploads/2023/12/abuba-steak-300x226.webp,
downloaded,wp-content/uploads/2023/12/abuba-steak-350x264.webp,https://joinkuliner.com/wp-content/uploads/2023/12/abuba-steak-350x264.webp,20231228083147,image/webp,19908,66980b51f890990272f44d8219c3cac6496010e75378285920e041fbff583dae,https://web.archive.org/web/20231228083147id_/https://joinkuliner.com/wp-content/uploads/2023/12/abuba-steak-350x264.webp,
downloaded,wp-content/uploads/2023/12/abuba-steak-50x38.webp,https://joinkuliner.com/wp-content/uploads/2023/12/abuba-steak-50x38.webp,20231228083152,image/webp,1144,4d537213822751196701d0aa3ebfeab98ff899e2cf2e75dae9400fc290692d52,https://web.archive.org/web/20231228083152id_/https://joinkuliner.com/wp-content/uploads/2023/12/abuba-steak-50x38.webp,
downloaded,wp-content/uploads/2023/12/abuba-steak.webp,https://joinkuliner.com/wp-content/uploads/2023/12/abuba-steak.webp,20231228083153,image/webp,30346,fc313664241206c3642b9a0267093cfab518dd9e5c479b992ef68403d393d79c,https://web.archive.org/web/20231228083153id_/https://joinkuliner.com/wp-content/uploads/2023/12/abuba-steak.webp,
downloaded,wp-content/uploads/2023/12/franchise-100x63.png,https://joinkuliner.com/wp-content/uploads/2023/12/franchise-100x63.png,20231211143244,image/png,7836,5362f8f5aa92428353e457ce4f4e4bd822b958407d93bb9c11036164a740b0a7,https://web.archive.org/web/20231211143244id_/https://joinkuliner.com/wp-content/uploads/2023/12/franchise-100x63.png,
downloaded,wp-content/uploads/2023/12/franchise-150x94.png,https://joinkuliner.com/wp-content/uploads/2023/12/franchise-150x94.png,20231211143236,image/png,14460,97bffe2c3cf2e3d2a98d44f5d9b7f36da007a3249014768c4452150e4b99f00b,https://web.archive.org/web/20231211143236id_/https://joinkuliner.com/wp-content/uploads/2023/12/franchise-150x94.png,
downloaded,wp-content/uploads/2023/12/franchise-200x125.png,https://joinkuliner.com/wp-content/uploads/2023/12/franchise-200x125.png,20231211143247,image/png,21341,c65beb1ade018ec547b6a56d18414f2908b9f3ef9f09024e0e1c9528ac840267,https://web.archive.org/web/20231211143247id_/https://joinkuliner.com/wp-content/uploads/2023/12/franchise-200x125.png,
downloaded,wp-content/uploads/2023/12/franchise-250x156.png,https://joinkuliner.com/wp-content/uploads/2023/12/franchise-250x156.png,20231211143216,image/png,29738,a1ed0608d6481b92aa77f9b29b90585f4882e0aacdc4c6e1b2ec0a4dabdd489e,https://web.archive.org/web/20231211143216id_/https://joinkuliner.com/wp-content/uploads/2023/12/franchise-250x156.png,
downloaded,wp-content/uploads/2023/12/franchise-300x188.png,https://joinkuliner.com/wp-content/uploads/2023/12/franchise-300x188.png,20231211143223,image/png,38778,61d3b86413f0bb6fc03c3ae827cc43271c2da4d8a8c17839e1968f8fe1b4a3b3,https://web.archive.org/web/20231211143223id_/https://joinkuliner.com/wp-content/uploads/2023/12/franchise-300x188.png,
downloaded,wp-content/uploads/2023/12/franchise-350x219.png,https://joinkuliner.com/wp-content/uploads/2023/12/franchise-350x219.png,20231211143245,image/png,48579,08704c9a620cbc10cee2503ff9e811f53bdf133c9b141069688025fcc0dcef1e,https://web.archive.org/web/20231211143245id_/https://joinkuliner.com/wp-content/uploads/2023/12/franchise-350x219.png,
downloaded,wp-content/uploads/2023/12/franchise-400x250.png,https://joinkuliner.com/wp-content/uploads/2023/12/franchise-400x250.png,20231211143214,image/png,58800,5951d2f1eeba48c16e1aeca2448ba9e84eb5ac17cf17513a3131b9a559e88d34,https://web.archive.org/web/20231211143214id_/https://joinkuliner.com/wp-content/uploads/2023/12/franchise-400x250.png,
downloaded,wp-content/uploads/2023/12/franchise-450x281.png,https://joinkuliner.com/wp-content/uploads/2023/12/franchise-450x281.png,20231211143237,image/png,70358,aa0f75e6f005a7c54564a93adef1f241471f34f05d3c76ef5884a80408250f8a,https://web.archive.org/web/20231211143237id_/https://joinkuliner.com/wp-content/uploads/2023/12/franchise-450x281.png,
downloaded,wp-content/uploads/2023/12/franchise-500x313.png,https://joinkuliner.com/wp-content/uploads/2023/12/franchise-500x313.png,20231211143224,image/png,83198,8cbcda27a142bce03afaeee54e551f276473c083b8439850136d122d436dc4e1,https://web.archive.org/web/20231211143224id_/https://joinkuliner.com/wp-content/uploads/2023/12/franchise-500x313.png,
downloaded,wp-content/uploads/2023/12/franchise-50x31.png,https://joinkuliner.com/wp-content/uploads/2023/12/franchise-50x31.png,20231211143228,image/png,2904,37f37366c89e3eae18dc0934fa6849afe2b3a8ef61f53f3094849718e95208c6,https://web.archive.org/web/20231211143228id_/https://joinkuliner.com/wp-content/uploads/2023/12/franchise-50x31.png,
downloaded,wp-content/uploads/2023/12/franchise-550x344.png,https://joinkuliner.com/wp-content/uploads/2023/12/franchise-550x344.png,20231211143219,image/png,97732,8fddcc2ea7b87a80cf6f3d4b7248d7cae12df51812c6a84b1bb771dab4968ed7,https://web.archive.org/web/20231211143219id_/https://joinkuliner.com/wp-content/uploads/2023/12/franchise-550x344.png,
downloaded,wp-content/uploads/2023/12/franchise-650x406.png,https://joinkuliner.com/wp-content/uploads/2023/12/franchise-650x406.png,20231211143210,image/png,127612,81d7ff98e0bbc3324f425fb675dd8ef4cdb4b2c873f9da3b6f8905e6ec909b13,https://web.archive.org/web/20231211143210id_/https://joinkuliner.com/wp-content/uploads/2023/12/franchise-650x406.png,
downloaded,wp-content/uploads/2023/12/franchise-768x480.png,https://joinkuliner.com/wp-content/uploads/2023/12/franchise-768x480.png,20231211143224,image/png,169279,080079e1f4b44354f32685052891c6c8fa8e2109426c7ca7905618704a0fea95,https://web.archive.org/web/20231211143224id_/https://joinkuliner.com/wp-content/uploads/2023/12/franchise-768x480.png,
downloaded,wp-content/uploads/2023/12/franchise-800x500.png,https://joinkuliner.com/wp-content/uploads/2023/12/franchise-800x500.png,20231211143220,image/png,181282,7a58d433b67ac34f82ec0f8fe75580f8b131dba5bc0fef9b0b2278be3a2c369d,https://web.archive.org/web/20231211143220id_/https://joinkuliner.com/wp-content/uploads/2023/12/franchise-800x500.png,
downloaded,wp-content/uploads/2023/12/franchise.png,https://joinkuliner.com/wp-content/uploads/2023/12/franchise.png,20231211143239,image/png,281400,1d3534fba292af892d4d07c0a9b9904f64ef4abb90943adefcd9bd88327bdb29,https://web.archive.org/web/20231211143239id_/https://joinkuliner.com/wp-content/uploads/2023/12/franchise.png,
downloaded,wp-content/uploads/2023/12/frozen-food-100x62.jpg,https://joinkuliner.com/wp-content/uploads/2023/12/frozen-food-100x62.jpg,20240203160919,image/jpeg,3822,90a1769633a6cd38f393763fead9bd1b452813c968e2df4774016fd8381cac25,https://web.archive.org/web/20240203160919id_/https://joinkuliner.com/wp-content/uploads/2023/12/frozen-food-100x62.jpg,
downloaded,wp-content/uploads/2023/12/frozen-food-150x92.jpg,https://joinkuliner.com/wp-content/uploads/2023/12/frozen-food-150x92.jpg,20240203160917,image/jpeg,7233,b992a72473f3f632d737561834bf532e52de303f7c9c0c896d52fb80d0d12391,https://web.archive.org/web/20240203160917id_/https://joinkuliner.com/wp-content/uploads/2023/12/frozen-food-150x92.jpg,
downloaded,wp-content/uploads/2023/12/frozen-food-200x123.jpg,https://joinkuliner.com/wp-content/uploads/2023/12/frozen-food-200x123.jpg,20240203160921,image/jpeg,11414,9915ea37bda926fc46b49f1581d98c4867ad3363908b8a00375f7af42b4a8788,https://web.archive.org/web/20240203160921id_/https://joinkuliner.com/wp-content/uploads/2023/12/frozen-food-200x123.jpg,
downloaded,wp-content/uploads/2023/12/frozen-food-250x154.jpg,https://joinkuliner.com/wp-content/uploads/2023/12/frozen-food-250x154.jpg,20240203160939,image/jpeg,16497,d87e50a65b8a19279da401d2060ca7c40b1362fcd7e80492cc6017c5c226ffd4,https://web.archive.org/web/20240203160939id_/https://joinkuliner.com/wp-content/uploads/2023/12/frozen-food-250x154.jpg,
downloaded,wp-content/uploads/2023/12/frozen-food-300x185.jpg,https://joinkuliner.com/wp-content/uploads/2023/12/frozen-food-300x185.jpg,20240203160919,image/jpeg,21478,2ec7d215e1c2d03883f1294de4aa32855ff76fba606aa7ec06748f1112052e89,https://web.archive.org/web/20240203160919id_/https://joinkuliner.com/wp-content/uploads/2023/12/frozen-food-300x185.jpg,
downloaded,wp-content/uploads/2023/12/frozen-food-350x215.jpg,https://joinkuliner.com/wp-content/uploads/2023/12/frozen-food-350x215.jpg,20240203160923,image/jpeg,26945,6536ec08a921c27601e8ea7ab8d9b2283185c7a2bb131ce460ed1d6d4306b995,https://web.archive.org/web/20240203160923id_/https://joinkuliner.com/wp-content/uploads/2023/12/frozen-food-350x215.jpg,
downloaded,wp-content/uploads/2023/12/frozen-food-400x246.jpg,https://joinkuliner.com/wp-content/uploads/2023/12/frozen-food-400x246.jpg,20240203160917,image/jpeg,32855,876b6d9c0f13e86590a0e20ab02c4a294ce22e36a2f95d45f74ef00806d2b21d,https://web.archive.org/web/20240203160917id_/https://joinkuliner.com/wp-content/uploads/2023/12/frozen-food-400x246.jpg,
downloaded,wp-content/uploads/2023/12/frozen-food-450x277.jpg,https://joinkuliner.com/wp-content/uploads/2023/12/frozen-food-450x277.jpg,20240203160918,image/jpeg,39609,d61f5190d6a81fa0deb21437a7528e676994c10b06b008099773f29a5669379e,https://web.archive.org/web/20240203160918id_/https://joinkuliner.com/wp-content/uploads/2023/12/frozen-food-450x277.jpg,
downloaded,wp-content/uploads/2023/12/frozen-food-500x308.jpg,https://joinkuliner.com/wp-content/uploads/2023/12/frozen-food-500x308.jpg,20240203160942,image/jpeg,46253,278d0dbf6d372e92564d65897d861ca252a826de16699df108180f4f0f5eae30,https://web.archive.org/web/20240203160942id_/https://joinkuliner.com/wp-content/uploads/2023/12/frozen-food-500x308.jpg,
downloaded,wp-content/uploads/2023/12/frozen-food-50x31.jpg,https://joinkuliner.com/wp-content/uploads/2023/12/frozen-food-50x31.jpg,20240203160918,image/jpeg,1484,a0f946ed5413e7b2a3603a8c1f1ced7f179f99a4cc288d25fd991a2488170b69,https://web.archive.org/web/20240203160918id_/https://joinkuliner.com/wp-content/uploads/2023/12/frozen-food-50x31.jpg,
downloaded,wp-content/uploads/2023/12/frozen-food-550x338.jpg,https://joinkuliner.com/wp-content/uploads/2023/12/frozen-food-550x338.jpg,20240203160920,image/jpeg,53023,f018e1dce384dad584cbfc02a9dfb8721d3568a0169bbe456f4cbf96065699b3,https://web.archive.org/web/20240203160920id_/https://joinkuliner.com/wp-content/uploads/2023/12/frozen-food-550x338.jpg,
downloaded,wp-content/uploads/2023/12/frozen-food-650x400.jpg,https://joinkuliner.com/wp-content/uploads/2023/12/frozen-food-650x400.jpg,20240203160937,image/jpeg,65588,2422bcbcede8a88b09e2171acad7e8e131e8b18ceac3edf4ef76088d98846760,https://web.archive.org/web/20240203160937id_/https://joinkuliner.com/wp-content/uploads/2023/12/frozen-food-650x400.jpg,
downloaded,wp-content/uploads/2023/12/frozen-food-768x473.jpg,https://joinkuliner.com/wp-content/uploads/2023/12/frozen-food-768x473.jpg,20240203160922,image/jpeg,84698,858bbc0579bc521937a9e81a3065aec9155ed8d7bad19e4900be2222c04da6b3,https://web.archive.org/web/20240203160922id_/https://joinkuliner.com/wp-content/uploads/2023/12/frozen-food-768x473.jpg,
downloaded,wp-content/uploads/2023/12/frozen-food-800x492.jpg,https://joinkuliner.com/wp-content/uploads/2023/12/frozen-food-800x492.jpg,20240203160919,image/jpeg,89767,2535f9a81ba11a20b285583a6cbcc7ae93d7b4843bcf971461410dcf5ad2d7d3,https://web.archive.org/web/20240203160919id_/https://joinkuliner.com/wp-content/uploads/2023/12/frozen-food-800x492.jpg,
downloaded,wp-content/uploads/2023/12/frozen-food.jpg,https://joinkuliner.com/wp-content/uploads/2023/12/frozen-food.jpg,20240203160920,image/jpeg,47684,c2dcbee5121869a42271a027b291e6324e5c643dfdf315a8ef76de4358e8c816,https://web.archive.org/web/20240203160920id_/https://joinkuliner.com/wp-content/uploads/2023/12/frozen-food.jpg,
downloaded,wp-content/uploads/2023/12/gultik-blok-m-100x75.jpeg,https://joinkuliner.com/wp-content/uploads/2023/12/gultik-blok-m-100x75.jpeg,20231226145551,image/jpeg,4237,1b01ea4fa4415fdec77330ad067db86598c143d18c576fbd19033598b748a9a7,https://web.archive.org/web/20231226145551id_/https://joinkuliner.com/wp-content/uploads/2023/12/gultik-blok-m-100x75.jpeg,
downloaded,wp-content/uploads/2023/12/gultik-blok-m-150x113.jpeg,https://joinkuliner.com/wp-content/uploads/2023/12/gultik-blok-m-150x113.jpeg,20231227112400,image/jpeg,7661,ca97770174f906fc034a76adae6b135bb604e66bac3672ddaf45d95015e90735,https://web.archive.org/web/20231227112400id_/https://joinkuliner.com/wp-content/uploads/2023/12/gultik-blok-m-150x113.jpeg,
downloaded,wp-content/uploads/2023/12/gultik-blok-m-200x150.jpeg,https://joinkuliner.com/wp-content/uploads/2023/12/gultik-blok-m-200x150.jpeg,20231226145552,image/jpeg,11858,487a1c42102311f9e0880c07c51d892a640d7915c7a11ddaed6e0a1dc0b7ce9d,https://web.archive.org/web/20231226145552id_/https://joinkuliner.com/wp-content/uploads/2023/12/gultik-blok-m-200x150.jpeg,
downloaded,wp-content/uploads/2023/12/gultik-blok-m-250x188.jpeg,https://joinkuliner.com/wp-content/uploads/2023/12/gultik-blok-m-250x188.jpeg,20231226145609,image/jpeg,17123,9df4bf47b6140770dcc680bb1d2c0d235e4edb8d16ad342c7387ba5d2c126969,https://web.archive.org/web/20231226145609id_/https://joinkuliner.com/wp-content/uploads/2023/12/gultik-blok-m-250x188.jpeg,
downloaded,wp-content/uploads/2023/12/gultik-blok-m-300x225.jpeg,https://joinkuliner.com/wp-content/uploads/2023/12/gultik-blok-m-300x225.jpeg,20231226153451,image/jpeg,23271,087b0ec7c076d865223403ade3154b72e14688c6149f99f36bfbf940f0fffe7d,https://web.archive.org/web/20231226153451id_/https://joinkuliner.com/wp-content/uploads/2023/12/gultik-blok-m-300x225.jpeg,
downloaded,wp-content/uploads/2023/12/gultik-blok-m-350x263.jpeg,https://joinkuliner.com/wp-content/uploads/2023/12/gultik-blok-m-350x263.jpeg,20231226145549,image/jpeg,29371,b8764ce5fd1050881aad536fab49c1b59a65e532bae6da2f7c64f7aaf49e3367,https://web.archive.org/web/20231226145549id_/https://joinkuliner.com/wp-content/uploads/2023/12/gultik-blok-m-350x263.jpeg,
downloaded,wp-content/uploads/2023/12/gultik-blok-m-400x300.jpeg,https://joinkuliner.com/wp-content/uploads/2023/12/gultik-blok-m-400x300.jpeg,20231226153409,image/jpeg,37026,882add36d40206debe42ed8a53b9649dfb0fd785a888b467ee6cc3be81cc657f,https://web.archive.org/web/20231226153409id_/https://joinkuliner.com/wp-content/uploads/2023/12/gultik-blok-m-400x300.jpeg,
downloaded,wp-content/uploads/2023/12/gultik-blok-m-450x338.jpeg,https://joinkuliner.com/wp-content/uploads/2023/12/gultik-blok-m-450x338.jpeg,20231226145551,image/jpeg,44507,5db4d9a81d700702b592ac082ab76531bf424723b48ba08dbdc92d728a41cf3d,https://web.archive.org/web/20231226145551id_/https://joinkuliner.com/wp-content/uploads/2023/12/gultik-blok-m-450x338.jpeg,
downloaded,wp-content/uploads/2023/12/gultik-blok-m-500x375.jpeg,https://joinkuliner.com/wp-content/uploads/2023/12/gultik-blok-m-500x375.jpeg,20231226153353,image/jpeg,52531,8f48f5aad64d28a74bc9813c78d06bc8f73c14af5a5451bcdc7ec8a6b611426f,https://web.archive.org/web/20231226153353id_/https://joinkuliner.com/wp-content/uploads/2023/12/gultik-blok-m-500x375.jpeg,
downloaded,wp-content/uploads/2023/12/gultik-blok-m-50x38.jpeg,https://joinkuliner.com/wp-content/uploads/2023/12/gultik-blok-m-50x38.jpeg,20231226153401,image/jpeg,1772,75f819f726c1c59239b0e593380ecdd821594f82043e25815090a9427d7eb657,https://web.archive.org/web/20231226153401id_/https://joinkuliner.com/wp-content/uploads/2023/12/gultik-blok-m-50x38.jpeg,
downloaded,wp-content/uploads/2023/12/gultik-blok-m-550x413.jpeg,https://joinkuliner.com/wp-content/uploads/2023/12/gultik-blok-m-550x413.jpeg,20231226145552,image/jpeg,61126,cdfc3186b964569d3a6a0f5fd7cbab1ca20ab1f9f865eb5c7d4f24dfac3ad74b,https://web.archive.org/web/20231226145552id_/https://joinkuliner.com/wp-content/uploads/2023/12/gultik-blok-m-550x413.jpeg,
downloaded,wp-content/uploads/2023/12/gultik-blok-m-650x488.jpeg,https://joinkuliner.com/wp-content/uploads/2023/12/gultik-blok-m-650x488.jpeg,20231226153530,image/jpeg,79776,648699a29f9585c5ddeeafca217525f846019812d7bb5e117d958f57eccc5104,https://web.archive.org/web/20231226153530id_/https://joinkuliner.com/wp-content/uploads/2023/12/gultik-blok-m-650x488.jpeg,
downloaded,wp-content/uploads/2023/12/gultik-blok-m-768x576.jpeg,https://joinkuliner.com/wp-content/uploads/2023/12/gultik-blok-m-768x576.jpeg,20231227112400,image/jpeg,102953,b05b848b2a45ea5af6061939a17f844a325c3ba8e1edb9391d94a95eb109522b,https://web.archive.org/web/20231227112400id_/https://joinkuliner.com/wp-content/uploads/2023/12/gultik-blok-m-768x576.jpeg,
downloaded,wp-content/uploads/2023/12/gultik-blok-m-800x600.jpeg,https://joinkuliner.com/wp-content/uploads/2023/12/gultik-blok-m-800x600.jpeg,20231226145553,image/jpeg,110242,90046df4cd02c24d878033df9398474cbf4cf4a88b1c8f700ab948ec99058e08,https://web.archive.org/web/20231226145553id_/https://joinkuliner.com/wp-content/uploads/2023/12/gultik-blok-m-800x600.jpeg,
downloaded,wp-content/uploads/2023/12/gultik-blok-m.jpeg,https://joinkuliner.com/wp-content/uploads/2023/12/gultik-blok-m.jpeg,20231226145555,image/jpeg,201881,ef8601f53e5df9cc3f5e9c0de0009791adcedb924b1903bb40c3895d635e3274,https://web.archive.org/web/20231226145555id_/https://joinkuliner.com/wp-content/uploads/2023/12/gultik-blok-m.jpeg,
downloaded,wp-content/uploads/2023/12/hampers-natal-100x100.webp,https://joinkuliner.com/wp-content/uploads/2023/12/hampers-natal-100x100.webp,20240226043326,image/webp,2594,927df87e6d50fe7c03bf30e155d6dc6316d908a980db1a61c2a95f64710afae9,https://web.archive.org/web/20240226043326id_/https://joinkuliner.com/wp-content/uploads/2023/12/hampers-natal-100x100.webp,
downloaded,wp-content/uploads/2023/12/hampers-natal-150x150.webp,https://joinkuliner.com/wp-content/uploads/2023/12/hampers-natal-150x150.webp,20240226043223,image/webp,4754,08bbb61f48e1614d99262069ccab5694f124fc61a3125a6923743a69adf895fb,https://web.archive.org/web/20240226043223id_/https://joinkuliner.com/wp-content/uploads/2023/12/hampers-natal-150x150.webp,
downloaded,wp-content/uploads/2023/12/hampers-natal-200x200.webp,https://joinkuliner.com/wp-content/uploads/2023/12/hampers-natal-200x200.webp,20240226043327,image/webp,7420,1d4d7fe4811271e90cf7e6ea305402ec55a34f8ef03eb0aca754db4865446942,https://web.archive.org/web/20240226043327id_/https://joinkuliner.com/wp-content/uploads/2023/12/hampers-natal-200x200.webp,
downloaded,wp-content/uploads/2023/12/hampers-natal-250x250.webp,https://joinkuliner.com/wp-content/uploads/2023/12/hampers-natal-250x250.webp,20240226043222,image/webp,10324,b8e091bae35037d2fa36db36a0528a85eb6d21001c41afa6f59d80720c545300,https://web.archive.org/web/20240226043222id_/https://joinkuliner.com/wp-content/uploads/2023/12/hampers-natal-250x250.webp,
downloaded,wp-content/uploads/2023/12/hampers-natal-300x300.webp,https://joinkuliner.com/wp-content/uploads/2023/12/hampers-natal-300x300.webp,20240302040810,image/webp,14348,aff75cef80fb17aebacd942ed0d9ec3f26d2feeb2fce0208e5e65e39e953f3a2,https://web.archive.org/web/20240302040810id_/https://joinkuliner.com/wp-content/uploads/2023/12/hampers-natal-300x300.webp,
downloaded,wp-content/uploads/2023/12/hampers-natal-350x350.webp,https://joinkuliner.com/wp-content/uploads/2023/12/hampers-natal-350x350.webp,20240302040810,image/webp,17544,e57e3baafc50e19401e976c11b1b831b98bc0e40e46e5f65a36886e0b8d50f34,https://web.archive.org/web/20240302040810id_/https://joinkuliner.com/wp-content/uploads/2023/12/hampers-natal-350x350.webp,
downloaded,wp-content/uploads/2023/12/hampers-natal-400x400.webp,https://joinkuliner.com/wp-content/uploads/2023/12/hampers-natal-400x400.webp,20240226043221,image/webp,21282,86b627a140dd452f10ea222f8c5ce217ddb94ef6e2b90b36ce45ba55a1cd604a,https://web.archive.org/web/20240226043221id_/https://joinkuliner.com/wp-content/uploads/2023/12/hampers-natal-400x400.webp,
downloaded,wp-content/uploads/2023/12/hampers-natal-450x450.webp,https://joinkuliner.com/wp-content/uploads/2023/12/hampers-natal-450x450.webp,20240302040815,image/webp,27002,255583ce6c79794492220ba579e9f8fe960f0f4189085f1948996d779207319e,https://web.archive.org/web/20240302040815id_/https://joinkuliner.com/wp-content/uploads/2023/12/hampers-natal-450x450.webp,
downloaded,wp-content/uploads/2023/12/hampers-natal-500x500.webp,https://joinkuliner.com/wp-content/uploads/2023/12/hampers-natal-500x500.webp,20240302041003,image/webp,30098,51cd7d7bfd73a7f7cdedcb49f9ad279cf5cbd56442dfde3690762e24c7a182f4,https://web.archive.org/web/20240302041003id_/https://joinkuliner.com/wp-content/uploads/2023/12/hampers-natal-500x500.webp,
downloaded,wp-content/uploads/2023/12/hampers-natal-50x50.webp,https://joinkuliner.com/wp-content/uploads/2023/12/hampers-natal-50x50.webp,20240226043319,image/webp,950,466b817a41f83f4fc5e4c57843d3325b938d07fc72f3de498ee45728cbc13782,https://web.archive.org/web/20240226043319id_/https://joinkuliner.com/wp-content/uploads/2023/12/hampers-natal-50x50.webp,
downloaded,wp-content/uploads/2023/12/hampers-natal-550x550.webp,https://joinkuliner.com/wp-content/uploads/2023/12/hampers-natal-550x550.webp,20240302040959,image/webp,34514,dd5fb35dffc110167d7638e3a80731cac8662a688f9a6f8d1a193dcc45fe13f3,https://web.archive.org/web/20240302040959id_/https://joinkuliner.com/wp-content/uploads/2023/12/hampers-natal-550x550.webp,
downloaded,wp-content/uploads/2023/12/hampers-natal-650x650.webp,https://joinkuliner.com/wp-content/uploads/2023/12/hampers-natal-650x650.webp,20240226043217,image/webp,43714,6c26445fd3eeac6cd0df0f8b50894910e1cd951d7e954082378df2021608a9ec,https://web.archive.org/web/20240226043217id_/https://joinkuliner.com/wp-content/uploads/2023/12/hampers-natal-650x650.webp,
downloaded,wp-content/uploads/2023/12/hampers-natal-768x768.webp,https://joinkuliner.com/wp-content/uploads/2023/12/hampers-natal-768x768.webp,20240226043218,image/webp,55132,641cc0ecd706a972c36076167f8f2de1c82638c7977e31bdd49dc922238a5e36,https://web.archive.org/web/20240226043218id_/https://joinkuliner.com/wp-content/uploads/2023/12/hampers-natal-768x768.webp,
downloaded,wp-content/uploads/2023/12/hampers-natal-800x800.webp,https://joinkuliner.com/wp-content/uploads/2023/12/hampers-natal-800x800.webp,20240302040811,image/webp,58178,6ee952e65b0a7a7027371273cd95add23724972cefd4c39fa29b8081a896d681,https://web.archive.org/web/20240302040811id_/https://joinkuliner.com/wp-content/uploads/2023/12/hampers-natal-800x800.webp,
downloaded,wp-content/uploads/2023/12/hampers-natal.webp,https://joinkuliner.com/wp-content/uploads/2023/12/hampers-natal.webp,20240302041000,image/webp,72214,2458a8e30524d4df524c3ae5b6f81220de9d9de115993f2c403b3290d42c1039,https://web.archive.org/web/20240302041000id_/https://joinkuliner.com/wp-content/uploads/2023/12/hampers-natal.webp,
downloaded,wp-content/uploads/2023/12/happy-new-year-100x56.jpg,https://joinkuliner.com/wp-content/uploads/2023/12/happy-new-year-100x56.jpg,20241204035609,image/jpeg,2495,186388c8fee8a3fdef2dd21527350606a75a6e3a1ba8f20b60d2aa792dec1240,https://web.archive.org/web/20241204035609id_/https://joinkuliner.com/wp-content/uploads/2023/12/happy-new-year-100x56.jpg,
downloaded,wp-content/uploads/2023/12/happy-new-year-150x85.jpg,https://joinkuliner.com/wp-content/uploads/2023/12/happy-new-year-150x85.jpg,20241204053930,image/jpeg,4442,b3e16e1bfd985f0d19cae64dc779f7a23def1c84a287094b229d4d60155cc656,https://web.archive.org/web/20241204053930id_/https://joinkuliner.com/wp-content/uploads/2023/12/happy-new-year-150x85.jpg,
downloaded,wp-content/uploads/2023/12/happy-new-year-200x113.jpg,https://joinkuliner.com/wp-content/uploads/2023/12/happy-new-year-200x113.jpg,20241204035628,image/jpeg,6875,f6f9b9cb3e1f403e73fab130b26c4885cf394052b7dd5c7885f546a569e9f579,https://web.archive.org/web/20241204035628id_/https://joinkuliner.com/wp-content/uploads/2023/12/happy-new-year-200x113.jpg,
downloaded,wp-content/uploads/2023/12/happy-new-year-250x141.jpg,https://joinkuliner.com/wp-content/uploads/2023/12/happy-new-year-250x141.jpg,20241204185731,image/jpeg,9423,0974c4b886bafa3e608918b6ae066feed25b63888a9d468ad458bc0bf7e3b546,https://web.archive.org/web/20241204185731id_/https://joinkuliner.com/wp-content/uploads/2023/12/happy-new-year-250x141.jpg,
downloaded,wp-content/uploads/2023/12/happy-new-year-300x169.jpg,https://joinkuliner.com/wp-content/uploads/2023/12/happy-new-year-300x169.jpg,20250810193859,image/jpeg,12553,22c23588643ac94949498454b2f4d7ecb89e00e5e9899070d470c63849309d61,https://web.archive.org/web/20250810193859id_/https://joinkuliner.com/wp-content/uploads/2023/12/happy-new-year-300x169.jpg,
downloaded,wp-content/uploads/2023/12/happy-new-year-350x197.jpg,https://joinkuliner.com/wp-content/uploads/2023/12/happy-new-year-350x197.jpg,20241204043241,image/jpeg,15787,bff17f1b186c596a025809c71dc4ade706173218084f31306791dbd49aa513ca,https://web.archive.org/web/20241204043241id_/https://joinkuliner.com/wp-content/uploads/2023/12/happy-new-year-350x197.jpg,
downloaded,wp-content/uploads/2023/12/happy-new-year-400x225.jpg,https://joinkuliner.com/wp-content/uploads/2023/12/happy-new-year-400x225.jpg,20250810101054,image/jpeg,19339,b1d408b80fcecbb8ec61313fcb0395851898ec6ef053b4e3884da5fbbc79a24c,https://web.archive.org/web/20250810101054id_/https://joinkuliner.com/wp-content/uploads/2023/12/happy-new-year-400x225.jpg,
downloaded,wp-content/uploads/2023/12/happy-new-year-450x254.jpg,https://joinkuliner.com/wp-content/uploads/2023/12/happy-new-year-450x254.jpg,20241204034839,image/jpeg,22986,ccd5e0dcfa98451ef8c5d92a10cc86382bfb8c447b7619bbcfeb690a654ba6df,https://web.archive.org/web/20241204034839id_/https://joinkuliner.com/wp-content/uploads/2023/12/happy-new-year-450x254.jpg,
downloaded,wp-content/uploads/2023/12/happy-new-year-500x282.jpg,https://joinkuliner.com/wp-content/uploads/2023/12/happy-new-year-500x282.jpg,20241204040058,image/jpeg,27264,a932787e552f43ee4895715807b0f6a5c545ed3ebcb76843dc61d3717809afa1,https://web.archive.org/web/20241204040058id_/https://joinkuliner.com/wp-content/uploads/2023/12/happy-new-year-500x282.jpg,
downloaded,wp-content/uploads/2023/12/happy-new-year-50x28.jpg,https://joinkuliner.com/wp-content/uploads/2023/12/happy-new-year-50x28.jpg,20250810153804,image/jpeg,1289,4e011c3417681af28d3de86db996f24837cd39b445a70ea0a72eee494f78231f,https://web.archive.org/web/20250810153804id_/https://joinkuliner.com/wp-content/uploads/2023/12/happy-new-year-50x28.jpg,
downloaded,wp-content/uploads/2023/12/happy-new-year-550x310.jpg,https://joinkuliner.com/wp-content/uploads/2023/12/happy-new-year-550x310.jpg,20241204040036,image/jpeg,31446,7b7cec32737deb57048708cdb235b1ab9ab8f2d51fe574435cf45f647ddf6f22,https://web.archive.org/web/20241204040036id_/https://joinkuliner.com/wp-content/uploads/2023/12/happy-new-year-550x310.jpg,
downloaded,wp-content/uploads/2023/12/happy-new-year.jpg,https://joinkuliner.com/wp-content/uploads/2023/12/happy-new-year.jpg,20250809142133,image/jpeg,54851,b2c20b0db84df5fb5ab062f1f3b3f4ee2c60efadff0fe108069f31f0270ef6c2,https://web.archive.org/web/20250809142133id_/https://joinkuliner.com/wp-content/uploads/2023/12/happy-new-year.jpg,
downloaded,wp-content/uploads/2023/12/kembang-api-100x67.jpg,https://joinkuliner.com/wp-content/uploads/2023/12/kembang-api-100x67.jpg,20241204035107,image/jpeg,2569,f0bc3da36a4f761091364a02f6f3659967422dfb80a59e38aa80e7fbcc272e64,https://web.archive.org/web/20241204035107id_/https://joinkuliner.com/wp-content/uploads/2023/12/kembang-api-100x67.jpg,
downloaded,wp-content/uploads/2023/12/kembang-api-150x100.jpg,https://joinkuliner.com/wp-content/uploads/2023/12/kembang-api-150x100.jpg,20241204054241,image/jpeg,4775,1eed40e681821042f02f9cdad894a5e3b6b2f8b0d9abf9ad10d1befbfc576cf2,https://web.archive.org/web/20241204054241id_/https://joinkuliner.com/wp-content/uploads/2023/12/kembang-api-150x100.jpg,
downloaded,wp-content/uploads/2023/12/kembang-api-200x133.jpg,https://joinkuliner.com/wp-content/uploads/2023/12/kembang-api-200x133.jpg,20241204053003,image/jpeg,7745,03b640505e2030d89048bc6cf6098fcc110513fe34abef697a9e23ca15f29151,https://web.archive.org/web/20241204053003id_/https://joinkuliner.com/wp-content/uploads/2023/12/kembang-api-200x133.jpg,
downloaded,wp-content/uploads/2023/12/kembang-api-250x167.jpg,https://joinkuliner.com/wp-content/uploads/2023/12/kembang-api-250x167.jpg,20241204052738,image/jpeg,11756,b9782750918ae50fe7bd7491e5414f4588d78477b51d20219159494476545c45,https://web.archive.org/web/20241204052738id_/https://joinkuliner.com/wp-content/uploads/2023/12/kembang-api-250x167.jpg,
downloaded,wp-content/uploads/2023/12/kembang-api-300x200.jpg,https://joinkuliner.com/wp-content/uploads/2023/12/kembang-api-300x200.jpg,20241204041359,image/jpeg,15856,0f0c102432b643103f26e8aaab30fd881f84b9e2b019b57b0d721f93e4a04ded,https://web.archive.org/web/20241204041359id_/https://joinkuliner.com/wp-content/uploads/2023/12/kembang-api-300x200.jpg,
downloaded,wp-content/uploads/2023/12/kembang-api-350x233.jpg,https://joinkuliner.com/wp-content/uploads/2023/12/kembang-api-350x233.jpg,20241204035059,image/jpeg,20566,de8a303312a1c923c14ed82adb8e531ca686be8130418217231278c482f24b7b,https://web.archive.org/web/20241204035059id_/https://joinkuliner.com/wp-content/uploads/2023/12/kembang-api-350x233.jpg,
downloaded,wp-content/uploads/2023/12/kembang-api-400x267.jpg,https://joinkuliner.com/wp-content/uploads/2023/12/kembang-api-400x267.jpg,20250810204046,image/jpeg,25880,dee6b9acd87b0bfefb7a13f09e7246dbed4b2a555d0d08352fdf2d31e6792aa5,https://web.archive.org/web/20250810204046id_/https://joinkuliner.com/wp-content/uploads/2023/12/kembang-api-400x267.jpg,
downloaded,wp-content/uploads/2023/12/kembang-api-450x300.jpg,https://joinkuliner.com/wp-content/uploads/2023/12/kembang-api-450x300.jpg,20250811015337,image/jpeg,31366,35e4f6fdccb1f47490dd3c9068a140aedc44bc70e5e55ad44d4a0c5053b95494,https://web.archive.org/web/20250811015337id_/https://joinkuliner.com/wp-content/uploads/2023/12/kembang-api-450x300.jpg,
downloaded,wp-content/uploads/2023/12/kembang-api-500x333.jpg,https://joinkuliner.com/wp-content/uploads/2023/12/kembang-api-500x333.jpg,20241204044001,image/jpeg,36667,076c5168139878dd8fcdb372f765f3c4207c31de0691d3958a6c48523cd93e0e,https://web.archive.org/web/20241204044001id_/https://joinkuliner.com/wp-content/uploads/2023/12/kembang-api-500x333.jpg,
downloaded,wp-content/uploads/2023/12/kembang-api-50x33.jpg,https://joinkuliner.com/wp-content/uploads/2023/12/kembang-api-50x33.jpg,20241204044047,image/jpeg,1220,32c9050fe254656000611caf8007818e00a7d1ef60396841edeca331d395079a,https://web.archive.org/web/20241204044047id_/https://joinkuliner.com/wp-content/uploads/2023/12/kembang-api-50x33.jpg,
downloaded,wp-content/uploads/2023/12/kembang-api-550x367.jpg,https://joinkuliner.com/wp-content/uploads/2023/12/kembang-api-550x367.jpg,20241204043743,image/jpeg,42863,db7fb92e45c93b13fb360f7c39fc4051e9bcc80bf899460e05d00a3e764d6065,https://web.archive.org/web/20241204043743id_/https://joinkuliner.com/wp-content/uploads/2023/12/kembang-api-550x367.jpg,
downloaded,wp-content/uploads/2023/12/kembang-api-650x433.jpg,https://joinkuliner.com/wp-content/uploads/2023/12/kembang-api-650x433.jpg,20250810145431,image/jpeg,55160,9783111449cca9b5189d7603611d7b168f74f8e42329f9461ef9c684f02e628c,https://web.archive.org/web/20250810145431id_/https://joinkuliner.com/wp-content/uploads/2023/12/kembang-api-650x433.jpg,
downloaded,wp-content/uploads/2023/12/kembang-api-768x512.jpg,https://joinkuliner.com/wp-content/uploads/2023/12/kembang-api-768x512.jpg,20241204043346,image/jpeg,68999,70ae8967a32ea520a7a053568a5e8e7f2ddd6ab09184d31d0efc98b0d7a8ee7e,https://web.archive.org/web/20241204043346id_/https://joinkuliner.com/wp-content/uploads/2023/12/kembang-api-768x512.jpg,
downloaded,wp-content/uploads/2023/12/kembang-api-800x533.jpg,https://joinkuliner.com/wp-content/uploads/2023/12/kembang-api-800x533.jpg,20241204035945,image/jpeg,73716,c6e50cdfc21d66b4e089f58b6e119236ebf0329ddc4b3c9b4e749db4b79a8e2d,https://web.archive.org/web/20241204035945id_/https://joinkuliner.com/wp-content/uploads/2023/12/kembang-api-800x533.jpg,
downloaded,wp-content/uploads/2023/12/kembang-api.jpg,https://joinkuliner.com/wp-content/uploads/2023/12/kembang-api.jpg,20241204040305,image/jpeg,105840,7f899fb98bd9dcb01c0089b17817076c0feab619959e4aa0bf41bb9850e75311,https://web.archive.org/web/20241204040305id_/https://joinkuliner.com/wp-content/uploads/2023/12/kembang-api.jpg,
downloaded,wp-content/uploads/2023/12/kuliner-natal-1-100x49.jpg,https://joinkuliner.com/wp-content/uploads/2023/12/kuliner-natal-1-100x49.jpg,20231226145531,image/jpeg,3113,b450ce8359b2b28cb58a6f9bf4f33df3f78183596538faf20c171384359daddd,https://web.archive.org/web/20231226145531id_/https://joinkuliner.com/wp-content/uploads/2023/12/kuliner-natal-1-100x49.jpg,
downloaded,wp-content/uploads/2023/12/kuliner-natal-1-150x74.jpg,https://joinkuliner.com/wp-content/uploads/2023/12/kuliner-natal-1-150x74.jpg,20231226145528,image/jpeg,5428,aa183406115fdf6ee9e669c8bc839a7a020b3abc3dcfccaf026a9d5ec0f056e2,https://web.archive.org/web/20231226145528id_/https://joinkuliner.com/wp-content/uploads/2023/12/kuliner-natal-1-150x74.jpg,
downloaded,wp-content/uploads/2023/12/kuliner-natal-1-200x99.jpg,https://joinkuliner.com/wp-content/uploads/2023/12/kuliner-natal-1-200x99.jpg,20231226145531,image/jpeg,8377,c587533543003cf355416d19b96b8922b3fefdfec396130364ffe983979c346a,https://web.archive.org/web/20231226145531id_/https://joinkuliner.com/wp-content/uploads/2023/12/kuliner-natal-1-200x99.jpg,
downloaded,wp-content/uploads/2023/12/kuliner-natal-1-250x124.jpg,https://joinkuliner.com/wp-content/uploads/2023/12/kuliner-natal-1-250x124.jpg,20231226145525,image/jpeg,11838,2c75859a43bbe954be15f324afead3d13e15972af0b1ee6254360f39152dc711,https://web.archive.org/web/20231226145525id_/https://joinkuliner.com/wp-content/uploads/2023/12/kuliner-natal-1-250x124.jpg,
downloaded,wp-content/uploads/2023/12/kuliner-natal-1-300x148.jpg,https://joinkuliner.com/wp-content/uploads/2023/12/kuliner-natal-1-300x148.jpg,20231226145526,image/jpeg,15556,ade83a70b639a974d488afbf35d7b5cbf73e7687cc10743e6e2bd03b15900a55,https://web.archive.org/web/20231226145526id_/https://joinkuliner.com/wp-content/uploads/2023/12/kuliner-natal-1-300x148.jpg,
downloaded,wp-content/uploads/2023/12/kuliner-natal-1-350x173.jpg,https://joinkuliner.com/wp-content/uploads/2023/12/kuliner-natal-1-350x173.jpg,20240229105400,image/jpeg,20124,e8ef5d177c9c2b8ad8d4521fed64e47a1bb0bf12fe443c0774d1de30fc8af2a2,https://web.archive.org/web/20240229105400id_/https://joinkuliner.com/wp-content/uploads/2023/12/kuliner-natal-1-350x173.jpg,
downloaded,wp-content/uploads/2023/12/kuliner-natal-1-400x198.jpg,https://joinkuliner.com/wp-content/uploads/2023/12/kuliner-natal-1-400x198.jpg,20231226145529,image/jpeg,23423,54bd206022ddb0c228891ae25010356f3af7b0ccf746d3306e04047f7ef0a152,https://web.archive.org/web/20231226145529id_/https://joinkuliner.com/wp-content/uploads/2023/12/kuliner-natal-1-400x198.jpg,
downloaded,wp-content/uploads/2023/12/kuliner-natal-1-450x222.jpg,https://joinkuliner.com/wp-content/uploads/2023/12/kuliner-natal-1-450x222.jpg,20231226145532,image/jpeg,28374,d5eb26c1979e34c996b08f2882cc0d71fe8524d6289e14b27ea476cf0cfd84d2,https://web.archive.org/web/20231226145532id_/https://joinkuliner.com/wp-content/uploads/2023/12/kuliner-natal-1-450x222.jpg,
downloaded,wp-content/uploads/2023/12/kuliner-natal-1-500x247.jpg,https://joinkuliner.com/wp-content/uploads/2023/12/kuliner-natal-1-500x247.jpg,20231226145528,image/jpeg,32979,97cb4d8b747b8fc83ae6a37e262575290e03cfd6005b8a0ca5bf266c4d2b4364,https://web.archive.org/web/20231226145528id_/https://joinkuliner.com/wp-content/uploads/2023/12/kuliner-natal-1-500x247.jpg,
downloaded,wp-content/uploads/2023/12/kuliner-natal-1-50x25.jpg,https://joinkuliner.com/wp-content/uploads/2023/12/kuliner-natal-1-50x25.jpg,20231226145529,image/jpeg,1398,a5ef6acd3038ebfd8088e60158d5d6ca3ee85c5e7bbe3738cddb66cdf0eadf75,https://web.archive.org/web/20231226145529id_/https://joinkuliner.com/wp-content/uploads/2023/12/kuliner-natal-1-50x25.jpg,
downloaded,wp-content/uploads/2023/12/kuliner-natal-1-550x272.jpg,https://joinkuliner.com/wp-content/uploads/2023/12/kuliner-natal-1-550x272.jpg,20231226145533,image/jpeg,37646,994cab738bda2ca788a0017199b324bb56a255d231391f2ccea92b6a7a9dc6fa,https://web.archive.org/web/20231226145533id_/https://joinkuliner.com/wp-content/uploads/2023/12/kuliner-natal-1-550x272.jpg,
downloaded,wp-content/uploads/2023/12/kuliner-natal-1-650x321.jpg,https://joinkuliner.com/wp-content/uploads/2023/12/kuliner-natal-1-650x321.jpg,20231226150001,image/jpeg,48554,169d0c28233c563efcac79b36c3d2be15129d669dd5ade721e090b25dd6be2b7,https://web.archive.org/web/20231226150001id_/https://joinkuliner.com/wp-content/uploads/2023/12/kuliner-natal-1-650x321.jpg,
downloaded,wp-content/uploads/2023/12/kuliner-natal-1.jpg,https://joinkuliner.com/wp-content/uploads/2023/12/kuliner-natal-1.jpg,20231226145529,image/jpeg,44596,363ae42fc1ccffac46c251527ac121cdbdd0f42653da0413871196cdf37893dd,https://web.archive.org/web/20231226145529id_/https://joinkuliner.com/wp-content/uploads/2023/12/kuliner-natal-1.jpg,
downloaded,wp-content/uploads/2023/12/nasi-gandul-100x71.jpg,https://joinkuliner.com/wp-content/uploads/2023/12/nasi-gandul-100x71.jpg,20231226145540,image/jpeg,3667,066048cdbcefe0759b4c42bc735a822f1251dc81d9844a86f6ac30ce4b15ccf7,https://web.archive.org/web/20231226145540id_/https://joinkuliner.com/wp-content/uploads/2023/12/nasi-gandul-100x71.jpg,
downloaded,wp-content/uploads/2023/12/nasi-gandul-1200x850.jpg,https://joinkuliner.com/wp-content/uploads/2023/12/nasi-gandul-1200x850.jpg,20231226150823,image/jpeg,215472,1215db92770167aa182976862c1a68879002be2e5d4245f1a5b6c3fea4be88cf,https://web.archive.org/web/20231226150823id_/https://joinkuliner.com/wp-content/uploads/2023/12/nasi-gandul-1200x850.jpg,
downloaded,wp-content/uploads/2023/12/nasi-gandul-150x106.jpg,https://joinkuliner.com/wp-content/uploads/2023/12/nasi-gandul-150x106.jpg,20231226151648,image/jpeg,6809,ce0d4a1eaae67b5805b7e74238e33fdcf21abf6268445af28d1bde4893788f65,https://web.archive.org/web/20231226151648id_/https://joinkuliner.com/wp-content/uploads/2023/12/nasi-gandul-150x106.jpg,
downloaded,wp-content/uploads/2023/12/nasi-gandul-200x142.jpg,https://joinkuliner.com/wp-content/uploads/2023/12/nasi-gandul-200x142.jpg,20231226145548,image/jpeg,10591,3ca89fafc803ec21aed5703322bce30cc50b33b447d8dcc2df6743f35fc3e04c,https://web.archive.org/web/20231226145548id_/https://joinkuliner.com/wp-content/uploads/2023/12/nasi-gandul-200x142.jpg,
downloaded,wp-content/uploads/2023/12/nasi-gandul-250x177.jpg,https://joinkuliner.com/wp-content/uploads/2023/12/nasi-gandul-250x177.jpg,20231226145544,image/jpeg,15730,59ab11843913355aa080eec9bceff8050a6f27695044c77e4fef2c6f172806bd,https://web.archive.org/web/20231226145544id_/https://joinkuliner.com/wp-content/uploads/2023/12/nasi-gandul-250x177.jpg,
downloaded,wp-content/uploads/2023/12/nasi-gandul-300x213.jpg,https://joinkuliner.com/wp-content/uploads/2023/12/nasi-gandul-300x213.jpg,20231226145538,image/jpeg,21439,78c11d084ea09a72481ffac292570bd6be0998ab262369b872efcbe877a24cbf,https://web.archive.org/web/20231226145538id_/https://joinkuliner.com/wp-content/uploads/2023/12/nasi-gandul-300x213.jpg,
downloaded,wp-content/uploads/2023/12/nasi-gandul-350x248.jpg,https://joinkuliner.com/wp-content/uploads/2023/12/nasi-gandul-350x248.jpg,20231226145539,image/jpeg,27509,a6002c5d0c994a42c000e664e2cee8e2445aa1329750fb6bd344adea2d148eb2,https://web.archive.org/web/20231226145539id_/https://joinkuliner.com/wp-content/uploads/2023/12/nasi-gandul-350x248.jpg,
downloaded,wp-content/uploads/2023/12/nasi-gandul-400x283.jpg,https://joinkuliner.com/wp-content/uploads/2023/12/nasi-gandul-400x283.jpg,20231226153316,image/jpeg,34742,8af2fa24d9687b286c23761ea4f4630a399f097cff981a61ff6f273e08cb48e0,https://web.archive.org/web/20231226153316id_/https://joinkuliner.com/wp-content/uploads/2023/12/nasi-gandul-400x283.jpg,
downloaded,wp-content/uploads/2023/12/nasi-gandul-450x319.jpg,https://joinkuliner.com/wp-content/uploads/2023/12/nasi-gandul-450x319.jpg,20231226151653,image/jpeg,42790,08ed5f372472159d325dd5f66e008aae53f417d930ad8add62120210489be2e6,https://web.archive.org/web/20231226151653id_/https://joinkuliner.com/wp-content/uploads/2023/12/nasi-gandul-450x319.jpg,
downloaded,wp-content/uploads/2023/12/nasi-gandul-500x354.jpg,https://joinkuliner.com/wp-content/uploads/2023/12/nasi-gandul-500x354.jpg,20231226145545,image/jpeg,51385,570ce47ea5603e016fc0884d8c3c8fbc8b26d50d09bb387bf73dee287eb0e562,https://web.archive.org/web/20231226145545id_/https://joinkuliner.com/wp-content/uploads/2023/12/nasi-gandul-500x354.jpg,
downloaded,wp-content/uploads/2023/12/nasi-gandul-50x35.jpg,https://joinkuliner.com/wp-content/uploads/2023/12/nasi-gandul-50x35.jpg,20231226145538,image/jpeg,1652,99764967beef2ee9f87e9f65d50a58677b15ba17d8035088215e2687eb423ac4,https://web.archive.org/web/20231226145538id_/https://joinkuliner.com/wp-content/uploads/2023/12/nasi-gandul-50x35.jpg,
downloaded,wp-content/uploads/2023/12/nasi-gandul-550x390.jpg,https://joinkuliner.com/wp-content/uploads/2023/12/nasi-gandul-550x390.jpg,20231226145546,image/jpeg,60231,ae11408cfb4eafe486e1b25d344e0259d782ba3829d1c27298d7d272d046f906,https://web.archive.org/web/20231226145546id_/https://joinkuliner.com/wp-content/uploads/2023/12/nasi-gandul-550x390.jpg,
downloaded,wp-content/uploads/2023/12/nasi-gandul-650x460.jpg,https://joinkuliner.com/wp-content/uploads/2023/12/nasi-gandul-650x460.jpg,20231226145542,image/jpeg,80147,bdb757ed33ec6ad565539197684a4b1d584bf0820cec1b832f01f4ad8a127592,https://web.archive.org/web/20231226145542id_/https://joinkuliner.com/wp-content/uploads/2023/12/nasi-gandul-650x460.jpg,
downloaded,wp-content/uploads/2023/12/nasi-gandul-768x544.jpg,https://joinkuliner.com/wp-content/uploads/2023/12/nasi-gandul-768x544.jpg,20231226145541,image/jpeg,105280,e0b976ef35bba0c532a21382d128e05b3060feb33e694ae5f0169a06337c0d3d,https://web.archive.org/web/20231226145541id_/https://joinkuliner.com/wp-content/uploads/2023/12/nasi-gandul-768x544.jpg,
downloaded,wp-content/uploads/2023/12/nasi-gandul-800x567.jpg,https://joinkuliner.com/wp-content/uploads/2023/12/nasi-gandul-800x567.jpg,20231226150823,image/jpeg,113058,7b71a5a9003e5ca278a7b94b5601d89e073e91069634bead43f6379feab0c354,https://web.archive.org/web/20231226150823id_/https://joinkuliner.com/wp-content/uploads/2023/12/nasi-gandul-800x567.jpg,
downloaded,wp-content/uploads/2023/12/nasi-gandul.jpg,https://joinkuliner.com/wp-content/uploads/2023/12/nasi-gandul.jpg,20231226150825,image/jpeg,270114,fad2a903207a12a00399a39fd588e6f6d2e9d0c5d385fa5035b7059135554da1,https://web.archive.org/web/20231226150825id_/https://joinkuliner.com/wp-content/uploads/2023/12/nasi-gandul.jpg,
downloaded,wp-content/uploads/2023/12/natal-100x66.jpg,https://joinkuliner.com/wp-content/uploads/2023/12/natal-100x66.jpg,20231226145546,image/jpeg,4308,15eafeb4440e80fd7ef44198d5a1fa3cfe35ff4c3471d5dad904320c1479747e,https://web.archive.org/web/20231226145546id_/https://joinkuliner.com/wp-content/uploads/2023/12/natal-100x66.jpg,
downloaded,wp-content/uploads/2023/12/natal-150x99.jpg,https://joinkuliner.com/wp-content/uploads/2023/12/natal-150x99.jpg,20231226145544,image/jpeg,7828,3b06d8a45d7556b7cd9fe2f4cb5b734934c9342f482fee5b725f0a1b5ad983b1,https://web.archive.org/web/20231226145544id_/https://joinkuliner.com/wp-content/uploads/2023/12/natal-150x99.jpg,
downloaded,wp-content/uploads/2023/12/natal-200x132.jpg,https://joinkuliner.com/wp-content/uploads/2023/12/natal-200x132.jpg,20231226145549,image/jpeg,11837,3db93b71839e44678838936fdd8f5b6e9784ab23dce2d5ebc1b667168c5b77ee,https://web.archive.org/web/20231226145549id_/https://joinkuliner.com/wp-content/uploads/2023/12/natal-200x132.jpg,
downloaded,wp-content/uploads/2023/12/natal-250x166.jpg,https://joinkuliner.com/wp-content/uploads/2023/12/natal-250x166.jpg,20231226150024,image/jpeg,16930,7c078313c5940bc676cfb2d6bc5c34e5e669de06cb6e8f293713ce5c09534927,https://web.archive.org/web/20231226150024id_/https://joinkuliner.com/wp-content/uploads/2023/12/natal-250x166.jpg,
downloaded,wp-content/uploads/2023/12/natal-300x199.jpg,https://joinkuliner.com/wp-content/uploads/2023/12/natal-300x199.jpg,20231226150032,image/jpeg,22369,76dfffca965e10c72956efdb9164584832a44d08ea1fdd94ab9db8d32af7a4c9,https://web.archive.org/web/20231226150032id_/https://joinkuliner.com/wp-content/uploads/2023/12/natal-300x199.jpg,
downloaded,wp-content/uploads/2023/12/natal-350x232.jpg,https://joinkuliner.com/wp-content/uploads/2023/12/natal-350x232.jpg,20231226151701,image/jpeg,28201,95a94f3b7a29e154dcfb8432dc11cd1930388b2dc548d1e5cc789d946a64ec27,https://web.archive.org/web/20231226151701id_/https://joinkuliner.com/wp-content/uploads/2023/12/natal-350x232.jpg,
downloaded,wp-content/uploads/2023/12/natal-400x265.jpg,https://joinkuliner.com/wp-content/uploads/2023/12/natal-400x265.jpg,20231226145542,image/jpeg,34873,a5686b955e6e19419aa1f80625981013f7effcec0ad77a684d8aeb1e36b72220,https://web.archive.org/web/20231226145542id_/https://joinkuliner.com/wp-content/uploads/2023/12/natal-400x265.jpg,
downloaded,wp-content/uploads/2023/12/natal-450x298.jpg,https://joinkuliner.com/wp-content/uploads/2023/12/natal-450x298.jpg,20231226153325,image/jpeg,42271,60ce9b7eb322b7efc009a5e31e1243c6f3d51fab3c399064ef55ecaa2642db2c,https://web.archive.org/web/20231226153325id_/https://joinkuliner.com/wp-content/uploads/2023/12/natal-450x298.jpg,
downloaded,wp-content/uploads/2023/12/natal-500x331.jpg,https://joinkuliner.com/wp-content/uploads/2023/12/natal-500x331.jpg,20231226153339,image/jpeg,49291,f7fefe203d6bebcd22d1a45f8b36c150aed760e784ca111561ff801af314035e,https://web.archive.org/web/20231226153339id_/https://joinkuliner.com/wp-content/uploads/2023/12/natal-500x331.jpg,
downloaded,wp-content/uploads/2023/12/natal-50x33.jpg,https://joinkuliner.com/wp-content/uploads/2023/12/natal-50x33.jpg,20231226145545,image/jpeg,1769,b9000d2027182389451d5d4c054833d41031c66191827a9ae646b355bcac78a8,https://web.archive.org/web/20231226145545id_/https://joinkuliner.com/wp-content/uploads/2023/12/natal-50x33.jpg,
downloaded,wp-content/uploads/2023/12/natal-550x364.jpg,https://joinkuliner.com/wp-content/uploads/2023/12/natal-550x364.jpg,20231226151707,image/jpeg,56704,f76421da7c972a0de026019483185282676bd5c0e0909aa9d42ede8401e94f94,https://web.archive.org/web/20231226151707id_/https://joinkuliner.com/wp-content/uploads/2023/12/natal-550x364.jpg,
downloaded,wp-content/uploads/2023/12/natal-650x431.jpg,https://joinkuliner.com/wp-content/uploads/2023/12/natal-650x431.jpg,20231226150016,image/jpeg,72086,ecf68995a182f60e4c1b91d3488d173301aa073ce9194ffc3caae0f13fe61873,https://web.archive.org/web/20231226150016id_/https://joinkuliner.com/wp-content/uploads/2023/12/natal-650x431.jpg,
downloaded,wp-content/uploads/2023/12/natal.jpg,https://joinkuliner.com/wp-content/uploads/2023/12/natal.jpg,20231226150040,image/jpeg,173688,611c442d9805267ec635e05adafd2c2083986cff23b3b404aa32dd443a7dbdb4,https://web.archive.org/web/20231226150040id_/https://joinkuliner.com/wp-content/uploads/2023/12/natal.jpg,
downloaded,wp-content/uploads/2023/12/pandemi-100x57.jpeg,https://joinkuliner.com/wp-content/uploads/2023/12/pandemi-100x57.jpeg,20231211145434,image/jpeg,2905,ed576494680d55feb1f51289fc0b4ac5163593e76199ed18d9db63cd7d4a4dc6,https://web.archive.org/web/20231211145434id_/https://joinkuliner.com/wp-content/uploads/2023/12/pandemi-100x57.jpeg,
downloaded,wp-content/uploads/2023/12/pandemi-150x85.jpeg,https://joinkuliner.com/wp-content/uploads/2023/12/pandemi-150x85.jpeg,20231211145437,image/jpeg,4908,24b8b444d8500e32ed4d9ed73dcd6d520b7e46fd01eb8e1d8c02b48232a20221,https://web.archive.org/web/20231211145437id_/https://joinkuliner.com/wp-content/uploads/2023/12/pandemi-150x85.jpeg,
downloaded,wp-content/uploads/2023/12/pandemi-200x114.jpeg,https://joinkuliner.com/wp-content/uploads/2023/12/pandemi-200x114.jpeg,20231211145435,image/jpeg,7069,a627ecee1f912c9d86e7da871798ad84881bd2f2ada88734f739e02ed2069861,https://web.archive.org/web/20231211145435id_/https://joinkuliner.com/wp-content/uploads/2023/12/pandemi-200x114.jpeg,
downloaded,wp-content/uploads/2023/12/pandemi-250x142.jpeg,https://joinkuliner.com/wp-content/uploads/2023/12/pandemi-250x142.jpeg,20231211145423,image/jpeg,9643,e26a3d0936eccf2681b6a6d7dda204a5ad96becb998165d2776b42455ca7a821,https://web.archive.org/web/20231211145423id_/https://joinkuliner.com/wp-content/uploads/2023/12/pandemi-250x142.jpeg,
downloaded,wp-content/uploads/2023/12/pandemi-300x171.jpeg,https://joinkuliner.com/wp-content/uploads/2023/12/pandemi-300x171.jpeg,20231211145437,image/jpeg,12165,9a9a272aa2e3e8c7a86bd61fd4d08cd47b60edb73730864c4467ab9e6739c232,https://web.archive.org/web/20231211145437id_/https://joinkuliner.com/wp-content/uploads/2023/12/pandemi-300x171.jpeg,
downloaded,wp-content/uploads/2023/12/pandemi-400x228.jpeg,https://joinkuliner.com/wp-content/uploads/2023/12/pandemi-400x228.jpeg,20231211145426,image/jpeg,17910,16e528838c73629eaf487be5e595333f640f65e05cbc235e9db0bc533660d45a,https://web.archive.org/web/20231211145426id_/https://joinkuliner.com/wp-content/uploads/2023/12/pandemi-400x228.jpeg,
downloaded,wp-content/uploads/2023/12/pandemi-50x28.jpeg,https://joinkuliner.com/wp-content/uploads/2023/12/pandemi-50x28.jpeg,20231211145436,image/jpeg,1421,c6362cb9a21b2dbdaeca96d52db3ec93c384dcdcc843ff825b2894d49985bb11,https://web.archive.org/web/20231211145436id_/https://joinkuliner.com/wp-content/uploads/2023/12/pandemi-50x28.jpeg,
downloaded,wp-content/uploads/2023/12/pandemi-650x370.jpeg,https://joinkuliner.com/wp-content/uploads/2023/12/pandemi-650x370.jpeg,20231211145429,image/jpeg,34082,2a4f67888ee11c421ec18d5c0cb8608862e68e46528202a6ccb58fa94ca31168,https://web.archive.org/web/20231211145429id_/https://joinkuliner.com/wp-content/uploads/2023/12/pandemi-650x370.jpeg,
downloaded,wp-content/uploads/2023/12/pandemi-768x437.jpeg,https://joinkuliner.com/wp-content/uploads/2023/12/pandemi-768x437.jpeg,20231211145438,image/jpeg,42129,905d4fed46544881aeb68658f2fb079efbcab396a062bb8293fc7e9fbfe0014f,https://web.archive.org/web/20231211145438id_/https://joinkuliner.com/wp-content/uploads/2023/12/pandemi-768x437.jpeg,
downloaded,wp-content/uploads/2023/12/pandemi-800x455.jpeg,https://joinkuliner.com/wp-content/uploads/2023/12/pandemi-800x455.jpeg,20231211145424,image/jpeg,44098,81c8411426ba60cc1e24ad015a2dbdf5f079da71392159a49926325c10e9194e,https://web.archive.org/web/20231211145424id_/https://joinkuliner.com/wp-content/uploads/2023/12/pandemi-800x455.jpeg,
downloaded,wp-content/uploads/2023/12/pandemi.jpeg,https://joinkuliner.com/wp-content/uploads/2023/12/pandemi.jpeg,20231211145427,image/jpeg,44384,8a27e9853d9f38e936f8eec7766b0576cde688a29ebb9b74a39651ff616480a6,https://web.archive.org/web/20231211145427id_/https://joinkuliner.com/wp-content/uploads/2023/12/pandemi.jpeg,
downloaded,wp-content/uploads/2023/12/pasar-gede-solo-100x67.jpg,https://joinkuliner.com/wp-content/uploads/2023/12/pasar-gede-solo-100x67.jpg,20250810011106,image/jpeg,3810,ef94694e06e4accf169e460e164a7362e11de04cd5bbdd58d2326377a93e3d3c,https://web.archive.org/web/20250810011106id_/https://joinkuliner.com/wp-content/uploads/2023/12/pasar-gede-solo-100x67.jpg,
downloaded,wp-content/uploads/2023/12/pasar-gede-solo-150x100.jpg,https://joinkuliner.com/wp-content/uploads/2023/12/pasar-gede-solo-150x100.jpg,20241204053443,image/jpeg,7167,de10a9a1cc0c1966485eb10eec00b15cb5b9a755cf2d50041a011c76220204b7,https://web.archive.org/web/20241204053443id_/https://joinkuliner.com/wp-content/uploads/2023/12/pasar-gede-solo-150x100.jpg,
downloaded,wp-content/uploads/2023/12/pasar-gede-solo-200x133.jpg,https://joinkuliner.com/wp-content/uploads/2023/12/pasar-gede-solo-200x133.jpg,20241204040503,image/jpeg,11819,31c4cf8d9d2405254f690230b91a7fef0371ddc822dd674890df1b7e9310b609,https://web.archive.org/web/20241204040503id_/https://joinkuliner.com/wp-content/uploads/2023/12/pasar-gede-solo-200x133.jpg,
downloaded,wp-content/uploads/2023/12/pasar-gede-solo-250x166.jpg,https://joinkuliner.com/wp-content/uploads/2023/12/pasar-gede-solo-250x166.jpg,20241204034957,image/jpeg,17617,9563f7977a1ff86414557dadfebc7361215aa97943aaf039de7da400cfc8a4bb,https://web.archive.org/web/20241204034957id_/https://joinkuliner.com/wp-content/uploads/2023/12/pasar-gede-solo-250x166.jpg,
downloaded,wp-content/uploads/2023/12/pasar-gede-solo-300x200.jpg,https://joinkuliner.com/wp-content/uploads/2023/12/pasar-gede-solo-300x200.jpg,20241204035516,image/jpeg,24246,ae41d1fc40de6b25d3bd67f4aba852de8295384b0db4b80f6643a709a9ef5d59,https://web.archive.org/web/20241204035516id_/https://joinkuliner.com/wp-content/uploads/2023/12/pasar-gede-solo-300x200.jpg,
downloaded,wp-content/uploads/2023/12/pasar-gede-solo-350x233.jpg,https://joinkuliner.com/wp-content/uploads/2023/12/pasar-gede-solo-350x233.jpg,20241204035029,image/jpeg,31946,84c8b80352f30780545dcaca2893d6baf50038d01b2af0cc6e94d1234ca54f55,https://web.archive.org/web/20241204035029id_/https://joinkuliner.com/wp-content/uploads/2023/12/pasar-gede-solo-350x233.jpg,
downloaded,wp-content/uploads/2023/12/pasar-gede-solo-400x266.jpg,https://joinkuliner.com/wp-content/uploads/2023/12/pasar-gede-solo-400x266.jpg,20241204052341,image/jpeg,40718,d544a56304beb832fd712f7483bad39194494469ea08ea9aed9a1af8d57bc37f,https://web.archive.org/web/20241204052341id_/https://joinkuliner.com/wp-content/uploads/2023/12/pasar-gede-solo-400x266.jpg,
downloaded,wp-content/uploads/2023/12/pasar-gede-solo-450x299.jpg,https://joinkuliner.com/wp-content/uploads/2023/12/pasar-gede-solo-450x299.jpg,20241204040338,image/jpeg,50079,dc2fdb4ddcee6a7392bd29881008d31a1713b490e3312abc54660e51174552eb,https://web.archive.org/web/20241204040338id_/https://joinkuliner.com/wp-content/uploads/2023/12/pasar-gede-solo-450x299.jpg,
downloaded,wp-content/uploads/2023/12/pasar-gede-solo-500x333.jpg,https://joinkuliner.com/wp-content/uploads/2023/12/pasar-gede-solo-500x333.jpg,20241204040841,image/jpeg,60103,472d421fc6b1636ee007094a4b26ac5d6db96289008c1f1f7f48ef6b847290d3,https://web.archive.org/web/20241204040841id_/https://joinkuliner.com/wp-content/uploads/2023/12/pasar-gede-solo-500x333.jpg,
downloaded,wp-content/uploads/2023/12/pasar-gede-solo-50x33.jpg,https://joinkuliner.com/wp-content/uploads/2023/12/pasar-gede-solo-50x33.jpg,20250810161739,image/jpeg,1564,e2c36eb0480b060d3ad1a84c8ca9efff551902fcef9629550bb8d5278bc84a3a,https://web.archive.org/web/20250810161739id_/https://joinkuliner.com/wp-content/uploads/2023/12/pasar-gede-solo-50x33.jpg,
downloaded,wp-content/uploads/2023/12/pasar-gede-solo-550x366.jpg,https://joinkuliner.com/wp-content/uploads/2023/12/pasar-gede-solo-550x366.jpg,20241204040606,image/jpeg,70403,29c2108601f995651abcdbeb4a00449dacd8681860074d353943f2e4738a8a7a,https://web.archive.org/web/20241204040606id_/https://joinkuliner.com/wp-content/uploads/2023/12/pasar-gede-solo-550x366.jpg,
downloaded,wp-content/uploads/2023/12/pasar-gede-solo-650x432.jpg,https://joinkuliner.com/wp-content/uploads/2023/12/pasar-gede-solo-650x432.jpg,20241204035313,image/jpeg,93472,585cf4f9166c235eb70bba330ae7e2f51cb1c38bbc35bef51a847477759ff585,https://web.archive.org/web/20241204035313id_/https://joinkuliner.com/wp-content/uploads/2023/12/pasar-gede-solo-650x432.jpg,
downloaded,wp-content/uploads/2023/12/pasar-gede-solo.jpg,https://joinkuliner.com/wp-content/uploads/2023/12/pasar-gede-solo.jpg,20241204040141,image/jpeg,107941,15617866627a595cc2282ff2a73c95a78d1ed945860251b92b1af479f7d8a419,https://web.archive.org/web/20241204040141id_/https://joinkuliner.com/wp-content/uploads/2023/12/pasar-gede-solo.jpg,
downloaded,wp-content/uploads/2023/12/promo-100x67.jpg,https://joinkuliner.com/wp-content/uploads/2023/12/promo-100x67.jpg,20231226145524,image/jpeg,2688,7f900f7ece29a3e982e6fcf55600587dc68d3d78d455fd8cc00b3fd89f8019ab,https://web.archive.org/web/20231226145524id_/https://joinkuliner.com/wp-content/uploads/2023/12/promo-100x67.jpg,
downloaded,wp-content/uploads/2023/12/promo-150x100.jpg,https://joinkuliner.com/wp-content/uploads/2023/12/promo-150x100.jpg,20231226145938,image/jpeg,4027,5ec723a9cf59b87e950eba2fc60c37c9a113c817c75f7a0f237e0b7c71a17efe,https://web.archive.org/web/20231226145938id_/https://joinkuliner.com/wp-content/uploads/2023/12/promo-150x100.jpg,
downloaded,wp-content/uploads/2023/12/promo-200x133.jpg,https://joinkuliner.com/wp-content/uploads/2023/12/promo-200x133.jpg,20231226145523,image/jpeg,5722,6c7dc36889c31ea6200343617c2c52188206eeaeae037f5fb849bb0b5d00c32d,https://web.archive.org/web/20231226145523id_/https://joinkuliner.com/wp-content/uploads/2023/12/promo-200x133.jpg,
downloaded,wp-content/uploads/2023/12/promo-250x167.jpg,https://joinkuliner.com/wp-content/uploads/2023/12/promo-250x167.jpg,20231226150054,image/jpeg,7223,ebf92d9452c8934bb6db89ac1f7f50e2e717520c9c7f0095556666e1f745b3db,https://web.archive.org/web/20231226150054id_/https://joinkuliner.com/wp-content/uploads/2023/12/promo-250x167.jpg,
downloaded,wp-content/uploads/2023/12/promo-300x200.jpg,https://joinkuliner.com/wp-content/uploads/2023/12/promo-300x200.jpg,20231226145946,image/jpeg,8758,9b18f66e2fce9a85bc3581ec2fa979740d683df87f4d5053afe2bcaad7e9569a,https://web.archive.org/web/20231226145946id_/https://joinkuliner.com/wp-content/uploads/2023/12/promo-300x200.jpg,
downloaded,wp-content/uploads/2023/12/promo-350x233.jpg,https://joinkuliner.com/wp-content/uploads/2023/12/promo-350x233.jpg,20231226145524,image/jpeg,10617,5e8702dabd0c8c691816e94777503b0dbefe8c2ee7b94b8697c5e81e341125c5,https://web.archive.org/web/20231226145524id_/https://joinkuliner.com/wp-content/uploads/2023/12/promo-350x233.jpg,
downloaded,wp-content/uploads/2023/12/promo-400x267.jpg,https://joinkuliner.com/wp-content/uploads/2023/12/promo-400x267.jpg,20231226151722,image/jpeg,12685,2c24799ce0d75f1e7c09ca6b112eda53996519e8cd2d607a9a77da29e814106b,https://web.archive.org/web/20231226151722id_/https://joinkuliner.com/wp-content/uploads/2023/12/promo-400x267.jpg,
downloaded,wp-content/uploads/2023/12/promo-450x300.jpg,https://joinkuliner.com/wp-content/uploads/2023/12/promo-450x300.jpg,20231226151714,image/jpeg,14619,7afb2c6438384e4442cc96f638468e30e9b8f279491c015c134b6da307ba284f,https://web.archive.org/web/20231226151714id_/https://joinkuliner.com/wp-content/uploads/2023/12/promo-450x300.jpg,
downloaded,wp-content/uploads/2023/12/promo-500x333.jpg,https://joinkuliner.com/wp-content/uploads/2023/12/promo-500x333.jpg,20231226145523,image/jpeg,16413,b7e4fb0f461e50d94df2fd29e041df1841e570dc7e44e55ace3bf6255c0ca459,https://web.archive.org/web/20231226145523id_/https://joinkuliner.com/wp-content/uploads/2023/12/promo-500x333.jpg,
downloaded,wp-content/uploads/2023/12/promo-50x33.jpg,https://joinkuliner.com/wp-content/uploads/2023/12/promo-50x33.jpg,20231226145524,image/jpeg,1418,a26dea57697b9c309e6296d97491a5db683f906f575b5be570c4426bdf44f74a,https://web.archive.org/web/20231226145524id_/https://joinkuliner.com/wp-content/uploads/2023/12/promo-50x33.jpg,
downloaded,wp-content/uploads/2023/12/promo-550x367.jpg,https://joinkuliner.com/wp-content/uploads/2023/12/promo-550x367.jpg,20231226145525,image/jpeg,18562,e5a8c5ad9864b3513c04924e00fb977f20105474c231d6b4c46a8512cf066858,https://web.archive.org/web/20231226145525id_/https://joinkuliner.com/wp-content/uploads/2023/12/promo-550x367.jpg,
downloaded,wp-content/uploads/2023/12/promo-650x433.jpg,https://joinkuliner.com/wp-content/uploads/2023/12/promo-650x433.jpg,20231226150115,image/jpeg,23102,5e663a5028932010d74bf20ebae6d4759e2019dfb402b103d7ae33543e3e4874,https://web.archive.org/web/20231226150115id_/https://joinkuliner.com/wp-content/uploads/2023/12/promo-650x433.jpg,
downloaded,wp-content/uploads/2023/12/promo-768x512.jpg,https://joinkuliner.com/wp-content/uploads/2023/12/promo-768x512.jpg,20231226145523,image/jpeg,28283,48331b4d62c3c895969e48438bee3e4d1909a3876caef771de695d6c62286dee,https://web.archive.org/web/20231226145523id_/https://joinkuliner.com/wp-content/uploads/2023/12/promo-768x512.jpg,
downloaded,wp-content/uploads/2023/12/promo-800x533.jpg,https://joinkuliner.com/wp-content/uploads/2023/12/promo-800x533.jpg,20231226150100,image/jpeg,29858,fd6cc842bf2a34d555ad28159677af912dd44fb1d57f3cc0f066294347a35ad1,https://web.archive.org/web/20231226150100id_/https://joinkuliner.com/wp-content/uploads/2023/12/promo-800x533.jpg,
downloaded,wp-content/uploads/2023/12/promo.jpg,https://joinkuliner.com/wp-content/uploads/2023/12/promo.jpg,20231226145527,image/jpeg,48814,0638bb219dc7852cddb261a3b034e9da7003418ec752329531b6f61655cf4f97,https://web.archive.org/web/20231226145527id_/https://joinkuliner.com/wp-content/uploads/2023/12/promo.jpg,
downloaded,wp-content/uploads/2023/12/tahun-baru-100x67.jpg,https://joinkuliner.com/wp-content/uploads/2023/12/tahun-baru-100x67.jpg,20241204040023,image/jpeg,2695,c528f58023d243f0bbc1cc3d7a85340655928b9352122b5b8504c03f7c1d9b86,https://web.archive.org/web/20241204040023id_/https://joinkuliner.com/wp-content/uploads/2023/12/tahun-baru-100x67.jpg,
downloaded,wp-content/uploads/2023/12/tahun-baru-150x100.jpg,https://joinkuliner.com/wp-content/uploads/2023/12/tahun-baru-150x100.jpg,20241204043500,image/jpeg,4823,20f307fa33197d6b8d1599ade3442e5f00bef24991def17ad4f56522d388c875,https://web.archive.org/web/20241204043500id_/https://joinkuliner.com/wp-content/uploads/2023/12/tahun-baru-150x100.jpg,
downloaded,wp-content/uploads/2023/12/tahun-baru-200x133.jpg,https://joinkuliner.com/wp-content/uploads/2023/12/tahun-baru-200x133.jpg,20241204035641,image/jpeg,7650,d36b52b87673791f37c7103a4ccef383045cb457b9165805d401abdbce58560d,https://web.archive.org/web/20241204035641id_/https://joinkuliner.com/wp-content/uploads/2023/12/tahun-baru-200x133.jpg,
downloaded,wp-content/uploads/2023/12/tahun-baru-250x167.jpg,https://joinkuliner.com/wp-content/uploads/2023/12/tahun-baru-250x167.jpg,20250809140548,image/jpeg,11344,bf69d278997ae87a8f8c47e8a85e36176bdc4178d8011ec10a8706f8f438df95,https://web.archive.org/web/20250809140548id_/https://joinkuliner.com/wp-content/uploads/2023/12/tahun-baru-250x167.jpg,
downloaded,wp-content/uploads/2023/12/tahun-baru-300x200.jpg,https://joinkuliner.com/wp-content/uploads/2023/12/tahun-baru-300x200.jpg,20241204035618,image/jpeg,15724,18b8e015457cb03d7aac19ac576051b5625c0fcfaeacbc0f908855229de3ecdf,https://web.archive.org/web/20241204035618id_/https://joinkuliner.com/wp-content/uploads/2023/12/tahun-baru-300x200.jpg,
downloaded,wp-content/uploads/2023/12/tahun-baru-350x233.jpg,https://joinkuliner.com/wp-content/uploads/2023/12/tahun-baru-350x233.jpg,20250810090642,image/jpeg,20799,59ef4013c162381ff8e501be9081d76a0acbb774d854fc735cb8ec687fd3383b,https://web.archive.org/web/20250810090642id_/https://joinkuliner.com/wp-content/uploads/2023/12/tahun-baru-350x233.jpg,
downloaded,wp-content/uploads/2023/12/tahun-baru-400x267.jpg,https://joinkuliner.com/wp-content/uploads/2023/12/tahun-baru-400x267.jpg,20241204040121,image/jpeg,26229,8b5ddd6634b96df5ee7ac81e6e029548da039c4a1540bdedccfc381827de99de,https://web.archive.org/web/20241204040121id_/https://joinkuliner.com/wp-content/uploads/2023/12/tahun-baru-400x267.jpg,
downloaded,wp-content/uploads/2023/12/tahun-baru-450x300.jpg,https://joinkuliner.com/wp-content/uploads/2023/12/tahun-baru-450x300.jpg,20241204035121,image/jpeg,32926,9303a3cb356d0e4ee52dd50937472ffe9d7a6a53a40dd4d2e5716da010572a52,https://web.archive.org/web/20241204035121id_/https://joinkuliner.com/wp-content/uploads/2023/12/tahun-baru-450x300.jpg,
downloaded,wp-content/uploads/2023/12/tahun-baru-500x333.jpg,https://joinkuliner.com/wp-content/uploads/2023/12/tahun-baru-500x333.jpg,20241204054225,image/jpeg,39261,02ecd97e1f7c6040c4e7c3feb74c68d606d5b8e4aca3766ddc33b20eff59f65c,https://web.archive.org/web/20241204054225id_/https://joinkuliner.com/wp-content/uploads/2023/12/tahun-baru-500x333.jpg,
downloaded,wp-content/uploads/2023/12/tahun-baru-50x33.jpg,https://joinkuliner.com/wp-content/uploads/2023/12/tahun-baru-50x33.jpg,20241204034954,image/jpeg,1328,d5c30e726983f73f5191446d207e3b785f8eaf1565f79bd451d5e59c6c9f98c2,https://web.archive.org/web/20241204034954id_/https://joinkuliner.com/wp-content/uploads/2023/12/tahun-baru-50x33.jpg,
downloaded,wp-content/uploads/2023/12/tahun-baru-550x367.jpg,https://joinkuliner.com/wp-content/uploads/2023/12/tahun-baru-550x367.jpg,20241204040823,image/jpeg,45880,0b4a9da1ab7e48577abf87145874079b322ef502c6b19723ae64f7c4d23b959e,https://web.archive.org/web/20241204040823id_/https://joinkuliner.com/wp-content/uploads/2023/12/tahun-baru-550x367.jpg,
downloaded,wp-content/uploads/2023/12/tahun-baru-650x433.jpg,https://joinkuliner.com/wp-content/uploads/2023/12/tahun-baru-650x433.jpg,20241204035139,image/jpeg,60967,b364e6438a51a7f7a4c5c57e5aa9afdc4232176a79ca4694efafd3b9f59f921a,https://web.archive.org/web/20241204035139id_/https://joinkuliner.com/wp-content/uploads/2023/12/tahun-baru-650x433.jpg,
downloaded,wp-content/uploads/2023/12/tahun-baru.jpg,https://joinkuliner.com/wp-content/uploads/2023/12/tahun-baru.jpg,20241204035905,image/jpeg,76884,b67151eb4897a4c72ad8dddb4ab19cdad0036aae977f7c2a7966bd4e027e1ef1,https://web.archive.org/web/20241204035905id_/https://joinkuliner.com/wp-content/uploads/2023/12/tahun-baru.jpg,
downloaded,wp-content/uploads/2023/12/waralaba-100x56.jpg,https://joinkuliner.com/wp-content/uploads/2023/12/waralaba-100x56.jpg,20231211143212,image/jpeg,3466,37f787c4005b18fbe0ee763738974df582afadc82314040eaa99b9f35c75e7cc,https://web.archive.org/web/20231211143212id_/https://joinkuliner.com/wp-content/uploads/2023/12/waralaba-100x56.jpg,
downloaded,wp-content/uploads/2023/12/waralaba-150x84.jpg,https://joinkuliner.com/wp-content/uploads/2023/12/waralaba-150x84.jpg,20231211143209,image/jpeg,6040,4cfb9d5e602ad6959ff92e7cfc6c40150c4d49dabf7941d07dd4ccddb315b6ce,https://web.archive.org/web/20231211143209id_/https://joinkuliner.com/wp-content/uploads/2023/12/waralaba-150x84.jpg,
downloaded,wp-content/uploads/2023/12/waralaba-200x112.jpg,https://joinkuliner.com/wp-content/uploads/2023/12/waralaba-200x112.jpg,20231211143223,image/jpeg,9013,187690c91b334e3047514245abdd6f712bfb73c61c8360bf4079750ce910941a,https://web.archive.org/web/20231211143223id_/https://joinkuliner.com/wp-content/uploads/2023/12/waralaba-200x112.jpg,
downloaded,wp-content/uploads/2023/12/waralaba-250x140.jpg,https://joinkuliner.com/wp-content/uploads/2023/12/waralaba-250x140.jpg,20231211143209,image/jpeg,12103,48658c77f0a80712ffa5fce20820395e411a76c58120ba912131d6e3f1cebd5d,https://web.archive.org/web/20231211143209id_/https://joinkuliner.com/wp-content/uploads/2023/12/waralaba-250x140.jpg,
downloaded,wp-content/uploads/2023/12/waralaba-300x168.jpg,https://joinkuliner.com/wp-content/uploads/2023/12/waralaba-300x168.jpg,20231211143243,image/jpeg,15385,4dec31f2ee4acfe93b50cee11017ae2f7fbdb76e25d68ef3daa3e39a44fcb75a,https://web.archive.org/web/20231211143243id_/https://joinkuliner.com/wp-content/uploads/2023/12/waralaba-300x168.jpg,
downloaded,wp-content/uploads/2023/12/waralaba-350x197.jpg,https://joinkuliner.com/wp-content/uploads/2023/12/waralaba-350x197.jpg,20231211143227,image/jpeg,18881,218df3af258da8533803a42fcff9aad55a1aa4db3eef086a55f11acd6fbe1e58,https://web.archive.org/web/20231211143227id_/https://joinkuliner.com/wp-content/uploads/2023/12/waralaba-350x197.jpg,
downloaded,wp-content/uploads/2023/12/waralaba-400x225.jpg,https://joinkuliner.com/wp-content/uploads/2023/12/waralaba-400x225.jpg,20231211143208,image/jpeg,22042,fe657ab54e3a8f18369fbef6a4f58c4f043d94c593af4807aac07997c762eea4,https://web.archive.org/web/20231211143208id_/https://joinkuliner.com/wp-content/uploads/2023/12/waralaba-400x225.jpg,
downloaded,wp-content/uploads/2023/12/waralaba-450x253.jpg,https://joinkuliner.com/wp-content/uploads/2023/12/waralaba-450x253.jpg,20231211143222,image/jpeg,25357,525f7af023066134c8ecdb7c4d8e7d35e703955dc1a01ddc7fc80093820f3abc,https://web.archive.org/web/20231211143222id_/https://joinkuliner.com/wp-content/uploads/2023/12/waralaba-450x253.jpg,
downloaded,wp-content/uploads/2023/12/waralaba-500x281.jpg,https://joinkuliner.com/wp-content/uploads/2023/12/waralaba-500x281.jpg,20231211143219,image/jpeg,28909,5ae9f63d2907c10019623049bdb40fab4d551e45a3234b410889dce6af9aaaac,https://web.archive.org/web/20231211143219id_/https://joinkuliner.com/wp-content/uploads/2023/12/waralaba-500x281.jpg,
downloaded,wp-content/uploads/2023/12/waralaba-50x28.jpg,https://joinkuliner.com/wp-content/uploads/2023/12/waralaba-50x28.jpg,20231211143213,image/jpeg,1543,327d0140ad74fe841d1cf5998fa769c859ba2f02ae286397069b117bbcf809fa,https://web.archive.org/web/20231211143213id_/https://joinkuliner.com/wp-content/uploads/2023/12/waralaba-50x28.jpg,
downloaded,wp-content/uploads/2023/12/waralaba-550x309.jpg,https://joinkuliner.com/wp-content/uploads/2023/12/waralaba-550x309.jpg,20231211143210,image/jpeg,32495,86287ee3331c8dc82da42bc4e7980030f484db35c9f43eb19098c84766008ea8,https://web.archive.org/web/20231211143210id_/https://joinkuliner.com/wp-content/uploads/2023/12/waralaba-550x309.jpg,
downloaded,wp-content/uploads/2023/12/waralaba-650x365.jpg,https://joinkuliner.com/wp-content/uploads/2023/12/waralaba-650x365.jpg,20231211143217,image/jpeg,39861,d02f622bc2b2c283461c75886c25bebdd34e746ee5d65349e75df4259264162a,https://web.archive.org/web/20231211143217id_/https://joinkuliner.com/wp-content/uploads/2023/12/waralaba-650x365.jpg,
downloaded,wp-content/uploads/2023/12/waralaba.jpg,https://joinkuliner.com/wp-content/uploads/2023/12/waralaba.jpg,20231211143220,image/jpeg,38435,4e9248062411eb1b92fbf0d50f27c8452e7ac7973e59661f40ecef659452426d,https://web.archive.org/web/20231211143220id_/https://joinkuliner.com/wp-content/uploads/2023/12/waralaba.jpg,
downloaded,wp-content/uploads/2023/12/wisata-kuliner-jakarta-2-100x57.jpg,https://joinkuliner.com/wp-content/uploads/2023/12/wisata-kuliner-jakarta-2-100x57.jpg,20240203160924,image/jpeg,3416,282cec3705e4bb08c07cc41ec9812fd113eccdb0b2f2f8514dad2f23d684fa06,https://web.archive.org/web/20240203160924id_/https://joinkuliner.com/wp-content/uploads/2023/12/wisata-kuliner-jakarta-2-100x57.jpg,
downloaded,wp-content/uploads/2023/12/wisata-kuliner-jakarta-2-150x85.jpg,https://joinkuliner.com/wp-content/uploads/2023/12/wisata-kuliner-jakarta-2-150x85.jpg,20240203160938,image/jpeg,6041,f29267242f55242ff73c45396f9ecb0e7e0523a2b31c74c4d0a3bc87828e2e2d,https://web.archive.org/web/20240203160938id_/https://joinkuliner.com/wp-content/uploads/2023/12/wisata-kuliner-jakarta-2-150x85.jpg,
downloaded,wp-content/uploads/2023/12/wisata-kuliner-jakarta-2-250x142.jpg,https://joinkuliner.com/wp-content/uploads/2023/12/wisata-kuliner-jakarta-2-250x142.jpg,20240203160927,image/jpeg,13340,de813d2ed9da10adff52d298110aad6f0fd25f71c25a956b534254c95c913579,https://web.archive.org/web/20240203160927id_/https://joinkuliner.com/wp-content/uploads/2023/12/wisata-kuliner-jakarta-2-250x142.jpg,
downloaded,wp-content/uploads/2023/12/wisata-kuliner-jakarta-2-350x199.jpg,https://joinkuliner.com/wp-content/uploads/2023/12/wisata-kuliner-jakarta-2-350x199.jpg,20240206211619,image/jpeg,22901,cf948e8bfc91a1fa70c8acd542bb0a693436be92b9e79e382aeecfa4b129098a,https://web.archive.org/web/20240206211619id_/https://joinkuliner.com/wp-content/uploads/2023/12/wisata-kuliner-jakarta-2-350x199.jpg,
downloaded,wp-content/uploads/2023/12/wisata-kuliner-jakarta-2-400x227.jpg,https://joinkuliner.com/wp-content/uploads/2023/12/wisata-kuliner-jakarta-2-400x227.jpg,20240203160941,image/jpeg,28449,8a3bf55eedbbfd0f4662251f9a778b9e37316665012225ba8823d1b8e1d29b9f,https://web.archive.org/web/20240203160941id_/https://joinkuliner.com/wp-content/uploads/2023/12/wisata-kuliner-jakarta-2-400x227.jpg,
downloaded,wp-content/uploads/2023/12/wisata-kuliner-jakarta-2-450x256.jpg,https://joinkuliner.com/wp-content/uploads/2023/12/wisata-kuliner-jakarta-2-450x256.jpg,20240203160938,image/jpeg,33995,1fe158edbbf8963e987cab2574505db1bd11f06b1b8f39ebdad0d6d4c5b6edae,https://web.archive.org/web/20240203160938id_/https://joinkuliner.com/wp-content/uploads/2023/12/wisata-kuliner-jakarta-2-450x256.jpg,
downloaded,wp-content/uploads/2023/12/wisata-kuliner-jakarta-2-500x284.jpg,https://joinkuliner.com/wp-content/uploads/2023/12/wisata-kuliner-jakarta-2-500x284.jpg,20240203160926,image/jpeg,40153,20f3139816feeb8bb3b2e3282d7e61326f0951c52ff2934a26ea715c2114e11a,https://web.archive.org/web/20240203160926id_/https://joinkuliner.com/wp-content/uploads/2023/12/wisata-kuliner-jakarta-2-500x284.jpg,
downloaded,wp-content/uploads/2023/12/wisata-kuliner-jakarta-2-50x28.jpg,https://joinkuliner.com/wp-content/uploads/2023/12/wisata-kuliner-jakarta-2-50x28.jpg,20240203160937,image/jpeg,1517,6dc384b8d71a28637927b0785b118a78a5922088616de8be63928e170ea854c3,https://web.archive.org/web/20240203160937id_/https://joinkuliner.com/wp-content/uploads/2023/12/wisata-kuliner-jakarta-2-50x28.jpg,
downloaded,wp-content/uploads/2023/12/wisata-kuliner-jakarta-2-550x312.jpg,https://joinkuliner.com/wp-content/uploads/2023/12/wisata-kuliner-jakarta-2-550x312.jpg,20240203160935,image/jpeg,45954,589871d4641e2142dfca88cddf29d08eff7d62dc36ce0c3d7d5771fb96741a65,https://web.archive.org/web/20240203160935id_/https://joinkuliner.com/wp-content/uploads/2023/12/wisata-kuliner-jakarta-2-550x312.jpg,
downloaded,wp-content/uploads/2023/12/wisata-kuliner-jakarta-2-650x369.jpg,https://joinkuliner.com/wp-content/uploads/2023/12/wisata-kuliner-jakarta-2-650x369.jpg,20240203160927,image/jpeg,59675,e37151c021029e892c69991b247ee4030720da329cfa5fa115ee16f98535f347,https://web.archive.org/web/20240203160927id_/https://joinkuliner.com/wp-content/uploads/2023/12/wisata-kuliner-jakarta-2-650x369.jpg,
downloaded,wp-content/uploads/2023/12/wisata-kuliner-jakarta-2-768x436.jpg,https://joinkuliner.com/wp-content/uploads/2023/12/wisata-kuliner-jakarta-2-768x436.jpg,20240203160929,image/jpeg,75835,06c4c3a8bbc627564c316c05235db182b793e346c11b89d216708f71dad5d25c,https://web.archive.org/web/20240203160929id_/https://joinkuliner.com/wp-content/uploads/2023/12/wisata-kuliner-jakarta-2-768x436.jpg,
downloaded,wp-content/uploads/2023/12/wisata-kuliner-jakarta-2-800x454.jpg,https://joinkuliner.com/wp-content/uploads/2023/12/wisata-kuliner-jakarta-2-800x454.jpg,20240203162509,image/jpeg,80395,4f554e85a6a38399c67a421599a8e92c07c98483f0a9f653d417024a34dbc5f5,https://web.archive.org/web/20240203162509id_/https://joinkuliner.com/wp-content/uploads/2023/12/wisata-kuliner-jakarta-2-800x454.jpg,
downloaded,wp-content/uploads/2023/12/wisata-kuliner-jakarta-2.jpg,https://joinkuliner.com/wp-content/uploads/2023/12/wisata-kuliner-jakarta-2.jpg,20240206211720,image/jpeg,51304,b2bfe623952ff77d9c767762c1a7ee5f850b4e699d272fc7631c07ef7af8cc52,https://web.archive.org/web/20240206211720id_/https://joinkuliner.com/wp-content/uploads/2023/12/wisata-kuliner-jakarta-2.jpg,
downloaded,wp-content/uploads/2024/01/Asinan_Betawi_2-1-100x78.webp,https://joinkuliner.com/wp-content/uploads/2024/01/Asinan_Betawi_2-1-100x78.webp,20250609032651,image/webp,2806,f9f538951b097024f683307bf0986df1d0450d3659201041bc5f7597aa79a054,https://web.archive.org/web/20250609032651id_/https://joinkuliner.com/wp-content/uploads/2024/01/Asinan_Betawi_2-1-100x78.webp,
downloaded,wp-content/uploads/2024/01/Asinan_Betawi_2-1-1200x938.webp,https://joinkuliner.com/wp-content/uploads/2024/01/Asinan_Betawi_2-1-1200x938.webp,20250609032602,image/webp,144722,2ff8cff290bae56f73015c690b8491992131c0020532a65a81c418aab292657a,https://web.archive.org/web/20250609032602id_/https://joinkuliner.com/wp-content/uploads/2024/01/Asinan_Betawi_2-1-1200x938.webp,
downloaded,wp-content/uploads/2024/01/Asinan_Betawi_2-1-150x117.webp,https://joinkuliner.com/wp-content/uploads/2024/01/Asinan_Betawi_2-1-150x117.webp,20250609032459,image/webp,5286,bb94a475b67aad2441686f5109f5508dc61dd8b726b7db0904043836d2a2414f,https://web.archive.org/web/20250609032459id_/https://joinkuliner.com/wp-content/uploads/2024/01/Asinan_Betawi_2-1-150x117.webp,
downloaded,wp-content/uploads/2024/01/Asinan_Betawi_2-1-1536x1201.webp,https://joinkuliner.com/wp-content/uploads/2024/01/Asinan_Betawi_2-1-1536x1201.webp,20250609032605,image/webp,203650,5edc0ade7b1f41756a8c92820a4f39a8a19dc52e627d6dee4b6edda3e2617737,https://web.archive.org/web/20250609032605id_/https://joinkuliner.com/wp-content/uploads/2024/01/Asinan_Betawi_2-1-1536x1201.webp,
downloaded,wp-content/uploads/2024/01/Asinan_Betawi_2-1-2000x1564.webp,https://joinkuliner.com/wp-content/uploads/2024/01/Asinan_Betawi_2-1-2000x1564.webp,20250609032519,image/webp,301092,8c5864c2ac931a4f3f2e806fd3f205cb759711ff6fe37410ef053f4f8847827f,https://web.archive.org/web/20250609032519id_/https://joinkuliner.com/wp-content/uploads/2024/01/Asinan_Betawi_2-1-2000x1564.webp,
downloaded,wp-content/uploads/2024/01/Asinan_Betawi_2-1-200x156.webp,https://joinkuliner.com/wp-content/uploads/2024/01/Asinan_Betawi_2-1-200x156.webp,20250609104230,image/webp,8382,e7f1a35cb2ba003c9b72fdfa443ecc2b1c51ca889983c8c43b0474abb8fa82fd,https://web.archive.org/web/20250609104230id_/https://joinkuliner.com/wp-content/uploads/2024/01/Asinan_Betawi_2-1-200x156.webp,
downloaded,wp-content/uploads/2024/01/Asinan_Betawi_2-1-2048x1602.webp,https://joinkuliner.com/wp-content/uploads/2024/01/Asinan_Betawi_2-1-2048x1602.webp,20250609032521,image/webp,310842,82f9c5f255a5db7f4dbfda9e340e5c9c15e46d4235b5248665c3fe9cce96ceb1,https://web.archive.org/web/20250609032521id_/https://joinkuliner.com/wp-content/uploads/2024/01/Asinan_Betawi_2-1-2048x1602.webp,
downloaded,wp-content/uploads/2024/01/Asinan_Betawi_2-1-250x196.webp,https://joinkuliner.com/wp-content/uploads/2024/01/Asinan_Betawi_2-1-250x196.webp,20250609032605,image/webp,12010,f5bc4d68d9380ac44bcc8a6713d34214d3078159128fe87a784d05148871787c,https://web.archive.org/web/20250609032605id_/https://joinkuliner.com/wp-content/uploads/2024/01/Asinan_Betawi_2-1-250x196.webp,
downloaded,wp-content/uploads/2024/01/Asinan_Betawi_2-1-300x235.webp,https://joinkuliner.com/wp-content/uploads/2024/01/Asinan_Betawi_2-1-300x235.webp,20250609211233,image/webp,16034,069574b36ed5d6043f00c6fd4a94f049938d4a64673f3049dbfe3916fdff7884,https://web.archive.org/web/20250609211233id_/https://joinkuliner.com/wp-content/uploads/2024/01/Asinan_Betawi_2-1-300x235.webp,
downloaded,wp-content/uploads/2024/01/Asinan_Betawi_2-1-350x274.webp,https://joinkuliner.com/wp-content/uploads/2024/01/Asinan_Betawi_2-1-350x274.webp,20250609084329,image/webp,20868,feb31c5cbada2fbf7cfc3931b5bb28dbbffac8c5a61862fa43af98bf4df696ae,https://web.archive.org/web/20250609084329id_/https://joinkuliner.com/wp-content/uploads/2024/01/Asinan_Betawi_2-1-350x274.webp,
downloaded,wp-content/uploads/2024/01/Asinan_Betawi_2-1-400x313.webp,https://joinkuliner.com/wp-content/uploads/2024/01/Asinan_Betawi_2-1-400x313.webp,20250609032522,image/webp,25784,1eafd75599508ef3d664dcf92606ab9bfc59fbf1ba9e6dfe5e9241f8645b1166,https://web.archive.org/web/20250609032522id_/https://joinkuliner.com/wp-content/uploads/2024/01/Asinan_Betawi_2-1-400x313.webp,
downloaded,wp-content/uploads/2024/01/Asinan_Betawi_2-1-450x352.webp,https://joinkuliner.com/wp-content/uploads/2024/01/Asinan_Betawi_2-1-450x352.webp,20250609101451,image/webp,30714,01b7323e2a0b4ed6736f620480a0e0a7c19af5d72e01d39eabfbf75b92125534,https://web.archive.org/web/20250609101451id_/https://joinkuliner.com/wp-content/uploads/2024/01/Asinan_Betawi_2-1-450x352.webp,
downloaded,wp-content/uploads/2024/01/Asinan_Betawi_2-1-500x391.webp,https://joinkuliner.com/wp-content/uploads/2024/01/Asinan_Betawi_2-1-500x391.webp,20250609032623,image/webp,36804,644c740c56890ae244b5659e8e25b6463569c72d9a30f9f19c777064fbda38b2,https://web.archive.org/web/20250609032623id_/https://joinkuliner.com/wp-content/uploads/2024/01/Asinan_Betawi_2-1-500x391.webp,
downloaded,wp-content/uploads/2024/01/Asinan_Betawi_2-1-50x39.webp,https://joinkuliner.com/wp-content/uploads/2024/01/Asinan_Betawi_2-1-50x39.webp,20250609120113,image/webp,994,d139c39e362d57e44a87bf6e2cd50a5395d5fa94b8d367c57b908f74e9e45426,https://web.archive.org/web/20250609120113id_/https://joinkuliner.com/wp-content/uploads/2024/01/Asinan_Betawi_2-1-50x39.webp,
downloaded,wp-content/uploads/2024/01/Asinan_Betawi_2-1-550x430.webp,https://joinkuliner.com/wp-content/uploads/2024/01/Asinan_Betawi_2-1-550x430.webp,20250609032604,image/webp,42382,d092db36d39e8496f5f05a4985388a6297ebb7f9459d32a0fe8d70366f48ebd8,https://web.archive.org/web/20250609032604id_/https://joinkuliner.com/wp-content/uploads/2024/01/Asinan_Betawi_2-1-550x430.webp,
downloaded,wp-content/uploads/2024/01/Asinan_Betawi_2-1-650x508.webp,https://joinkuliner.com/wp-content/uploads/2024/01/Asinan_Betawi_2-1-650x508.webp,20250609072456,image/webp,55250,b0ae18a086bf500771d3b881f319bfca788aa627ad24de1cdd7c4d64c48ac39a,https://web.archive.org/web/20250609072456id_/https://joinkuliner.com/wp-content/uploads/2024/01/Asinan_Betawi_2-1-650x508.webp,
downloaded,wp-content/uploads/2024/01/Asinan_Betawi_2-1-768x601.webp,https://joinkuliner.com/wp-content/uploads/2024/01/Asinan_Betawi_2-1-768x601.webp,20250609032523,image/webp,72624,6bba8918dcca91d6b0b37968d0e8d4c4c6117348767b293d9d963864b66d806e,https://web.archive.org/web/20250609032523id_/https://joinkuliner.com/wp-content/uploads/2024/01/Asinan_Betawi_2-1-768x601.webp,
downloaded,wp-content/uploads/2024/01/Asinan_Betawi_2-1-800x626.webp,https://joinkuliner.com/wp-content/uploads/2024/01/Asinan_Betawi_2-1-800x626.webp,20250609032633,image/webp,77268,fc29d94ca606a324d7bc3183d5c5410945ddfde0302f99041e47193a2152328e,https://web.archive.org/web/20250609032633id_/https://joinkuliner.com/wp-content/uploads/2024/01/Asinan_Betawi_2-1-800x626.webp,
downloaded,wp-content/uploads/2024/01/Asinan_Betawi_2-1-scaled.webp,https://joinkuliner.com/wp-content/uploads/2024/01/Asinan_Betawi_2-1-scaled.webp,20250609032531,image/webp,398476,eded1c6bca093d2b80aad33db4b8e6dba6b4ea007d10362c37693b4040cfa01f,https://web.archive.org/web/20250609032531id_/https://joinkuliner.com/wp-content/uploads/2024/01/Asinan_Betawi_2-1-scaled.webp,
downloaded,wp-content/uploads/2024/01/KULINER_PADANG_PANJANG-100x79.jpg,https://joinkuliner.com/wp-content/uploads/2024/01/KULINER_PADANG_PANJANG-100x79.jpg,20241204034932,image/jpeg,4498,9cd756e6d1d027f1548dabe8d03a20d711ac819febde88ee27e881a7687478e9,https://web.archive.org/web/20241204034932id_/https://joinkuliner.com/wp-content/uploads/2024/01/KULINER_PADANG_PANJANG-100x79.jpg,
downloaded,wp-content/uploads/2024/01/KULINER_PADANG_PANJANG-150x119.jpg,https://joinkuliner.com/wp-content/uploads/2024/01/KULINER_PADANG_PANJANG-150x119.jpg,20250810075607,image/jpeg,8612,6404265c379a35199743f31a23e9a128dddea073f2a42270c572f23455cc49b1,https://web.archive.org/web/20250810075607id_/https://joinkuliner.com/wp-content/uploads/2024/01/KULINER_PADANG_PANJANG-150x119.jpg,
downloaded,wp-content/uploads/2024/01/KULINER_PADANG_PANJANG-200x159.jpg,https://joinkuliner.com/wp-content/uploads/2024/01/KULINER_PADANG_PANJANG-200x159.jpg,20241204035530,image/jpeg,13588,5ded461a0a6d91984905e8db685479773b990cf51fa545ce07e6361412e1a4f2,https://web.archive.org/web/20241204035530id_/https://joinkuliner.com/wp-content/uploads/2024/01/KULINER_PADANG_PANJANG-200x159.jpg,
downloaded,wp-content/uploads/2024/01/KULINER_PADANG_PANJANG-250x199.jpg,https://joinkuliner.com/wp-content/uploads/2024/01/KULINER_PADANG_PANJANG-250x199.jpg,20241204035043,image/jpeg,20067,49989c0d0114eb7215ca7067a696abcbdae7a79dcd5182aad37adcf118e6edeb,https://web.archive.org/web/20241204035043id_/https://joinkuliner.com/wp-content/uploads/2024/01/KULINER_PADANG_PANJANG-250x199.jpg,
downloaded,wp-content/uploads/2024/01/KULINER_PADANG_PANJANG-300x238.jpg,https://joinkuliner.com/wp-content/uploads/2024/01/KULINER_PADANG_PANJANG-300x238.jpg,20241204043735,image/jpeg,26657,9c990132b99fc2b6a26a2689574606d5a45395b8797af4cf90b726cac5a1f4ec,https://web.archive.org/web/20241204043735id_/https://joinkuliner.com/wp-content/uploads/2024/01/KULINER_PADANG_PANJANG-300x238.jpg,
downloaded,wp-content/uploads/2024/01/KULINER_PADANG_PANJANG-350x278.jpg,https://joinkuliner.com/wp-content/uploads/2024/01/KULINER_PADANG_PANJANG-350x278.jpg,20241204035912,image/jpeg,33893,976afa50f7f0aa0c304035eeb7b2727639130522a802ceada5a1b49212e9ce27,https://web.archive.org/web/20241204035912id_/https://joinkuliner.com/wp-content/uploads/2024/01/KULINER_PADANG_PANJANG-350x278.jpg,
downloaded,wp-content/uploads/2024/01/KULINER_PADANG_PANJANG-400x318.jpg,https://joinkuliner.com/wp-content/uploads/2024/01/KULINER_PADANG_PANJANG-400x318.jpg,20241204035902,image/jpeg,41823,1462a126c4a1c385f8ea401bcd25c91bf704330963b4753804355c7348315cbc,https://web.archive.org/web/20241204035902id_/https://joinkuliner.com/wp-content/uploads/2024/01/KULINER_PADANG_PANJANG-400x318.jpg,
downloaded,wp-content/uploads/2024/01/KULINER_PADANG_PANJANG-450x358.jpg,https://joinkuliner.com/wp-content/uploads/2024/01/KULINER_PADANG_PANJANG-450x358.jpg,20241204034918,image/jpeg,51136,981ea9d289185544c92a78246fba118aa25051066a1e7225544aeeb78da090bb,https://web.archive.org/web/20241204034918id_/https://joinkuliner.com/wp-content/uploads/2024/01/KULINER_PADANG_PANJANG-450x358.jpg,
downloaded,wp-content/uploads/2024/01/KULINER_PADANG_PANJANG-500x397.jpg,https://joinkuliner.com/wp-content/uploads/2024/01/KULINER_PADANG_PANJANG-500x397.jpg,20241204043742,image/jpeg,60390,455b12e031a1ad9f2bc6814d0de846e17370283db923aca14e0f2500fae81244,https://web.archive.org/web/20241204043742id_/https://joinkuliner.com/wp-content/uploads/2024/01/KULINER_PADANG_PANJANG-500x397.jpg,
downloaded,wp-content/uploads/2024/01/KULINER_PADANG_PANJANG-50x40.jpg,https://joinkuliner.com/wp-content/uploads/2024/01/KULINER_PADANG_PANJANG-50x40.jpg,20241204060445,image/jpeg,1832,c6ae053e3a507c25a668071405cf7128c9457b9efa7152ae783ea749bb1bc667,https://web.archive.org/web/20241204060445id_/https://joinkuliner.com/wp-content/uploads/2024/01/KULINER_PADANG_PANJANG-50x40.jpg,
downloaded,wp-content/uploads/2024/01/KULINER_PADANG_PANJANG-650x517.jpg,https://joinkuliner.com/wp-content/uploads/2024/01/KULINER_PADANG_PANJANG-650x517.jpg,20241204052612,image/jpeg,90463,0ccd5685e1abc5131620157922b0ed652abd5186938ce9b7c958b68af21d2dcc,https://web.archive.org/web/20241204052612id_/https://joinkuliner.com/wp-content/uploads/2024/01/KULINER_PADANG_PANJANG-650x517.jpg,
downloaded,wp-content/uploads/2024/01/KULINER_PADANG_PANJANG-768x610.jpg,https://joinkuliner.com/wp-content/uploads/2024/01/KULINER_PADANG_PANJANG-768x610.jpg,20241204040030,image/jpeg,114690,b86b06f97c4d9639b037385477cfeebeebfe8a1d171367b2baaa3854b48b6abc,https://web.archive.org/web/20241204040030id_/https://joinkuliner.com/wp-content/uploads/2024/01/KULINER_PADANG_PANJANG-768x610.jpg,
downloaded,wp-content/uploads/2024/01/KULINER_PADANG_PANJANG-800x636.jpg,https://joinkuliner.com/wp-content/uploads/2024/01/KULINER_PADANG_PANJANG-800x636.jpg,20241204035608,image/jpeg,106496,ea5beb3ac2cad4921e20f6eafcfbc03ace056a8e334a50bc8c1cda43466a4bfa,https://web.archive.org/web/20241204035608id_/https://joinkuliner.com/wp-content/uploads/2024/01/KULINER_PADANG_PANJANG-800x636.jpg,
downloaded,wp-content/uploads/2024/01/KULINER_PADANG_PANJANG.jpg,https://joinkuliner.com/wp-content/uploads/2024/01/KULINER_PADANG_PANJANG.jpg,20241204051146,image/jpeg,678562,472bed057d308c7bf3291ea7649cc7736cd49f876847e17df817229c2268ac9e,https://web.archive.org/web/20241204051146id_/https://joinkuliner.com/wp-content/uploads/2024/01/KULINER_PADANG_PANJANG.jpg,
downloaded,wp-content/uploads/2024/01/Kuliner-grand-indonesia-100x67.jpg,https://joinkuliner.com/wp-content/uploads/2024/01/Kuliner-grand-indonesia-100x67.jpg,20241204043000,image/jpeg,3394,de4a68e0f128f760bac42666863e2e57b23ffb5e14f71976070e5369b44940de,https://web.archive.org/web/20241204043000id_/https://joinkuliner.com/wp-content/uploads/2024/01/Kuliner-grand-indonesia-100x67.jpg,
downloaded,wp-content/uploads/2024/01/Kuliner-grand-indonesia-150x101.jpg,https://joinkuliner.com/wp-content/uploads/2024/01/Kuliner-grand-indonesia-150x101.jpg,20241204060454,image/jpeg,6118,d01a2b1706030054e873a55f64ac6f1564d7e8470403581e9486dc1a5e392905,https://web.archive.org/web/20241204060454id_/https://joinkuliner.com/wp-content/uploads/2024/01/Kuliner-grand-indonesia-150x101.jpg,
downloaded,wp-content/uploads/2024/01/Kuliner-grand-indonesia-200x134.jpg,https://joinkuliner.com/wp-content/uploads/2024/01/Kuliner-grand-indonesia-200x134.jpg,20241204043054,image/jpeg,9599,4a136f1e083a02c3a52e644714a9c5f606248a1d332b7cc19bf15b1ade37ebff,https://web.archive.org/web/20241204043054id_/https://joinkuliner.com/wp-content/uploads/2024/01/Kuliner-grand-indonesia-200x134.jpg,
downloaded,wp-content/uploads/2024/01/Kuliner-grand-indonesia-250x168.jpg,https://joinkuliner.com/wp-content/uploads/2024/01/Kuliner-grand-indonesia-250x168.jpg,20241204043010,image/jpeg,13818,81b114fffda052270d80acb8f9d55c68b596b5ef62dc47f6a658a0be892bcf53,https://web.archive.org/web/20241204043010id_/https://joinkuliner.com/wp-content/uploads/2024/01/Kuliner-grand-indonesia-250x168.jpg,
downloaded,wp-content/uploads/2024/01/Kuliner-grand-indonesia-300x201.jpg,https://joinkuliner.com/wp-content/uploads/2024/01/Kuliner-grand-indonesia-300x201.jpg,20250810124554,image/jpeg,19042,791c56891e39e542d1f53fabcebec57194d754aa055faa07d2cf68bc4e903ec9,https://web.archive.org/web/20250810124554id_/https://joinkuliner.com/wp-content/uploads/2024/01/Kuliner-grand-indonesia-300x201.jpg,
downloaded,wp-content/uploads/2024/01/Kuliner-grand-indonesia-350x235.jpg,https://joinkuliner.com/wp-content/uploads/2024/01/Kuliner-grand-indonesia-350x235.jpg,20250810170822,image/jpeg,25974,be2e2aeb68fe453360c678f0742d093bcbf63a02ff203df55856565814660cbd,https://web.archive.org/web/20250810170822id_/https://joinkuliner.com/wp-content/uploads/2024/01/Kuliner-grand-indonesia-350x235.jpg,
downloaded,wp-content/uploads/2024/01/Kuliner-grand-indonesia-400x269.jpg,https://joinkuliner.com/wp-content/uploads/2024/01/Kuliner-grand-indonesia-400x269.jpg,20241204104232,image/jpeg,30805,883304129a7837b3785c102496d247b7018001a3487474d959a6829fb322fc8a,https://web.archive.org/web/20241204104232id_/https://joinkuliner.com/wp-content/uploads/2024/01/Kuliner-grand-indonesia-400x269.jpg,
downloaded,wp-content/uploads/2024/01/Kuliner-grand-indonesia-450x302.jpg,https://joinkuliner.com/wp-content/uploads/2024/01/Kuliner-grand-indonesia-450x302.jpg,20241204040618,image/jpeg,37412,ee24d0c5e35c288d62e98ef5560edfd10bcaa7da3383519fb20c4c1a9282201e,https://web.archive.org/web/20241204040618id_/https://joinkuliner.com/wp-content/uploads/2024/01/Kuliner-grand-indonesia-450x302.jpg,
downloaded,wp-content/uploads/2024/01/Kuliner-grand-indonesia-500x336.jpg,https://joinkuliner.com/wp-content/uploads/2024/01/Kuliner-grand-indonesia-500x336.jpg,20241204043602,image/jpeg,44785,19234b1a01718f6698e0d33f032bb3347f2f8cf789ee45fc6b811c803dd95cb0,https://web.archive.org/web/20241204043602id_/https://joinkuliner.com/wp-content/uploads/2024/01/Kuliner-grand-indonesia-500x336.jpg,
downloaded,wp-content/uploads/2024/01/Kuliner-grand-indonesia-50x34.jpg,https://joinkuliner.com/wp-content/uploads/2024/01/Kuliner-grand-indonesia-50x34.jpg,20250810140924,image/jpeg,1530,ced26203e9ea3e64dc1b26986d6f0994a5b751d03b582587eb8505e1678f8a41,https://web.archive.org/web/20250810140924id_/https://joinkuliner.com/wp-content/uploads/2024/01/Kuliner-grand-indonesia-50x34.jpg,
downloaded,wp-content/uploads/2024/01/Kuliner-grand-indonesia-550x369.jpg,https://joinkuliner.com/wp-content/uploads/2024/01/Kuliner-grand-indonesia-550x369.jpg,20241204044306,image/jpeg,53021,8754000907893782d97f12031b35969f205c5a4e4795fcfdc1e15c866c7ed558,https://web.archive.org/web/20241204044306id_/https://joinkuliner.com/wp-content/uploads/2024/01/Kuliner-grand-indonesia-550x369.jpg,
downloaded,wp-content/uploads/2024/01/Kuliner-grand-indonesia-650x436.jpg,https://joinkuliner.com/wp-content/uploads/2024/01/Kuliner-grand-indonesia-650x436.jpg,20241204043300,image/jpeg,69349,335fb6304b224bc352df66ceb63e49c71dfacc5d446904b9e73dc544aa8bf3e0,https://web.archive.org/web/20241204043300id_/https://joinkuliner.com/wp-content/uploads/2024/01/Kuliner-grand-indonesia-650x436.jpg,
downloaded,wp-content/uploads/2024/01/Kuliner-grand-indonesia.jpg,https://joinkuliner.com/wp-content/uploads/2024/01/Kuliner-grand-indonesia.jpg,20241204044150,image/jpeg,67065,cb84051ee45591efebfb65b3c10f0aad7c32e8db9275bbbc91b33f29edfd6469,https://web.archive.org/web/20241204044150id_/https://joinkuliner.com/wp-content/uploads/2024/01/Kuliner-grand-indonesia.jpg,
downloaded,wp-content/uploads/2024/01/Logo-Join-Kuliner-Bikin-Laper-02-scaled.webp,https://joinkuliner.com/wp-content/uploads/2024/01/Logo-Join-Kuliner-Bikin-Laper-02-scaled.webp,20240229105352,image/webp,49602,13c2a9b534cc7c12d17017acd1e62a6a6529e441be3bfed3a8e6c92cf2405e0d,https://web.archive.org/web/20240229105352id_/https://joinkuliner.com/wp-content/uploads/2024/01/Logo-Join-Kuliner-Bikin-Laper-02-scaled.webp,
downloaded,wp-content/uploads/2024/01/Logo-Join-Kuliner-Bikin-Laper-02_1.jpg,https://joinkuliner.com/wp-content/uploads/2024/01/Logo-Join-Kuliner-Bikin-Laper-02_1.jpg,20240229105354,image/jpeg,76163,47c5bb48f3f0e053b7266b2121a8181220bbaef55198b4508f2c07c0d1fff892,https://web.archive.org/web/20240229105354id_/https://joinkuliner.com/wp-content/uploads/2024/01/Logo-Join-Kuliner-Bikin-Laper-02_1.jpg,
downloaded,wp-content/uploads/2024/01/Nasi-Kandar-Line-Clear-Rekomendasi-Nasi-Kandar-Penang-768x1024-1-100x133.webp,https://joinkuliner.com/wp-content/uploads/2024/01/Nasi-Kandar-Line-Clear-Rekomendasi-Nasi-Kandar-Penang-768x1024-1-100x133.webp,20241204035225,image/webp,5892,8e51e2786715d7d418e15084a26ea45d423705951ae0632be6f61ad2e1ec24a1,https://web.archive.org/web/20241204035225id_/https://joinkuliner.com/wp-content/uploads/2024/01/Nasi-Kandar-Line-Clear-Rekomendasi-Nasi-Kandar-Penang-768x1024-1-100x133.webp,
downloaded,wp-content/uploads/2024/01/Nasi-Kandar-Line-Clear-Rekomendasi-Nasi-Kandar-Penang-768x1024-1-1152x1536.webp,https://joinkuliner.com/wp-content/uploads/2024/01/Nasi-Kandar-Line-Clear-Rekomendasi-Nasi-Kandar-Penang-768x1024-1-1152x1536.webp,20241204034952,image/webp,200448,7735b53d04135fa62b29e39b7b54f790c59c5aaffe6836929b825dbb9105a7ea,https://web.archive.org/web/20241204034952id_/https://joinkuliner.com/wp-content/uploads/2024/01/Nasi-Kandar-Line-Clear-Rekomendasi-Nasi-Kandar-Penang-768x1024-1-1152x1536.webp,
downloaded,wp-content/uploads/2024/01/Nasi-Kandar-Line-Clear-Rekomendasi-Nasi-Kandar-Penang-768x1024-1-1200x1600.webp,https://joinkuliner.com/wp-content/uploads/2024/01/Nasi-Kandar-Line-Clear-Rekomendasi-Nasi-Kandar-Penang-768x1024-1-1200x1600.webp,20241204034842,image/webp,208306,1eb9b649c47fd0e3eb63c66e67f3d34310589f12607146a480372db94dee46f3,https://web.archive.org/web/20241204034842id_/https://joinkuliner.com/wp-content/uploads/2024/01/Nasi-Kandar-Line-Clear-Rekomendasi-Nasi-Kandar-Penang-768x1024-1-1200x1600.webp,
downloaded,wp-content/uploads/2024/01/Nasi-Kandar-Line-Clear-Rekomendasi-Nasi-Kandar-Penang-768x1024-1-150x200.webp,https://joinkuliner.com/wp-content/uploads/2024/01/Nasi-Kandar-Line-Clear-Rekomendasi-Nasi-Kandar-Penang-768x1024-1-150x200.webp,20241204052522,image/webp,11430,728eadab3e36d0acef3623ea0afee164ffc15241d17bf5416f4453264cb0ee6a,https://web.archive.org/web/20241204052522id_/https://joinkuliner.com/wp-content/uploads/2024/01/Nasi-Kandar-Line-Clear-Rekomendasi-Nasi-Kandar-Penang-768x1024-1-150x200.webp,
downloaded,wp-content/uploads/2024/01/Nasi-Kandar-Line-Clear-Rekomendasi-Nasi-Kandar-Penang-768x1024-1-200x267.webp,https://joinkuliner.com/wp-content/uploads/2024/01/Nasi-Kandar-Line-Clear-Rekomendasi-Nasi-Kandar-Penang-768x1024-1-200x267.webp,20241204052635,image/webp,18144,65bb7b587a896a3d7a84bc1a6b44ed198d05b3a33f36a2f8f68e686b4feec06f,https://web.archive.org/web/20241204052635id_/https://joinkuliner.com/wp-content/uploads/2024/01/Nasi-Kandar-Line-Clear-Rekomendasi-Nasi-Kandar-Penang-768x1024-1-200x267.webp,
downloaded,wp-content/uploads/2024/01/Nasi-Kandar-Line-Clear-Rekomendasi-Nasi-Kandar-Penang-768x1024-1-250x333.webp,https://joinkuliner.com/wp-content/uploads/2024/01/Nasi-Kandar-Line-Clear-Rekomendasi-Nasi-Kandar-Penang-768x1024-1-250x333.webp,20241204035310,image/webp,26090,92ffa9ac322b7681c2fc2d9f8df89d9f53e70e34fa0fda2141f919319443588f,https://web.archive.org/web/20241204035310id_/https://joinkuliner.com/wp-content/uploads/2024/01/Nasi-Kandar-Line-Clear-Rekomendasi-Nasi-Kandar-Penang-768x1024-1-250x333.webp,
downloaded,wp-content/uploads/2024/01/Nasi-Kandar-Line-Clear-Rekomendasi-Nasi-Kandar-Penang-768x1024-1-300x400.webp,https://joinkuliner.com/wp-content/uploads/2024/01/Nasi-Kandar-Line-Clear-Rekomendasi-Nasi-Kandar-Penang-768x1024-1-300x400.webp,20241204043349,image/webp,35280,2b7d2acf8a9ee1c9db7e465654a4c346d49e2fcc36f512d8c75268de70c4cadc,https://web.archive.org/web/20241204043349id_/https://joinkuliner.com/wp-content/uploads/2024/01/Nasi-Kandar-Line-Clear-Rekomendasi-Nasi-Kandar-Penang-768x1024-1-300x400.webp,
downloaded,wp-content/uploads/2024/01/Nasi-Kandar-Line-Clear-Rekomendasi-Nasi-Kandar-Penang-768x1024-1-350x467.webp,https://joinkuliner.com/wp-content/uploads/2024/01/Nasi-Kandar-Line-Clear-Rekomendasi-Nasi-Kandar-Penang-768x1024-1-350x467.webp,20241204035147,image/webp,44642,837a76ac9c4af46e2e6ccfe6ab9c6407cf33e53e3bf991af9f1d6d393d38c88f,https://web.archive.org/web/20241204035147id_/https://joinkuliner.com/wp-content/uploads/2024/01/Nasi-Kandar-Line-Clear-Rekomendasi-Nasi-Kandar-Penang-768x1024-1-350x467.webp,
downloaded,wp-content/uploads/2024/01/Nasi-Kandar-Line-Clear-Rekomendasi-Nasi-Kandar-Penang-768x1024-1-400x533.webp,https://joinkuliner.com/wp-content/uploads/2024/01/Nasi-Kandar-Line-Clear-Rekomendasi-Nasi-Kandar-Penang-768x1024-1-400x533.webp,20241204075436,image/webp,53456,8f273c6f92b0d992f2769b3a311a268851f017df5fadd56e3566a8ba1179b7d5,https://web.archive.org/web/20241204075436id_/https://joinkuliner.com/wp-content/uploads/2024/01/Nasi-Kandar-Line-Clear-Rekomendasi-Nasi-Kandar-Penang-768x1024-1-400x533.webp,
downloaded,wp-content/uploads/2024/01/Nasi-Kandar-Line-Clear-Rekomendasi-Nasi-Kandar-Penang-768x1024-1-450x600.webp,https://joinkuliner.com/wp-content/uploads/2024/01/Nasi-Kandar-Line-Clear-Rekomendasi-Nasi-Kandar-Penang-768x1024-1-450x600.webp,20241204035038,image/webp,65120,063a9326d986ff6f85dd808dc4218bb0123c6002d0cf5ac9f0382aea16875b96,https://web.archive.org/web/20241204035038id_/https://joinkuliner.com/wp-content/uploads/2024/01/Nasi-Kandar-Line-Clear-Rekomendasi-Nasi-Kandar-Penang-768x1024-1-450x600.webp,
downloaded,wp-content/uploads/2024/01/Nasi-Kandar-Line-Clear-Rekomendasi-Nasi-Kandar-Penang-768x1024-1-500x667.webp,https://joinkuliner.com/wp-content/uploads/2024/01/Nasi-Kandar-Line-Clear-Rekomendasi-Nasi-Kandar-Penang-768x1024-1-500x667.webp,20241204035043,image/webp,73902,aa7da6d4227a58d3c1bcc1129f391d9a3c00125f490f5aa4e11bcd0732f04a30,https://web.archive.org/web/20241204035043id_/https://joinkuliner.com/wp-content/uploads/2024/01/Nasi-Kandar-Line-Clear-Rekomendasi-Nasi-Kandar-Penang-768x1024-1-500x667.webp,
downloaded,wp-content/uploads/2024/01/Nasi-Kandar-Line-Clear-Rekomendasi-Nasi-Kandar-Penang-768x1024-1-50x67.webp,https://joinkuliner.com/wp-content/uploads/2024/01/Nasi-Kandar-Line-Clear-Rekomendasi-Nasi-Kandar-Penang-768x1024-1-50x67.webp,20241204041221,image/webp,2024,0a8fbed0c08e4db77179e28e217ce34858bfaa555d59e5e310c28b0d350f5b41,https://web.archive.org/web/20241204041221id_/https://joinkuliner.com/wp-content/uploads/2024/01/Nasi-Kandar-Line-Clear-Rekomendasi-Nasi-Kandar-Penang-768x1024-1-50x67.webp,
downloaded,wp-content/uploads/2024/01/Nasi-Kandar-Line-Clear-Rekomendasi-Nasi-Kandar-Penang-768x1024-1-550x733.webp,https://joinkuliner.com/wp-content/uploads/2024/01/Nasi-Kandar-Line-Clear-Rekomendasi-Nasi-Kandar-Penang-768x1024-1-550x733.webp,20241204035458,image/webp,83962,24a4cce69e1e5b7a72f586f660df031117f63cf973e69e9b44cdd80d4be3d63a,https://web.archive.org/web/20241204035458id_/https://joinkuliner.com/wp-content/uploads/2024/01/Nasi-Kandar-Line-Clear-Rekomendasi-Nasi-Kandar-Penang-768x1024-1-550x733.webp,
downloaded,wp-content/uploads/2024/01/Nasi-Kandar-Line-Clear-Rekomendasi-Nasi-Kandar-Penang-768x1024-1-650x867.webp,https://joinkuliner.com/wp-content/uploads/2024/01/Nasi-Kandar-Line-Clear-Rekomendasi-Nasi-Kandar-Penang-768x1024-1-650x867.webp,20241204035207,image/webp,102910,0be223693cb7a547b76beac405951242fda65610a5a850351c6f6bcebe6d8fe2,https://web.archive.org/web/20241204035207id_/https://joinkuliner.com/wp-content/uploads/2024/01/Nasi-Kandar-Line-Clear-Rekomendasi-Nasi-Kandar-Penang-768x1024-1-650x867.webp,
downloaded,wp-content/uploads/2024/01/Nasi-Kandar-Line-Clear-Rekomendasi-Nasi-Kandar-Penang-768x1024-1-768x1024.webp,https://joinkuliner.com/wp-content/uploads/2024/01/Nasi-Kandar-Line-Clear-Rekomendasi-Nasi-Kandar-Penang-768x1024-1-768x1024.webp,20241204040236,image/webp,125524,5d630ae92c666672d83e7e7395b50bc1da43990f531764368ab78c0affb52520,https://web.archive.org/web/20241204040236id_/https://joinkuliner.com/wp-content/uploads/2024/01/Nasi-Kandar-Line-Clear-Rekomendasi-Nasi-Kandar-Penang-768x1024-1-768x1024.webp,
downloaded,wp-content/uploads/2024/01/Nasi-Kandar-Line-Clear-Rekomendasi-Nasi-Kandar-Penang-768x1024-1-800x1067.webp,https://joinkuliner.com/wp-content/uploads/2024/01/Nasi-Kandar-Line-Clear-Rekomendasi-Nasi-Kandar-Penang-768x1024-1-800x1067.webp,20241204041102,image/webp,131310,8df3719591492f3477989eea4d5df6f3f2e6f3eaeb148e5af7c8536b5732d2fa,https://web.archive.org/web/20241204041102id_/https://joinkuliner.com/wp-content/uploads/2024/01/Nasi-Kandar-Line-Clear-Rekomendasi-Nasi-Kandar-Penang-768x1024-1-800x1067.webp,
downloaded,wp-content/uploads/2024/01/Nasi-Kandar-Line-Clear-Rekomendasi-Nasi-Kandar-Penang-768x1024-1.webp,https://joinkuliner.com/wp-content/uploads/2024/01/Nasi-Kandar-Line-Clear-Rekomendasi-Nasi-Kandar-Penang-768x1024-1.webp,20241204035442,image/webp,158624,8d30a8c40d5f0d28d7b3fbf3cb87a2ef61c060569185bedbf1a9ac4eb3d610e3,https://web.archive.org/web/20241204035442id_/https://joinkuliner.com/wp-content/uploads/2024/01/Nasi-Kandar-Line-Clear-Rekomendasi-Nasi-Kandar-Penang-768x1024-1.webp,
downloaded,wp-content/uploads/2024/01/Usaha-Ayam-Geprek-100x67.jpg,https://joinkuliner.com/wp-content/uploads/2024/01/Usaha-Ayam-Geprek-100x67.jpg,20250810055637,image/jpeg,3185,1928e49d71976b5ab6fe95b2a07f8b36ade16b15dae861150b9be940bf52b72a,https://web.archive.org/web/20250810055637id_/https://joinkuliner.com/wp-content/uploads/2024/01/Usaha-Ayam-Geprek-100x67.jpg,
downloaded,wp-content/uploads/2024/01/Usaha-Ayam-Geprek-150x100.jpg,https://joinkuliner.com/wp-content/uploads/2024/01/Usaha-Ayam-Geprek-150x100.jpg,20250810185800,image/jpeg,5587,de0b2a8e7f8b67af0f3d2093cf016c2e610cce254da25125cdfe9486fa511258,https://web.archive.org/web/20250810185800id_/https://joinkuliner.com/wp-content/uploads/2024/01/Usaha-Ayam-Geprek-150x100.jpg,
downloaded,wp-content/uploads/2024/01/Usaha-Ayam-Geprek-200x133.jpg,https://joinkuliner.com/wp-content/uploads/2024/01/Usaha-Ayam-Geprek-200x133.jpg,20250810045433,image/jpeg,8657,c1749dbf6edcbee43dbc26a8fe0c6290db02e1475bd54b7cf3eca092cf0d352d,https://web.archive.org/web/20250810045433id_/https://joinkuliner.com/wp-content/uploads/2024/01/Usaha-Ayam-Geprek-200x133.jpg,
downloaded,wp-content/uploads/2024/01/Usaha-Ayam-Geprek-250x166.jpg,https://joinkuliner.com/wp-content/uploads/2024/01/Usaha-Ayam-Geprek-250x166.jpg,20241204053830,image/jpeg,12171,ed20b7e6238b20e2f2e6280829cfe80f414f1bd92b79b9cf86255b5d213055bc,https://web.archive.org/web/20241204053830id_/https://joinkuliner.com/wp-content/uploads/2024/01/Usaha-Ayam-Geprek-250x166.jpg,
downloaded,wp-content/uploads/2024/01/Usaha-Ayam-Geprek-300x200.jpg,https://joinkuliner.com/wp-content/uploads/2024/01/Usaha-Ayam-Geprek-300x200.jpg,20241204060740,image/jpeg,16191,36be01671dc381d225df8b0b53b59a9e264fc446c1339539e0c1fdffd47517ee,https://web.archive.org/web/20241204060740id_/https://joinkuliner.com/wp-content/uploads/2024/01/Usaha-Ayam-Geprek-300x200.jpg,
downloaded,wp-content/uploads/2024/01/Usaha-Ayam-Geprek-350x233.jpg,https://joinkuliner.com/wp-content/uploads/2024/01/Usaha-Ayam-Geprek-350x233.jpg,20241204043317,image/jpeg,20726,6a441bf938584525d02de2661728f2eecdb65722e2f778c7bd615f4cd0a2495e,https://web.archive.org/web/20241204043317id_/https://joinkuliner.com/wp-content/uploads/2024/01/Usaha-Ayam-Geprek-350x233.jpg,
downloaded,wp-content/uploads/2024/01/Usaha-Ayam-Geprek-400x266.jpg,https://joinkuliner.com/wp-content/uploads/2024/01/Usaha-Ayam-Geprek-400x266.jpg,20241204060410,image/jpeg,26370,7a05ea99191272e4b9fa27c5f90abcfb3ca1f08ab5abaeb8332828a8a38a5022,https://web.archive.org/web/20241204060410id_/https://joinkuliner.com/wp-content/uploads/2024/01/Usaha-Ayam-Geprek-400x266.jpg,
downloaded,wp-content/uploads/2024/01/Usaha-Ayam-Geprek-450x299.jpg,https://joinkuliner.com/wp-content/uploads/2024/01/Usaha-Ayam-Geprek-450x299.jpg,20241204053728,image/jpeg,30911,7ecb1f6b4f7074df9d4a528e8717d032b70ba3e65b9f130fc849aec3bfe4185d,https://web.archive.org/web/20241204053728id_/https://joinkuliner.com/wp-content/uploads/2024/01/Usaha-Ayam-Geprek-450x299.jpg,
downloaded,wp-content/uploads/2024/01/Usaha-Ayam-Geprek-500x333.jpg,https://joinkuliner.com/wp-content/uploads/2024/01/Usaha-Ayam-Geprek-500x333.jpg,20241204043345,image/jpeg,36454,a3e4b6f828d376500c01c28c1c153556dd915703a0171469dc50be912d2a3a4e,https://web.archive.org/web/20241204043345id_/https://joinkuliner.com/wp-content/uploads/2024/01/Usaha-Ayam-Geprek-500x333.jpg,
downloaded,wp-content/uploads/2024/01/Usaha-Ayam-Geprek-50x33.jpg,https://joinkuliner.com/wp-content/uploads/2024/01/Usaha-Ayam-Geprek-50x33.jpg,20250810060545,image/jpeg,1454,e06575c8eecc54958b19b704882e37a953e25c055d6e41dce05a48f0f9861fb3,https://web.archive.org/web/20250810060545id_/https://joinkuliner.com/wp-content/uploads/2024/01/Usaha-Ayam-Geprek-50x33.jpg,
downloaded,wp-content/uploads/2024/01/Usaha-Ayam-Geprek-550x366.jpg,https://joinkuliner.com/wp-content/uploads/2024/01/Usaha-Ayam-Geprek-550x366.jpg,20250810162509,image/jpeg,42058,b9f4893807712c2f7a09961063bdbd3b2925d91933b9fb9524c479ed2776ca58,https://web.archive.org/web/20250810162509id_/https://joinkuliner.com/wp-content/uploads/2024/01/Usaha-Ayam-Geprek-550x366.jpg,
downloaded,wp-content/uploads/2024/01/Usaha-Ayam-Geprek-650x432.jpg,https://joinkuliner.com/wp-content/uploads/2024/01/Usaha-Ayam-Geprek-650x432.jpg,20241204053954,image/jpeg,54305,df012b73000c39bbf0af49bc17a9750f7935e96d6913a2650b0caa85867ee8cd,https://web.archive.org/web/20241204053954id_/https://joinkuliner.com/wp-content/uploads/2024/01/Usaha-Ayam-Geprek-650x432.jpg,
downloaded,wp-content/uploads/2024/01/Usaha-Ayam-Geprek-768x511.jpg,https://joinkuliner.com/wp-content/uploads/2024/01/Usaha-Ayam-Geprek-768x511.jpg,20250810194105,image/jpeg,70123,f2f49cfb9eab462fdf74465efbc988d87e6fc6c0e6b5d7e36a93e03d4409da01,https://web.archive.org/web/20250810194105id_/https://joinkuliner.com/wp-content/uploads/2024/01/Usaha-Ayam-Geprek-768x511.jpg,
downloaded,wp-content/uploads/2024/01/Usaha-Ayam-Geprek.jpg,https://joinkuliner.com/wp-content/uploads/2024/01/Usaha-Ayam-Geprek.jpg,20241204043425,image/jpeg,581644,a512ba4deffffbb9b3f7c7c22fea288631b68c2d2560b33499dc25d1ff942b90,https://web.archive.org/web/20241204043425id_/https://joinkuliner.com/wp-content/uploads/2024/01/Usaha-Ayam-Geprek.jpg,
downloaded,wp-content/uploads/2024/01/bebek-cabai-hijau-100x100.jpg,https://joinkuliner.com/wp-content/uploads/2024/01/bebek-cabai-hijau-100x100.jpg,20240131150717,image/jpeg,4245,df7ca85c32aca1ffdee8a03fce6f1e76d88dede37c25d57f99fb0ade918ea190,https://web.archive.org/web/20240131150717id_/https://joinkuliner.com/wp-content/uploads/2024/01/bebek-cabai-hijau-100x100.jpg,
downloaded,wp-content/uploads/2024/01/bebek-cabai-hijau-150x150.jpg,https://joinkuliner.com/wp-content/uploads/2024/01/bebek-cabai-hijau-150x150.jpg,20240131150159,image/jpeg,7636,5a495c45ac87026b982c37938d2e5dcafca126e51c3c37e92b3ce4e0215c01a6,https://web.archive.org/web/20240131150159id_/https://joinkuliner.com/wp-content/uploads/2024/01/bebek-cabai-hijau-150x150.jpg,
downloaded,wp-content/uploads/2024/01/bebek-cabai-hijau-200x200.jpg,https://joinkuliner.com/wp-content/uploads/2024/01/bebek-cabai-hijau-200x200.jpg,20240131150152,image/jpeg,11582,3d69882bce52bcc50df5cdb901a47303eea3ad2e4dacfda435317949bf618a11,https://web.archive.org/web/20240131150152id_/https://joinkuliner.com/wp-content/uploads/2024/01/bebek-cabai-hijau-200x200.jpg,
downloaded,wp-content/uploads/2024/01/bebek-cabai-hijau-250x250.jpg,https://joinkuliner.com/wp-content/uploads/2024/01/bebek-cabai-hijau-250x250.jpg,20240131150158,image/jpeg,16727,eb2bbc204f80b37d9314634466a5dc90d207f2ed0f6dcc9e61bb875bc2c64cb9,https://web.archive.org/web/20240131150158id_/https://joinkuliner.com/wp-content/uploads/2024/01/bebek-cabai-hijau-250x250.jpg,
downloaded,wp-content/uploads/2024/01/bebek-cabai-hijau-300x300.jpg,https://joinkuliner.com/wp-content/uploads/2024/01/bebek-cabai-hijau-300x300.jpg,20240131150200,image/jpeg,22079,d5046c7fc6a876bf3f53d73f0ddc1222a1a54d09e79367706ceed1a0c9451389,https://web.archive.org/web/20240131150200id_/https://joinkuliner.com/wp-content/uploads/2024/01/bebek-cabai-hijau-300x300.jpg,
downloaded,wp-content/uploads/2024/01/bebek-cabai-hijau-350x350.jpg,https://joinkuliner.com/wp-content/uploads/2024/01/bebek-cabai-hijau-350x350.jpg,20240131150202,image/jpeg,27690,cb48d72fa5be70d49e73b692aabe47c5395bc2843e8a28819f63c07fe76b45e4,https://web.archive.org/web/20240131150202id_/https://joinkuliner.com/wp-content/uploads/2024/01/bebek-cabai-hijau-350x350.jpg,
downloaded,wp-content/uploads/2024/01/bebek-cabai-hijau-400x400.jpg,https://joinkuliner.com/wp-content/uploads/2024/01/bebek-cabai-hijau-400x400.jpg,20240131150710,image/jpeg,33870,6118cb87e24dd5c9992e37b886533b65bf14e0cd0d5f891948d90af872312c8a,https://web.archive.org/web/20240131150710id_/https://joinkuliner.com/wp-content/uploads/2024/01/bebek-cabai-hijau-400x400.jpg,
downloaded,wp-content/uploads/2024/01/bebek-cabai-hijau-450x450.jpg,https://joinkuliner.com/wp-content/uploads/2024/01/bebek-cabai-hijau-450x450.jpg,20240131150201,image/jpeg,41244,e4e6a7167cbb16d23f3204769e3bf4878c94e1ba8da24008716fbc38fbe33a13,https://web.archive.org/web/20240131150201id_/https://joinkuliner.com/wp-content/uploads/2024/01/bebek-cabai-hijau-450x450.jpg,
downloaded,wp-content/uploads/2024/01/bebek-cabai-hijau-500x500.jpg,https://joinkuliner.com/wp-content/uploads/2024/01/bebek-cabai-hijau-500x500.jpg,20240131150203,image/jpeg,48276,7c1e4872ab1f126f6b254c9dca9acc3c4c272eedfdad8c97cc356e51f2c86ee1,https://web.archive.org/web/20240131150203id_/https://joinkuliner.com/wp-content/uploads/2024/01/bebek-cabai-hijau-500x500.jpg,
downloaded,wp-content/uploads/2024/01/bebek-cabai-hijau-50x50.jpg,https://joinkuliner.com/wp-content/uploads/2024/01/bebek-cabai-hijau-50x50.jpg,20240131150153,image/jpeg,1777,fd1d69fb3a378c3683cdbffde330336227c4b6b498a156a8387cbaffdb9f74cc,https://web.archive.org/web/20240131150153id_/https://joinkuliner.com/wp-content/uploads/2024/01/bebek-cabai-hijau-50x50.jpg,
downloaded,wp-content/uploads/2024/01/bebek-cabai-hijau-550x550.jpg,https://joinkuliner.com/wp-content/uploads/2024/01/bebek-cabai-hijau-550x550.jpg,20240131150205,image/jpeg,55391,dce6e18b2755417662c058d916f5d50bb23932ecda0e53a05bd55982719f6082,https://web.archive.org/web/20240131150205id_/https://joinkuliner.com/wp-content/uploads/2024/01/bebek-cabai-hijau-550x550.jpg,
downloaded,wp-content/uploads/2024/01/bebek-cabai-hijau.jpg,https://joinkuliner.com/wp-content/uploads/2024/01/bebek-cabai-hijau.jpg,20240131150151,image/jpeg,43533,65247f61f7ae1416ccc8559e6d63f4a11059f436139cfdea44fa03bc14258ec0,https://web.archive.org/web/20240131150151id_/https://joinkuliner.com/wp-content/uploads/2024/01/bebek-cabai-hijau.jpg,
downloaded,wp-content/uploads/2024/01/coklat-100x67.webp,https://joinkuliner.com/wp-content/uploads/2024/01/coklat-100x67.webp,20241204035453,image/webp,2020,46f1372285004a3816764135e17d5a29db18624eb585b282302b72a751a02b31,https://web.archive.org/web/20241204035453id_/https://joinkuliner.com/wp-content/uploads/2024/01/coklat-100x67.webp,
downloaded,wp-content/uploads/2024/01/coklat-150x100.webp,https://joinkuliner.com/wp-content/uploads/2024/01/coklat-150x100.webp,20241204040019,image/webp,3880,d676845e29445385d6488626665fd16665af6950955492dbda6c8372b0920d5a,https://web.archive.org/web/20241204040019id_/https://joinkuliner.com/wp-content/uploads/2024/01/coklat-150x100.webp,
downloaded,wp-content/uploads/2024/01/coklat-200x133.webp,https://joinkuliner.com/wp-content/uploads/2024/01/coklat-200x133.webp,20241204052424,image/webp,5896,ca3265c11b7cb0f4ac6e2a81815d236dc46d140e3433fba9f8f652389165b3df,https://web.archive.org/web/20241204052424id_/https://joinkuliner.com/wp-content/uploads/2024/01/coklat-200x133.webp,
downloaded,wp-content/uploads/2024/01/coklat-250x167.webp,https://joinkuliner.com/wp-content/uploads/2024/01/coklat-250x167.webp,20241204035604,image/webp,8504,dfb15978a830c02750e658d91a1d19f01c9770333689187c78819ecb8d93fbb4,https://web.archive.org/web/20241204035604id_/https://joinkuliner.com/wp-content/uploads/2024/01/coklat-250x167.webp,
downloaded,wp-content/uploads/2024/01/coklat-300x200.webp,https://joinkuliner.com/wp-content/uploads/2024/01/coklat-300x200.webp,20241204035333,image/webp,10858,38e6c0617e474b6efc0362553c4aaf1e3ee6a74708b42794857978e81aa684e4,https://web.archive.org/web/20241204035333id_/https://joinkuliner.com/wp-content/uploads/2024/01/coklat-300x200.webp,
downloaded,wp-content/uploads/2024/01/coklat-350x233.webp,https://joinkuliner.com/wp-content/uploads/2024/01/coklat-350x233.webp,20241204041141,image/webp,13572,bbe0f84c7f109da352d2e64e7162a15a3225ee28ad444e9762f2083bf4176cdd,https://web.archive.org/web/20241204041141id_/https://joinkuliner.com/wp-content/uploads/2024/01/coklat-350x233.webp,
downloaded,wp-content/uploads/2024/01/coklat-400x267.webp,https://joinkuliner.com/wp-content/uploads/2024/01/coklat-400x267.webp,20241204034925,image/webp,16018,3fa83aa6cb610f188eeeb60804aae79414bc135343537ded5904b8a3d65087f1,https://web.archive.org/web/20241204034925id_/https://joinkuliner.com/wp-content/uploads/2024/01/coklat-400x267.webp,
downloaded,wp-content/uploads/2024/01/coklat-450x300.webp,https://joinkuliner.com/wp-content/uploads/2024/01/coklat-450x300.webp,20241204035429,image/webp,18912,07110b138ffbd53abf24526cea18d1989c0617387496fec243f08b30182d16db,https://web.archive.org/web/20241204035429id_/https://joinkuliner.com/wp-content/uploads/2024/01/coklat-450x300.webp,
downloaded,wp-content/uploads/2024/01/coklat-500x333.webp,https://joinkuliner.com/wp-content/uploads/2024/01/coklat-500x333.webp,20241204035454,image/webp,21414,23c3097df6b1c5c6bd6eed77c3be1e235b803f058da436d29682fa02d86f01ee,https://web.archive.org/web/20241204035454id_/https://joinkuliner.com/wp-content/uploads/2024/01/coklat-500x333.webp,
downloaded,wp-content/uploads/2024/01/coklat-50x33.webp,https://joinkuliner.com/wp-content/uploads/2024/01/coklat-50x33.webp,20241204054449,image/webp,692,17889e519d7ac7eacd799fa6bf931b28483e83a043b90e84a61a0d40e4066c48,https://web.archive.org/web/20241204054449id_/https://joinkuliner.com/wp-content/uploads/2024/01/coklat-50x33.webp,
downloaded,wp-content/uploads/2024/01/coklat-550x367.webp,https://joinkuliner.com/wp-content/uploads/2024/01/coklat-550x367.webp,20241204151121,image/webp,24040,785eb4b04250c0e1595716846bee29e46da5e047f4d623602bf73a9a5b42ecf3,https://web.archive.org/web/20241204151121id_/https://joinkuliner.com/wp-content/uploads/2024/01/coklat-550x367.webp,
downloaded,wp-content/uploads/2024/01/coklat-650x433.webp,https://joinkuliner.com/wp-content/uploads/2024/01/coklat-650x433.webp,20241204040909,image/webp,29808,8290e1bd463105aaa741e6cde52198a137bbd31f1c95c223cde2ad5d37b2a19c,https://web.archive.org/web/20241204040909id_/https://joinkuliner.com/wp-content/uploads/2024/01/coklat-650x433.webp,
downloaded,wp-content/uploads/2024/01/coklat.webp,https://joinkuliner.com/wp-content/uploads/2024/01/coklat.webp,20241204043946,image/webp,28288,2a5a6d8d74ade9deefa1053e3c137fd38190c35615b4fabf35740ba1f57de5ee,https://web.archive.org/web/20241204043946id_/https://joinkuliner.com/wp-content/uploads/2024/01/coklat.webp,
downloaded,wp-content/uploads/2024/01/cropped-Logo-Join-Kuliner-Bikin-Laper-02-copy-180x180.jpg,https://joinkuliner.com/wp-content/uploads/2024/01/cropped-Logo-Join-Kuliner-Bikin-Laper-02-copy-180x180.jpg,20241204035059,image/jpeg,6555,74476248f1aafed35f84f48b5fc2d388eecdd36512c2580540d7c7783924963c,https://web.archive.org/web/20241204035059id_/https://joinkuliner.com/wp-content/uploads/2024/01/cropped-Logo-Join-Kuliner-Bikin-Laper-02-copy-180x180.jpg,
downloaded,wp-content/uploads/2024/01/cropped-Logo-Join-Kuliner-Bikin-Laper-02-copy-192x192.jpg,https://joinkuliner.com/wp-content/uploads/2024/01/cropped-Logo-Join-Kuliner-Bikin-Laper-02-copy-192x192.jpg,20241204043721,image/jpeg,6896,f82674d5089f25dfb508c62b7c553bc60dc01164ab027415320725f03a00bd16,https://web.archive.org/web/20241204043721id_/https://joinkuliner.com/wp-content/uploads/2024/01/cropped-Logo-Join-Kuliner-Bikin-Laper-02-copy-192x192.jpg,
downloaded,wp-content/uploads/2024/01/cropped-Logo-Join-Kuliner-Bikin-Laper-02-copy-270x270.jpg,https://joinkuliner.com/wp-content/uploads/2024/01/cropped-Logo-Join-Kuliner-Bikin-Laper-02-copy-270x270.jpg,20240123084258,image/jpeg,10735,39b396d23cea2a8a09909c845599a332c9ffa609050978440f0456326efcaf28,https://web.archive.org/web/20240123084258id_/https://joinkuliner.com/wp-content/uploads/2024/01/cropped-Logo-Join-Kuliner-Bikin-Laper-02-copy-270x270.jpg,
downloaded,wp-content/uploads/2024/01/cropped-Logo-Join-Kuliner-Bikin-Laper-02-copy-32x32.jpg,https://joinkuliner.com/wp-content/uploads/2024/01/cropped-Logo-Join-Kuliner-Bikin-Laper-02-copy-32x32.jpg,20241204070216,image/jpeg,1062,118465395be6c9d08b5303270f610d8cd558a635c03371a6d282cc755e72acbd,https://web.archive.org/web/20241204070216id_/https://joinkuliner.com/wp-content/uploads/2024/01/cropped-Logo-Join-Kuliner-Bikin-Laper-02-copy-32x32.jpg,
downloaded,wp-content/uploads/2024/01/health-immunity-100x50.jpg,https://joinkuliner.com/wp-content/uploads/2024/01/health-immunity-100x50.jpg,20241204035903,image/jpeg,2058,486611b97a8f2fe2aac9a80f4dc58f9bcc12b8705c08b6a2080793dd4b3afc30,https://web.archive.org/web/20241204035903id_/https://joinkuliner.com/wp-content/uploads/2024/01/health-immunity-100x50.jpg,
downloaded,wp-content/uploads/2024/01/health-immunity-150x75.jpg,https://joinkuliner.com/wp-content/uploads/2024/01/health-immunity-150x75.jpg,20241204034919,image/jpeg,3058,7966aacd57adf0a4ec030d313367026dfc5e8097f6485c297ce659276eb94373,https://web.archive.org/web/20241204034919id_/https://joinkuliner.com/wp-content/uploads/2024/01/health-immunity-150x75.jpg,
downloaded,wp-content/uploads/2024/01/health-immunity-200x100.jpg,https://joinkuliner.com/wp-content/uploads/2024/01/health-immunity-200x100.jpg,20241204053823,image/jpeg,4406,79fe15749b32a3ab393cdbbee555e1347f58fd771d8157aed7a92e1c894f98eb,https://web.archive.org/web/20241204053823id_/https://joinkuliner.com/wp-content/uploads/2024/01/health-immunity-200x100.jpg,
downloaded,wp-content/uploads/2024/01/health-immunity-250x125.jpg,https://joinkuliner.com/wp-content/uploads/2024/01/health-immunity-250x125.jpg,20241204040644,image/jpeg,5740,cda6e681f91643a0a19ed5241887f7afb504af477bb27523a2b2a7485e15d8b9,https://web.archive.org/web/20241204040644id_/https://joinkuliner.com/wp-content/uploads/2024/01/health-immunity-250x125.jpg,
downloaded,wp-content/uploads/2024/01/health-immunity-300x150.jpg,https://joinkuliner.com/wp-content/uploads/2024/01/health-immunity-300x150.jpg,20250810145054,image/jpeg,6992,70e54b9947fc922d28a275386f0efc9386b9ac1730260013c9bde6731beb51e3,https://web.archive.org/web/20250810145054id_/https://joinkuliner.com/wp-content/uploads/2024/01/health-immunity-300x150.jpg,
downloaded,wp-content/uploads/2024/01/health-immunity-350x175.jpg,https://joinkuliner.com/wp-content/uploads/2024/01/health-immunity-350x175.jpg,20250810113506,image/jpeg,8421,4c0b224d5ff14c843db543e33a7903b5f0a80d33a4d7172fb849412d8594ff17,https://web.archive.org/web/20250810113506id_/https://joinkuliner.com/wp-content/uploads/2024/01/health-immunity-350x175.jpg,
downloaded,wp-content/uploads/2024/01/health-immunity-400x200.jpg,https://joinkuliner.com/wp-content/uploads/2024/01/health-immunity-400x200.jpg,20241204053729,image/jpeg,9938,eec54b8a0f70c5e0c723888a1f3bbc448d088e785a050299a6d0171786e6d06e,https://web.archive.org/web/20241204053729id_/https://joinkuliner.com/wp-content/uploads/2024/01/health-immunity-400x200.jpg,
downloaded,wp-content/uploads/2024/01/health-immunity-450x225.jpg,https://joinkuliner.com/wp-content/uploads/2024/01/health-immunity-450x225.jpg,20241204040124,image/jpeg,11637,7287f5a9236d2df55ac38bf3ea10f925432269d6d6374f6b4ade58bc99eba7cf,https://web.archive.org/web/20241204040124id_/https://joinkuliner.com/wp-content/uploads/2024/01/health-immunity-450x225.jpg,
downloaded,wp-content/uploads/2024/01/health-immunity-50x25.jpg,https://joinkuliner.com/wp-content/uploads/2024/01/health-immunity-50x25.jpg,20241204035632,image/jpeg,1140,d6e666eaf6a27d220841f93ba02e26bc47fb8dbd2f8b1b8998f06625ee15aab6,https://web.archive.org/web/20241204035632id_/https://joinkuliner.com/wp-content/uploads/2024/01/health-immunity-50x25.jpg,
downloaded,wp-content/uploads/2024/01/health-immunity.jpg,https://joinkuliner.com/wp-content/uploads/2024/01/health-immunity.jpg,20241204052315,image/jpeg,13690,8c049cdac4c3ef2ad5b3dc3a7ceaf5a98ecb07b3aaf0e9e05fb91dbea62487dc,https://web.archive.org/web/20241204052315id_/https://joinkuliner.com/wp-content/uploads/2024/01/health-immunity.jpg,
downloaded,wp-content/uploads/2024/01/humus-timur-tengah-100x75.jpg,https://joinkuliner.com/wp-content/uploads/2024/01/humus-timur-tengah-100x75.jpg,20240124064446,image/jpeg,3862,669c6dda637a10c5287c248ef869ff567d6336e4a63b69eeee75ecb4d5e218e2,https://web.archive.org/web/20240124064446id_/https://joinkuliner.com/wp-content/uploads/2024/01/humus-timur-tengah-100x75.jpg,
downloaded,wp-content/uploads/2024/01/humus-timur-tengah-200x150.jpg,https://joinkuliner.com/wp-content/uploads/2024/01/humus-timur-tengah-200x150.jpg,20240124064505,image/jpeg,10281,c9f7545bb06e304fb023b3c27e0896892386f9e9e62888965e75da10f6754d72,https://web.archive.org/web/20240124064505id_/https://joinkuliner.com/wp-content/uploads/2024/01/humus-timur-tengah-200x150.jpg,
downloaded,wp-content/uploads/2024/01/humus-timur-tengah-250x187.jpg,https://joinkuliner.com/wp-content/uploads/2024/01/humus-timur-tengah-250x187.jpg,20240124064504,image/jpeg,14401,63cbc1d0eff6502f7fd770707a60679df30cf40db9fedfe697917573cd3af517,https://web.archive.org/web/20240124064504id_/https://joinkuliner.com/wp-content/uploads/2024/01/humus-timur-tengah-250x187.jpg,
downloaded,wp-content/uploads/2024/01/humus-timur-tengah-300x224.jpg,https://joinkuliner.com/wp-content/uploads/2024/01/humus-timur-tengah-300x224.jpg,20240124064458,image/jpeg,18482,d09d50485bf46e8387c031293827ba3530e2ee030dad712e8c642e223a485e51,https://web.archive.org/web/20240124064458id_/https://joinkuliner.com/wp-content/uploads/2024/01/humus-timur-tengah-300x224.jpg,
downloaded,wp-content/uploads/2024/01/humus-timur-tengah-350x262.jpg,https://joinkuliner.com/wp-content/uploads/2024/01/humus-timur-tengah-350x262.jpg,20240124064511,image/jpeg,23522,cf56b4d7cfa61f94919703e46d549170a92112270e949ff8ce053957ed3f3bd0,https://web.archive.org/web/20240124064511id_/https://joinkuliner.com/wp-content/uploads/2024/01/humus-timur-tengah-350x262.jpg,
downloaded,wp-content/uploads/2024/01/humus-timur-tengah-400x299.jpg,https://joinkuliner.com/wp-content/uploads/2024/01/humus-timur-tengah-400x299.jpg,20240124064457,image/jpeg,28689,56e2b4927d727318f1773fcc00c0ad1e14ccb41127c74765297c05e645d517dd,https://web.archive.org/web/20240124064457id_/https://joinkuliner.com/wp-content/uploads/2024/01/humus-timur-tengah-400x299.jpg,
downloaded,wp-content/uploads/2024/01/humus-timur-tengah-450x337.jpg,https://joinkuliner.com/wp-content/uploads/2024/01/humus-timur-tengah-450x337.jpg,20240124064442,image/jpeg,34806,889ea198166cacc523092875369ac271476e96b627996ecd19d231597b747324,https://web.archive.org/web/20240124064442id_/https://joinkuliner.com/wp-content/uploads/2024/01/humus-timur-tengah-450x337.jpg,
downloaded,wp-content/uploads/2024/01/humus-timur-tengah-500x374.jpg,https://joinkuliner.com/wp-content/uploads/2024/01/humus-timur-tengah-500x374.jpg,20240124064451,image/jpeg,41406,fbe850ee2b0122e17931757c78a026196e2d6410a0ada8feccb3593ba32849de,https://web.archive.org/web/20240124064451id_/https://joinkuliner.com/wp-content/uploads/2024/01/humus-timur-tengah-500x374.jpg,
downloaded,wp-content/uploads/2024/01/humus-timur-tengah-50x37.jpg,https://joinkuliner.com/wp-content/uploads/2024/01/humus-timur-tengah-50x37.jpg,20240124064446,image/jpeg,1708,e3fb0e14e5b16593c149a170bd52b5c17eb32ede6e2140e4cd397431af567965,https://web.archive.org/web/20240124064446id_/https://joinkuliner.com/wp-content/uploads/2024/01/humus-timur-tengah-50x37.jpg,
downloaded,wp-content/uploads/2024/01/humus-timur-tengah-550x411.jpg,https://joinkuliner.com/wp-content/uploads/2024/01/humus-timur-tengah-550x411.jpg,20240124064443,image/jpeg,46482,072c608ff7267c7d96d39574fea30f0eee133295f79dae85a05303d34b6f6785,https://web.archive.org/web/20240124064443id_/https://joinkuliner.com/wp-content/uploads/2024/01/humus-timur-tengah-550x411.jpg,
downloaded,wp-content/uploads/2024/01/humus-timur-tengah-650x486.jpg,https://joinkuliner.com/wp-content/uploads/2024/01/humus-timur-tengah-650x486.jpg,20240124064444,image/jpeg,59565,b08d657a4160c7446ed1218b93f196b51d6bc6e932065f9da3c4752b56ade7bf,https://web.archive.org/web/20240124064444id_/https://joinkuliner.com/wp-content/uploads/2024/01/humus-timur-tengah-650x486.jpg,
downloaded,wp-content/uploads/2024/01/humus-timur-tengah-768x574.jpg,https://joinkuliner.com/wp-content/uploads/2024/01/humus-timur-tengah-768x574.jpg,20240124064443,image/jpeg,76058,be7319cd227456390fa65682c821842177b56a352b52de4e04333b202aebefc1,https://web.archive.org/web/20240124064443id_/https://joinkuliner.com/wp-content/uploads/2024/01/humus-timur-tengah-768x574.jpg,
downloaded,wp-content/uploads/2024/01/humus-timur-tengah-800x598.jpg,https://joinkuliner.com/wp-content/uploads/2024/01/humus-timur-tengah-800x598.jpg,20240124064447,image/jpeg,80761,f9ab15a9ff2edb05f189148f8cc580e2f23c3829f3cda541a6e344c493da7dc3,https://web.archive.org/web/20240124064447id_/https://joinkuliner.com/wp-content/uploads/2024/01/humus-timur-tengah-800x598.jpg,
downloaded,wp-content/uploads/2024/01/humus-timur-tengah.jpg,https://joinkuliner.com/wp-content/uploads/2024/01/humus-timur-tengah.jpg,20240124064442,image/jpeg,112520,90889cfeb32934e64c240b568c2c4cd1f9bbd86e8a0847a857581bafd0b07451,https://web.archive.org/web/20240124064442id_/https://joinkuliner.com/wp-content/uploads/2024/01/humus-timur-tengah.jpg,
downloaded,wp-content/uploads/2024/01/kartu-ucapan-tahun-baru-2024-bahasa-indonesia-simple-1_169-100x56.jpeg,https://joinkuliner.com/wp-content/uploads/2024/01/kartu-ucapan-tahun-baru-2024-bahasa-indonesia-simple-1_169-100x56.jpeg,20240229105413,image/jpeg,2172,55077e4de3c35d228d4fcff7d07d9a81da350f92d91dfaa3e3ff2dc5a2735adb,https://web.archive.org/web/20240229105413id_/https://joinkuliner.com/wp-content/uploads/2024/01/kartu-ucapan-tahun-baru-2024-bahasa-indonesia-simple-1_169-100x56.jpeg,
downloaded,wp-content/uploads/2024/01/kimbap-100x150.jpg,https://joinkuliner.com/wp-content/uploads/2024/01/kimbap-100x150.jpg,20241204035511,image/jpeg,5365,64bc9a16d52dd029219fc496f968e28e6731c227437b7476f64562cc6c0d7bb6,https://web.archive.org/web/20241204035511id_/https://joinkuliner.com/wp-content/uploads/2024/01/kimbap-100x150.jpg,
downloaded,wp-content/uploads/2024/01/kimbap-1026x1536.jpg,https://joinkuliner.com/wp-content/uploads/2024/01/kimbap-1026x1536.jpg,20241204035406,image/jpeg,175210,5fb0a2a2499d03d3266d101d198ffcd93f6daa7b69f5ec686f4a83a693c03f79,https://web.archive.org/web/20241204035406id_/https://joinkuliner.com/wp-content/uploads/2024/01/kimbap-1026x1536.jpg,
downloaded,wp-content/uploads/2024/01/kimbap-150x225.jpg,https://joinkuliner.com/wp-content/uploads/2024/01/kimbap-150x225.jpg,20241204041453,image/jpeg,9793,931e836357d7dab7c91b6aca6f23677a438694258c62f098f85b5487a4ba3c9a,https://web.archive.org/web/20241204041453id_/https://joinkuliner.com/wp-content/uploads/2024/01/kimbap-150x225.jpg,
downloaded,wp-content/uploads/2024/01/kimbap-200x300.jpg,https://joinkuliner.com/wp-content/uploads/2024/01/kimbap-200x300.jpg,20241204043512,image/jpeg,14823,a3ad1630811febe49bbf20bfeb286d57d1d7addeba61c22ab77e842e518a952b,https://web.archive.org/web/20241204043512id_/https://joinkuliner.com/wp-content/uploads/2024/01/kimbap-200x300.jpg,
downloaded,wp-content/uploads/2024/01/kimbap-250x374.jpg,https://joinkuliner.com/wp-content/uploads/2024/01/kimbap-250x374.jpg,20241204053927,image/jpeg,20968,bc94c090ce5007630a800815cefcf80c5789013976a2c2743851088d8a813747,https://web.archive.org/web/20241204053927id_/https://joinkuliner.com/wp-content/uploads/2024/01/kimbap-250x374.jpg,
downloaded,wp-content/uploads/2024/01/kimbap-300x449.jpg,https://joinkuliner.com/wp-content/uploads/2024/01/kimbap-300x449.jpg,20241204041306,image/jpeg,28097,0d41e7b9f01f30677fef6178ac50946b551c5257a8237d013e2d9f564d7aa093,https://web.archive.org/web/20241204041306id_/https://joinkuliner.com/wp-content/uploads/2024/01/kimbap-300x449.jpg,
downloaded,wp-content/uploads/2024/01/kimbap-350x524.jpg,https://joinkuliner.com/wp-content/uploads/2024/01/kimbap-350x524.jpg,20241204062939,image/jpeg,35194,1565f0233bfc4752f3b42f95f0b0a1654dee569cdcd6487a7da1009682f4724d,https://web.archive.org/web/20241204062939id_/https://joinkuliner.com/wp-content/uploads/2024/01/kimbap-350x524.jpg,
downloaded,wp-content/uploads/2024/01/kimbap-400x599.jpg,https://joinkuliner.com/wp-content/uploads/2024/01/kimbap-400x599.jpg,20241204043645,image/jpeg,43575,0701be490ba298b975d2febf81b1c8c23119a4d230ea18e1dcc4cf74237d8b8f,https://web.archive.org/web/20241204043645id_/https://joinkuliner.com/wp-content/uploads/2024/01/kimbap-400x599.jpg,
downloaded,wp-content/uploads/2024/01/kimbap-450x674.jpg,https://joinkuliner.com/wp-content/uploads/2024/01/kimbap-450x674.jpg,20241204040515,image/jpeg,52545,6ac16065783c7a042f81ef1eb6af014868b7cb37515ce13ca1aebc2afb85aa41,https://web.archive.org/web/20241204040515id_/https://joinkuliner.com/wp-content/uploads/2024/01/kimbap-450x674.jpg,
downloaded,wp-content/uploads/2024/01/kimbap-500x749.jpg,https://joinkuliner.com/wp-content/uploads/2024/01/kimbap-500x749.jpg,20241204035505,image/jpeg,61160,ab42d26d8c1ed16692a0626778325908b40bab9d296cc1e3321093a6234efcc6,https://web.archive.org/web/20241204035505id_/https://joinkuliner.com/wp-content/uploads/2024/01/kimbap-500x749.jpg,
downloaded,wp-content/uploads/2024/01/kimbap-50x75.jpg,https://joinkuliner.com/wp-content/uploads/2024/01/kimbap-50x75.jpg,20241204035449,image/jpeg,2183,d3b2e5584725b82551ea75d1519553523834deea09c02af8bd3da1375a495c6a,https://web.archive.org/web/20241204035449id_/https://joinkuliner.com/wp-content/uploads/2024/01/kimbap-50x75.jpg,
downloaded,wp-content/uploads/2024/01/kimbap-550x824.jpg,https://joinkuliner.com/wp-content/uploads/2024/01/kimbap-550x824.jpg,20241204035610,image/jpeg,70484,44c3eb0ece4d883c246c1dfe07960027b2ca8c35ca8c4fd9d5262c18196a1723,https://web.archive.org/web/20241204035610id_/https://joinkuliner.com/wp-content/uploads/2024/01/kimbap-550x824.jpg,
downloaded,wp-content/uploads/2024/01/kimbap-650x973.jpg,https://joinkuliner.com/wp-content/uploads/2024/01/kimbap-650x973.jpg,20241204035637,image/jpeg,90641,cb16122c6b58aee593621ce45ae90eb5c30f65fe1e71f61ec7f780b63b64b43f,https://web.archive.org/web/20241204035637id_/https://joinkuliner.com/wp-content/uploads/2024/01/kimbap-650x973.jpg,
downloaded,wp-content/uploads/2024/01/kimbap-768x1150.jpg,https://joinkuliner.com/wp-content/uploads/2024/01/kimbap-768x1150.jpg,20241204044013,image/jpeg,115356,a40c4c0e160b124d08eea693ffdee7011ae253bd1115ed00cc3e23d4fb21b3b0,https://web.archive.org/web/20241204044013id_/https://joinkuliner.com/wp-content/uploads/2024/01/kimbap-768x1150.jpg,
downloaded,wp-content/uploads/2024/01/kimbap-800x1198.jpg,https://joinkuliner.com/wp-content/uploads/2024/01/kimbap-800x1198.jpg,20241204035517,image/jpeg,121980,5f854966c5d7cbe0da71e0ba8f3de66e5ce11d7f09f74914063158a0f9cf79d3,https://web.archive.org/web/20241204035517id_/https://joinkuliner.com/wp-content/uploads/2024/01/kimbap-800x1198.jpg,
downloaded,wp-content/uploads/2024/01/kimbap.jpg,https://joinkuliner.com/wp-content/uploads/2024/01/kimbap.jpg,20250810215356,image/jpeg,221174,1a02cbb75ac53cdcdfdad4452862995a74d753fb00a6def310dda7f005e03b01,https://web.archive.org/web/20250810215356id_/https://joinkuliner.com/wp-content/uploads/2024/01/kimbap.jpg,
downloaded,wp-content/uploads/2024/01/kopi-kultur-100x75.jpg,https://joinkuliner.com/wp-content/uploads/2024/01/kopi-kultur-100x75.jpg,20241204043352,image/jpeg,3498,81aa5fc8ac8d108766a004f6bd36861cf51e74a048981f964281be517f712e86,https://web.archive.org/web/20241204043352id_/https://joinkuliner.com/wp-content/uploads/2024/01/kopi-kultur-100x75.jpg,
downloaded,wp-content/uploads/2024/01/kopi-kultur-150x112.jpg,https://joinkuliner.com/wp-content/uploads/2024/01/kopi-kultur-150x112.jpg,20250810031738,image/jpeg,6151,8a186798751505104479b82a236b383c293d7ed9c43f945026e7584700c6fbe2,https://web.archive.org/web/20250810031738id_/https://joinkuliner.com/wp-content/uploads/2024/01/kopi-kultur-150x112.jpg,
downloaded,wp-content/uploads/2024/01/kopi-kultur-200x150.jpg,https://joinkuliner.com/wp-content/uploads/2024/01/kopi-kultur-200x150.jpg,20241204035125,image/jpeg,10048,bc7c9095bc33bc3db771ca1fc08387b77942e2695a420a755baaf76f58c43799,https://web.archive.org/web/20241204035125id_/https://joinkuliner.com/wp-content/uploads/2024/01/kopi-kultur-200x150.jpg,
downloaded,wp-content/uploads/2024/01/kopi-kultur-250x187.jpg,https://joinkuliner.com/wp-content/uploads/2024/01/kopi-kultur-250x187.jpg,20241204035621,image/jpeg,14979,266b8881e39f983a73a0665450a27f9705ffaa656c781719b0dbeb9cd461e2e1,https://web.archive.org/web/20241204035621id_/https://joinkuliner.com/wp-content/uploads/2024/01/kopi-kultur-250x187.jpg,
downloaded,wp-content/uploads/2024/01/kopi-kultur-300x225.jpg,https://joinkuliner.com/wp-content/uploads/2024/01/kopi-kultur-300x225.jpg,20241204035352,image/jpeg,20319,07471da894d8361661b6776e39650d1dc01fab381b8251fa8e7808d410be1f21,https://web.archive.org/web/20241204035352id_/https://joinkuliner.com/wp-content/uploads/2024/01/kopi-kultur-300x225.jpg,
downloaded,wp-content/uploads/2024/01/kopi-kultur-350x262.jpg,https://joinkuliner.com/wp-content/uploads/2024/01/kopi-kultur-350x262.jpg,20241204035551,image/jpeg,26166,5acb7299ca358d0970448188cb1ec62d1c5b65a1902d4d05c9c17c032bbd33a3,https://web.archive.org/web/20241204035551id_/https://joinkuliner.com/wp-content/uploads/2024/01/kopi-kultur-350x262.jpg,
downloaded,wp-content/uploads/2024/01/kopi-kultur-400x300.jpg,https://joinkuliner.com/wp-content/uploads/2024/01/kopi-kultur-400x300.jpg,20241204040347,image/jpeg,32490,a09a1d077788222d287a9c0f43e16c8efde2c1196a2b8b71cd743a88f9502138,https://web.archive.org/web/20241204040347id_/https://joinkuliner.com/wp-content/uploads/2024/01/kopi-kultur-400x300.jpg,
downloaded,wp-content/uploads/2024/01/kopi-kultur-450x337.jpg,https://joinkuliner.com/wp-content/uploads/2024/01/kopi-kultur-450x337.jpg,20241204040152,image/jpeg,40194,087266d9bba3e8e71d2adc81dddf4787e51eb2374db99c20a05113957ff505f6,https://web.archive.org/web/20241204040152id_/https://joinkuliner.com/wp-content/uploads/2024/01/kopi-kultur-450x337.jpg,
downloaded,wp-content/uploads/2024/01/kopi-kultur-500x375.jpg,https://joinkuliner.com/wp-content/uploads/2024/01/kopi-kultur-500x375.jpg,20241204054852,image/jpeg,47636,e3a62477d889d3b8450b84a2da3d44dcd3b5840af50e991ea3298141cd42d017,https://web.archive.org/web/20241204054852id_/https://joinkuliner.com/wp-content/uploads/2024/01/kopi-kultur-500x375.jpg,
downloaded,wp-content/uploads/2024/01/kopi-kultur-50x37.jpg,https://joinkuliner.com/wp-content/uploads/2024/01/kopi-kultur-50x37.jpg,20241204035105,image/jpeg,1528,a0ac7a7df3e9cfd5ddfc789b87f4c72711a258c86908e35f8050343f811db0aa,https://web.archive.org/web/20241204035105id_/https://joinkuliner.com/wp-content/uploads/2024/01/kopi-kultur-50x37.jpg,
downloaded,wp-content/uploads/2024/01/kopi-kultur.jpg,https://joinkuliner.com/wp-content/uploads/2024/01/kopi-kultur.jpg,20241204040833,image/jpeg,65907,2de7b3123b23bddc702c10a758b12178501de17513e6daa92383d23fe150c9a4,https://web.archive.org/web/20241204040833id_/https://joinkuliner.com/wp-content/uploads/2024/01/kopi-kultur.jpg,
downloaded,wp-content/uploads/2024/01/koran-gala-200x133.webp,https://joinkuliner.com/wp-content/uploads/2024/01/koran-gala-200x133.webp,20240123084301,image/webp,8876,cd553859fd60b1e4f5e16f67d1cc54b288e0217a97dc148f2bf3acc1c592e889,https://web.archive.org/web/20240123084301id_/https://joinkuliner.com/wp-content/uploads/2024/01/koran-gala-200x133.webp,
downloaded,wp-content/uploads/2024/01/koran-gala-250x167.webp,https://joinkuliner.com/wp-content/uploads/2024/01/koran-gala-250x167.webp,20240123084256,image/webp,12630,b9257d579eeb3c8775a049190608186967f5286f71b3654909233fdcfe7ebeeb,https://web.archive.org/web/20240123084256id_/https://joinkuliner.com/wp-content/uploads/2024/01/koran-gala-250x167.webp,
downloaded,wp-content/uploads/2024/01/koran-gala-300x200.webp,https://joinkuliner.com/wp-content/uploads/2024/01/koran-gala-300x200.webp,20240123084300,image/webp,15886,63e3ce7c0ec39c3dd3926412ce142431f33e735559c7cd67554ba3076f87469f,https://web.archive.org/web/20240123084300id_/https://joinkuliner.com/wp-content/uploads/2024/01/koran-gala-300x200.webp,
downloaded,wp-content/uploads/2024/01/koran-gala-350x233.webp,https://joinkuliner.com/wp-content/uploads/2024/01/koran-gala-350x233.webp,20240123084258,image/webp,19534,e9cdcb26feffde5148f1d9fb6d753de37aeaa6471ca4c42df56b8316c07e93a3,https://web.archive.org/web/20240123084258id_/https://joinkuliner.com/wp-content/uploads/2024/01/koran-gala-350x233.webp,
downloaded,wp-content/uploads/2024/01/koran-gala-400x267.webp,https://joinkuliner.com/wp-content/uploads/2024/01/koran-gala-400x267.webp,20240123084325,image/webp,23292,0720d114884a4fe94ae837d23ce36bcab4c35ee6be9e69d8908312edf3e80664,https://web.archive.org/web/20240123084325id_/https://joinkuliner.com/wp-content/uploads/2024/01/koran-gala-400x267.webp,
downloaded,wp-content/uploads/2024/01/koran-gala-450x300.webp,https://joinkuliner.com/wp-content/uploads/2024/01/koran-gala-450x300.webp,20240123084259,image/webp,27066,6597a549a5450c253d81a0876e06c7d3535a2aa591ad02d7a10e211697e4b1cb,https://web.archive.org/web/20240123084259id_/https://joinkuliner.com/wp-content/uploads/2024/01/koran-gala-450x300.webp,
downloaded,wp-content/uploads/2024/01/koran-gala-500x333.webp,https://joinkuliner.com/wp-content/uploads/2024/01/koran-gala-500x333.webp,20240123084257,image/webp,30162,83ff49053978b5718e7bed42b07738bbed279ed0f2050382dceef2765006eb92,https://web.archive.org/web/20240123084257id_/https://joinkuliner.com/wp-content/uploads/2024/01/koran-gala-500x333.webp,
downloaded,wp-content/uploads/2024/01/koran-gala-550x367.webp,https://joinkuliner.com/wp-content/uploads/2024/01/koran-gala-550x367.webp,20240123084259,image/webp,33384,d8d8a3dd9564e96779bbca9fd9551b57806575af785914308b0c432b9122941a,https://web.archive.org/web/20240123084259id_/https://joinkuliner.com/wp-content/uploads/2024/01/koran-gala-550x367.webp,
downloaded,wp-content/uploads/2024/01/koran-gala-650x433.webp,https://joinkuliner.com/wp-content/uploads/2024/01/koran-gala-650x433.webp,20240123084255,image/webp,40366,325883cb11a174c9ebc6c075fb2e93ce50f1b6356a48e992067d2b53fca65c99,https://web.archive.org/web/20240123084255id_/https://joinkuliner.com/wp-content/uploads/2024/01/koran-gala-650x433.webp,
downloaded,wp-content/uploads/2024/01/koran-gala.webp,https://joinkuliner.com/wp-content/uploads/2024/01/koran-gala.webp,20240123084326,image/webp,41674,a25bf337823ef4386a46c7cfdc70d02f32f73189ee7846a7c4bc07808956aefc,https://web.archive.org/web/20240123084326id_/https://joinkuliner.com/wp-content/uploads/2024/01/koran-gala.webp,
downloaded,wp-content/uploads/2024/01/kue-pancong-original-1_43-100x75.jpg,https://joinkuliner.com/wp-content/uploads/2024/01/kue-pancong-original-1_43-100x75.jpg,20240203160936,image/jpeg,3177,214a701f96a6426b055ea580bed5cfd1c3e66577ba389bd0df19173bea651165,https://web.archive.org/web/20240203160936id_/https://joinkuliner.com/wp-content/uploads/2024/01/kue-pancong-original-1_43-100x75.jpg,
downloaded,wp-content/uploads/2024/01/kue-pancong-original-1_43-150x113.jpg,https://joinkuliner.com/wp-content/uploads/2024/01/kue-pancong-original-1_43-150x113.jpg,20240203160932,image/jpeg,5669,b494553d905e590301538e98059198798daede48b7b6c753d198afd0c5bbeb53,https://web.archive.org/web/20240203160932id_/https://joinkuliner.com/wp-content/uploads/2024/01/kue-pancong-original-1_43-150x113.jpg,
downloaded,wp-content/uploads/2024/01/kue-pancong-original-1_43-200x150.jpg,https://joinkuliner.com/wp-content/uploads/2024/01/kue-pancong-original-1_43-200x150.jpg,20240203162451,image/jpeg,8547,4986416582429a1b0733bcb16814b4a8a9f81d327a26c61a300a2b70417b673d,https://web.archive.org/web/20240203162451id_/https://joinkuliner.com/wp-content/uploads/2024/01/kue-pancong-original-1_43-200x150.jpg,
downloaded,wp-content/uploads/2024/01/kue-pancong-original-1_43-250x188.jpg,https://joinkuliner.com/wp-content/uploads/2024/01/kue-pancong-original-1_43-250x188.jpg,20240203160942,image/jpeg,12273,d2929c7d7222a0a9e848e690c4199a1220e1d0feaa7bbd18ce1d6c1f7325dd31,https://web.archive.org/web/20240203160942id_/https://joinkuliner.com/wp-content/uploads/2024/01/kue-pancong-original-1_43-250x188.jpg,
downloaded,wp-content/uploads/2024/01/kue-pancong-original-1_43-300x225.jpg,https://joinkuliner.com/wp-content/uploads/2024/01/kue-pancong-original-1_43-300x225.jpg,20240203160944,image/jpeg,16486,9d9b63aab84180374a9b0d229787294f7fbf07ba0578ea48b187ec1fbd9c8154,https://web.archive.org/web/20240203160944id_/https://joinkuliner.com/wp-content/uploads/2024/01/kue-pancong-original-1_43-300x225.jpg,
downloaded,wp-content/uploads/2024/01/kue-pancong-original-1_43-350x263.jpg,https://joinkuliner.com/wp-content/uploads/2024/01/kue-pancong-original-1_43-350x263.jpg,20240203160936,image/jpeg,20810,fb14768b28844086689b6864f12d2cef282055b1185a72493314452ff2b71660,https://web.archive.org/web/20240203160936id_/https://joinkuliner.com/wp-content/uploads/2024/01/kue-pancong-original-1_43-350x263.jpg,
downloaded,wp-content/uploads/2024/01/kue-pancong-original-1_43-400x300.jpg,https://joinkuliner.com/wp-content/uploads/2024/01/kue-pancong-original-1_43-400x300.jpg,20240203160946,image/jpeg,26023,28112b99cc20d949b33418029f9871b35c0a81591821096ea9e7f9e499563563,https://web.archive.org/web/20240203160946id_/https://joinkuliner.com/wp-content/uploads/2024/01/kue-pancong-original-1_43-400x300.jpg,
downloaded,wp-content/uploads/2024/01/kue-pancong-original-1_43-450x338.jpg,https://joinkuliner.com/wp-content/uploads/2024/01/kue-pancong-original-1_43-450x338.jpg,20240203160942,image/jpeg,31507,461e328e6228abcf5f20676adc0300e8b1bb674deb075d2413ed232237bceac1,https://web.archive.org/web/20240203160942id_/https://joinkuliner.com/wp-content/uploads/2024/01/kue-pancong-original-1_43-450x338.jpg,
downloaded,wp-content/uploads/2024/01/kue-pancong-original-1_43-500x375.jpg,https://joinkuliner.com/wp-content/uploads/2024/01/kue-pancong-original-1_43-500x375.jpg,20240203160934,image/jpeg,37041,41803a4918d5cd3c50ae46274bcbafddd41e036ed52a8c0165da62306a60b9dd,https://web.archive.org/web/20240203160934id_/https://joinkuliner.com/wp-content/uploads/2024/01/kue-pancong-original-1_43-500x375.jpg,
downloaded,wp-content/uploads/2024/01/kue-pancong-original-1_43-50x38.jpg,https://joinkuliner.com/wp-content/uploads/2024/01/kue-pancong-original-1_43-50x38.jpg,20240203160933,image/jpeg,1519,9008737bb6b9ba0797ea4579f105eac477e133beb58e724e087338b85d9fe552,https://web.archive.org/web/20240203160933id_/https://joinkuliner.com/wp-content/uploads/2024/01/kue-pancong-original-1_43-50x38.jpg,
downloaded,wp-content/uploads/2024/01/kue-pancong-original-1_43-550x413.jpg,https://joinkuliner.com/wp-content/uploads/2024/01/kue-pancong-original-1_43-550x413.jpg,20240203162452,image/jpeg,43096,8bf82575a8c351789a0e36bd6b3a443bf85191cc0b8b11f29be0dc30a0f7b5f0,https://web.archive.org/web/20240203162452id_/https://joinkuliner.com/wp-content/uploads/2024/01/kue-pancong-original-1_43-550x413.jpg,
downloaded,wp-content/uploads/2024/01/kue-pancong-original-1_43-650x488.jpg,https://joinkuliner.com/wp-content/uploads/2024/01/kue-pancong-original-1_43-650x488.jpg,20240203160931,image/jpeg,56245,dcd23da58319fab060b30140949eb904e4f14283be74a094169af4615b71c0d5,https://web.archive.org/web/20240203160931id_/https://joinkuliner.com/wp-content/uploads/2024/01/kue-pancong-original-1_43-650x488.jpg,
downloaded,wp-content/uploads/2024/01/kue-pancong-original-1_43-768x576.jpg,https://joinkuliner.com/wp-content/uploads/2024/01/kue-pancong-original-1_43-768x576.jpg,20240203162451,image/jpeg,72434,39608fb04bb01daed0dc6227a5b84c04dba6be7ba3454febadd61c22b79346d1,https://web.archive.org/web/20240203162451id_/https://joinkuliner.com/wp-content/uploads/2024/01/kue-pancong-original-1_43-768x576.jpg,
downloaded,wp-content/uploads/2024/01/kue-pancong-original-1_43-800x600.jpg,https://joinkuliner.com/wp-content/uploads/2024/01/kue-pancong-original-1_43-800x600.jpg,20240203160940,image/jpeg,77193,5154894345832fdb2ce307422abe30d5ac76d8bf1b6f422dff3de3507c5377f3,https://web.archive.org/web/20240203160940id_/https://joinkuliner.com/wp-content/uploads/2024/01/kue-pancong-original-1_43-800x600.jpg,
downloaded,wp-content/uploads/2024/01/kue-pancong-original-1_43.jpg,https://joinkuliner.com/wp-content/uploads/2024/01/kue-pancong-original-1_43.jpg,20240203162454,image/jpeg,132658,51141bbdc0ddc2bae5d109059dbecda5d30f91b3c05764fb62629b95825a6225,https://web.archive.org/web/20240203162454id_/https://joinkuliner.com/wp-content/uploads/2024/01/kue-pancong-original-1_43.jpg,
downloaded,wp-content/uploads/2024/01/kuliner-palangkaraya-100x67.jpg,https://joinkuliner.com/wp-content/uploads/2024/01/kuliner-palangkaraya-100x67.jpg,20250810120830,image/jpeg,4379,4588c3fec97c9394fa9a040acf9086d1ec9d245929bd02b77930e7430e23dfef,https://web.archive.org/web/20250810120830id_/https://joinkuliner.com/wp-content/uploads/2024/01/kuliner-palangkaraya-100x67.jpg,
downloaded,wp-content/uploads/2024/01/kuliner-palangkaraya-150x100.jpg,https://joinkuliner.com/wp-content/uploads/2024/01/kuliner-palangkaraya-150x100.jpg,20241204043738,image/jpeg,8095,436a140da3bfcdf4d6bd14750e76ef655c3b9c95563a9993d118806b95e02d91,https://web.archive.org/web/20241204043738id_/https://joinkuliner.com/wp-content/uploads/2024/01/kuliner-palangkaraya-150x100.jpg,
downloaded,wp-content/uploads/2024/01/kuliner-palangkaraya-200x133.jpg,https://joinkuliner.com/wp-content/uploads/2024/01/kuliner-palangkaraya-200x133.jpg,20241204043234,image/jpeg,12627,eb09e333431b735c90d6f4c0368b0cb88e4b79bfddfd28004c69f8bf183cbfa6,https://web.archive.org/web/20241204043234id_/https://joinkuliner.com/wp-content/uploads/2024/01/kuliner-palangkaraya-200x133.jpg,
downloaded,wp-content/uploads/2024/01/kuliner-palangkaraya-250x167.jpg,https://joinkuliner.com/wp-content/uploads/2024/01/kuliner-palangkaraya-250x167.jpg,20241204044159,image/jpeg,18268,51fbd6aacc559751d4ff7eee05e9a604dee505a7c2877310399d879b7afed998,https://web.archive.org/web/20241204044159id_/https://joinkuliner.com/wp-content/uploads/2024/01/kuliner-palangkaraya-250x167.jpg,
downloaded,wp-content/uploads/2024/01/kuliner-palangkaraya-300x200.jpg,https://joinkuliner.com/wp-content/uploads/2024/01/kuliner-palangkaraya-300x200.jpg,20241204043021,image/jpeg,23852,a425b1b579f08a29f9e60ef6b9954b392d0e418a95edeccaa23c197966e50063,https://web.archive.org/web/20241204043021id_/https://joinkuliner.com/wp-content/uploads/2024/01/kuliner-palangkaraya-300x200.jpg,
downloaded,wp-content/uploads/2024/01/kuliner-palangkaraya-350x233.jpg,https://joinkuliner.com/wp-content/uploads/2024/01/kuliner-palangkaraya-350x233.jpg,20241204044040,image/jpeg,30155,0f7cfbcbf83db12d90a4493662b82f1ad833f8e92bc7c5549d730743448e04f8,https://web.archive.org/web/20241204044040id_/https://joinkuliner.com/wp-content/uploads/2024/01/kuliner-palangkaraya-350x233.jpg,
downloaded,wp-content/uploads/2024/01/kuliner-palangkaraya-400x267.jpg,https://joinkuliner.com/wp-content/uploads/2024/01/kuliner-palangkaraya-400x267.jpg,20241204052059,image/jpeg,36560,8b3d46792417d0b054101b65a04a43973a550437634172b28edeb6ac5b15c4de,https://web.archive.org/web/20241204052059id_/https://joinkuliner.com/wp-content/uploads/2024/01/kuliner-palangkaraya-400x267.jpg,
downloaded,wp-content/uploads/2024/01/kuliner-palangkaraya-450x300.jpg,https://joinkuliner.com/wp-content/uploads/2024/01/kuliner-palangkaraya-450x300.jpg,20241204044121,image/jpeg,43876,ccf2fe3b2a8e6443dd67023a434d5b41456c028ec8c0da94c684b589e0fd9af8,https://web.archive.org/web/20241204044121id_/https://joinkuliner.com/wp-content/uploads/2024/01/kuliner-palangkaraya-450x300.jpg,
downloaded,wp-content/uploads/2024/01/kuliner-palangkaraya-500x333.jpg,https://joinkuliner.com/wp-content/uploads/2024/01/kuliner-palangkaraya-500x333.jpg,20241204043248,image/jpeg,50759,0ac4710ed8415b35ac33358b7beb950fc8086bc77b5d69cf001abb6488be5c35,https://web.archive.org/web/20241204043248id_/https://joinkuliner.com/wp-content/uploads/2024/01/kuliner-palangkaraya-500x333.jpg,
downloaded,wp-content/uploads/2024/01/kuliner-palangkaraya-50x33.jpg,https://joinkuliner.com/wp-content/uploads/2024/01/kuliner-palangkaraya-50x33.jpg,20241204040644,image/jpeg,1748,de1c76ad21b3a53ac82ab06a986c93d55d3aac6755e130c8b05a146884be28c3,https://web.archive.org/web/20241204040644id_/https://joinkuliner.com/wp-content/uploads/2024/01/kuliner-palangkaraya-50x33.jpg,
downloaded,wp-content/uploads/2024/01/kuliner-palangkaraya-650x433.jpg,https://joinkuliner.com/wp-content/uploads/2024/01/kuliner-palangkaraya-650x433.jpg,20241204053028,image/jpeg,73029,ec5719397cdffeaddeec6ca40bf038fa3b5312b92dd932af2100e85697e4948c,https://web.archive.org/web/20241204053028id_/https://joinkuliner.com/wp-content/uploads/2024/01/kuliner-palangkaraya-650x433.jpg,
downloaded,wp-content/uploads/2024/01/kuliner-palangkaraya.jpg,https://joinkuliner.com/wp-content/uploads/2024/01/kuliner-palangkaraya.jpg,20250810175144,image/jpeg,83273,14404425714cb25d310e5fb09368db35e72b2362633232e24abaab8d68cfa6b6,https://web.archive.org/web/20250810175144id_/https://joinkuliner.com/wp-content/uploads/2024/01/kuliner-palangkaraya.jpg,
downloaded,wp-content/uploads/2024/01/kuliner-rumah-jendral-100x67.webp,https://joinkuliner.com/wp-content/uploads/2024/01/kuliner-rumah-jendral-100x67.webp,20241204040042,image/webp,2924,c0ca389f5ec38f9c34aa734df7d47722c5d947fe91e7f0db98dc04c5ddff1c09,https://web.archive.org/web/20241204040042id_/https://joinkuliner.com/wp-content/uploads/2024/01/kuliner-rumah-jendral-100x67.webp,
downloaded,wp-content/uploads/2024/01/kuliner-rumah-jendral-150x100.webp,https://joinkuliner.com/wp-content/uploads/2024/01/kuliner-rumah-jendral-150x100.webp,20250809153618,image/webp,5496,240372c1258577398c94de843e0ca7b59093b975cb558769a926d7eb1276ecc8,https://web.archive.org/web/20250809153618id_/https://joinkuliner.com/wp-content/uploads/2024/01/kuliner-rumah-jendral-150x100.webp,
downloaded,wp-content/uploads/2024/01/kuliner-rumah-jendral-200x133.webp,https://joinkuliner.com/wp-content/uploads/2024/01/kuliner-rumah-jendral-200x133.webp,20250810133706,image/webp,8680,cb564796976e18c5981d9e0cb85e4f266ee9124892a333f17a91723418ae0867,https://web.archive.org/web/20250810133706id_/https://joinkuliner.com/wp-content/uploads/2024/01/kuliner-rumah-jendral-200x133.webp,
downloaded,wp-content/uploads/2024/01/kuliner-rumah-jendral-250x167.webp,https://joinkuliner.com/wp-content/uploads/2024/01/kuliner-rumah-jendral-250x167.webp,20241204035213,image/webp,12294,e9ca489007b59e851f90192046226b7fc19b800f0d38de224167939f8fee54cd,https://web.archive.org/web/20241204035213id_/https://joinkuliner.com/wp-content/uploads/2024/01/kuliner-rumah-jendral-250x167.webp,
downloaded,wp-content/uploads/2024/01/kuliner-rumah-jendral-300x200.webp,https://joinkuliner.com/wp-content/uploads/2024/01/kuliner-rumah-jendral-300x200.webp,20241204040000,image/webp,15558,6724f25f6dd3356ed37151c2757f4ea1c1106a671b7e0e0b8248aa84aff33274,https://web.archive.org/web/20241204040000id_/https://joinkuliner.com/wp-content/uploads/2024/01/kuliner-rumah-jendral-300x200.webp,
downloaded,wp-content/uploads/2024/01/kuliner-rumah-jendral-350x233.webp,https://joinkuliner.com/wp-content/uploads/2024/01/kuliner-rumah-jendral-350x233.webp,20241204040340,image/webp,19058,d948eaa9228173eb9952196b707d3963391d68b444f9b33bf6f3fb5ccec4080c,https://web.archive.org/web/20241204040340id_/https://joinkuliner.com/wp-content/uploads/2024/01/kuliner-rumah-jendral-350x233.webp,
downloaded,wp-content/uploads/2024/01/kuliner-rumah-jendral-400x267.webp,https://joinkuliner.com/wp-content/uploads/2024/01/kuliner-rumah-jendral-400x267.webp,20241204040155,image/webp,22524,91cb54e4d84601aeb79e8044352cd5d4e60ed5a1b479388c667302b3447acb5a,https://web.archive.org/web/20241204040155id_/https://joinkuliner.com/wp-content/uploads/2024/01/kuliner-rumah-jendral-400x267.webp,
downloaded,wp-content/uploads/2024/01/kuliner-rumah-jendral-450x300.webp,https://joinkuliner.com/wp-content/uploads/2024/01/kuliner-rumah-jendral-450x300.webp,20241204040109,image/webp,26392,ec3457164c8d0a94178e7486665252c46e9592ad2722e7df6690f5322be1b433,https://web.archive.org/web/20241204040109id_/https://joinkuliner.com/wp-content/uploads/2024/01/kuliner-rumah-jendral-450x300.webp,
downloaded,wp-content/uploads/2024/01/kuliner-rumah-jendral-500x333.webp,https://joinkuliner.com/wp-content/uploads/2024/01/kuliner-rumah-jendral-500x333.webp,20241204035610,image/webp,29866,430ade2ee7b69e3f103379882a226b6abe63a44bc5db8f4aa9b807ac10f62a73,https://web.archive.org/web/20241204035610id_/https://joinkuliner.com/wp-content/uploads/2024/01/kuliner-rumah-jendral-500x333.webp,
downloaded,wp-content/uploads/2024/01/kuliner-rumah-jendral-50x33.webp,https://joinkuliner.com/wp-content/uploads/2024/01/kuliner-rumah-jendral-50x33.webp,20241204043047,image/webp,1030,9f74bc219bdc8cfba5446327f7d10895f1b625326e3a4a0fbb263c4c7a0ad869,https://web.archive.org/web/20241204043047id_/https://joinkuliner.com/wp-content/uploads/2024/01/kuliner-rumah-jendral-50x33.webp,
downloaded,wp-content/uploads/2024/01/kuliner-rumah-jendral-550x367.webp,https://joinkuliner.com/wp-content/uploads/2024/01/kuliner-rumah-jendral-550x367.webp,20241204035011,image/webp,33606,fbf9d28a1b29f8ea60c7726b5023cb499a3709bbc4859dbf53d984d050c7d06f,https://web.archive.org/web/20241204035011id_/https://joinkuliner.com/wp-content/uploads/2024/01/kuliner-rumah-jendral-550x367.webp,
downloaded,wp-content/uploads/2024/01/kuliner-rumah-jendral-650x433.webp,https://joinkuliner.com/wp-content/uploads/2024/01/kuliner-rumah-jendral-650x433.webp,20241204034919,image/webp,40222,8a82c803bd74c806594e076df04f7a43a7f1811688f455865795b34e02ce53ab,https://web.archive.org/web/20241204034919id_/https://joinkuliner.com/wp-content/uploads/2024/01/kuliner-rumah-jendral-650x433.webp,
downloaded,wp-content/uploads/2024/01/kuliner-rumah-jendral.webp,https://joinkuliner.com/wp-content/uploads/2024/01/kuliner-rumah-jendral.webp,20241204034952,image/webp,41444,bbdc14a0474896e4dbf51fe417fd8cb7e3cccb327a0b437fe9fb3a6d6241e69e,https://web.archive.org/web/20241204034952id_/https://joinkuliner.com/wp-content/uploads/2024/01/kuliner-rumah-jendral.webp,
downloaded,wp-content/uploads/2024/01/macam-macam-frozen-food-100x56.webp,https://joinkuliner.com/wp-content/uploads/2024/01/macam-macam-frozen-food-100x56.webp,20240131150155,image/webp,3034,21e8e0a799627766010ca54117baf2a4fd0b6c7bf9034cb7b69771e96d81377e,https://web.archive.org/web/20240131150155id_/https://joinkuliner.com/wp-content/uploads/2024/01/macam-macam-frozen-food-100x56.webp,
downloaded,wp-content/uploads/2024/01/macam-macam-frozen-food-1200x677.webp,https://joinkuliner.com/wp-content/uploads/2024/01/macam-macam-frozen-food-1200x677.webp,20240131150352,image/webp,113964,759588a46d5d42acd008e7687a2aa09a8379c6fff7f1d574079fd4c9322c9ae2,https://web.archive.org/web/20240131150352id_/https://joinkuliner.com/wp-content/uploads/2024/01/macam-macam-frozen-food-1200x677.webp,
downloaded,wp-content/uploads/2024/01/macam-macam-frozen-food-150x85.webp,https://joinkuliner.com/wp-content/uploads/2024/01/macam-macam-frozen-food-150x85.webp,20240131150149,image/webp,5860,2ef80917388100b63493e430f5816afd035bf9311a9b80584db62b41e1e5abae,https://web.archive.org/web/20240131150149id_/https://joinkuliner.com/wp-content/uploads/2024/01/macam-macam-frozen-food-150x85.webp,
downloaded,wp-content/uploads/2024/01/macam-macam-frozen-food-1536x866.webp,https://joinkuliner.com/wp-content/uploads/2024/01/macam-macam-frozen-food-1536x866.webp,20240131150517,image/webp,156086,22693b590c65df2fa5b21cfa2f5c6a47bc7a869c27474b44d40f26ca0b2f35ed,https://web.archive.org/web/20240131150517id_/https://joinkuliner.com/wp-content/uploads/2024/01/macam-macam-frozen-food-1536x866.webp,
downloaded,wp-content/uploads/2024/01/macam-macam-frozen-food-1600x902.webp,https://joinkuliner.com/wp-content/uploads/2024/01/macam-macam-frozen-food-1600x902.webp,20240131150152,image/webp,163852,6070d1a8b3f53440aa94a4be28ac797d6c69f6eafc2bc8c65592d5849a3cd666,https://web.archive.org/web/20240131150152id_/https://joinkuliner.com/wp-content/uploads/2024/01/macam-macam-frozen-food-1600x902.webp,
downloaded,wp-content/uploads/2024/01/macam-macam-frozen-food-200x113.webp,https://joinkuliner.com/wp-content/uploads/2024/01/macam-macam-frozen-food-200x113.webp,20240131150150,image/webp,9192,eb4244ea66fe73085d8c6c14601f780e69a5c3a35b14747a6138cb272af42078,https://web.archive.org/web/20240131150150id_/https://joinkuliner.com/wp-content/uploads/2024/01/macam-macam-frozen-food-200x113.webp,
downloaded,wp-content/uploads/2024/01/macam-macam-frozen-food-250x141.webp,https://joinkuliner.com/wp-content/uploads/2024/01/macam-macam-frozen-food-250x141.webp,20240131150158,image/webp,13004,99794bcbdca1b0e372fa422549a1680c7f739a3c47a782c60bf85d7d36d0f299,https://web.archive.org/web/20240131150158id_/https://joinkuliner.com/wp-content/uploads/2024/01/macam-macam-frozen-food-250x141.webp,
downloaded,wp-content/uploads/2024/01/macam-macam-frozen-food-300x169.webp,https://joinkuliner.com/wp-content/uploads/2024/01/macam-macam-frozen-food-300x169.webp,20240131150145,image/webp,17032,2ff800ee792f03565d5509e5df9a6e4e5237270a7218ba062d8e8254fd60dcbd,https://web.archive.org/web/20240131150145id_/https://joinkuliner.com/wp-content/uploads/2024/01/macam-macam-frozen-food-300x169.webp,
downloaded,wp-content/uploads/2024/01/macam-macam-frozen-food-350x197.webp,https://joinkuliner.com/wp-content/uploads/2024/01/macam-macam-frozen-food-350x197.webp,20240131150542,image/webp,21370,d7715579d353b12147b9297d94304c624eda7af24210427c6ff9c377e11607d4,https://web.archive.org/web/20240131150542id_/https://joinkuliner.com/wp-content/uploads/2024/01/macam-macam-frozen-food-350x197.webp,
downloaded,wp-content/uploads/2024/01/macam-macam-frozen-food-400x226.webp,https://joinkuliner.com/wp-content/uploads/2024/01/macam-macam-frozen-food-400x226.webp,20240131150146,image/webp,26350,8e4802aed2c294cd719f809070f40d64580ac42f6481f7071828f923e43e603f,https://web.archive.org/web/20240131150146id_/https://joinkuliner.com/wp-content/uploads/2024/01/macam-macam-frozen-food-400x226.webp,
downloaded,wp-content/uploads/2024/01/macam-macam-frozen-food-450x254.webp,https://joinkuliner.com/wp-content/uploads/2024/01/macam-macam-frozen-food-450x254.webp,20240131150156,image/webp,31566,11a93e9e2a6d4da0a773bb439550e6b58888e3906e18bb77eca8b0bd7ebc592c,https://web.archive.org/web/20240131150156id_/https://joinkuliner.com/wp-content/uploads/2024/01/macam-macam-frozen-food-450x254.webp,
downloaded,wp-content/uploads/2024/01/macam-macam-frozen-food-500x282.webp,https://joinkuliner.com/wp-content/uploads/2024/01/macam-macam-frozen-food-500x282.webp,20240131150142,image/webp,36048,e2b1e96b7fe814b05b033104bc3d83eceb4aaa51689a01f701e486af4d6f2e89,https://web.archive.org/web/20240131150142id_/https://joinkuliner.com/wp-content/uploads/2024/01/macam-macam-frozen-food-500x282.webp,
downloaded,wp-content/uploads/2024/01/macam-macam-frozen-food-50x28.webp,https://joinkuliner.com/wp-content/uploads/2024/01/macam-macam-frozen-food-50x28.webp,20240131150145,image/webp,924,e14d558673332b65941fb0e8501145100b9627406f47c032f0150d5a6c811ab2,https://web.archive.org/web/20240131150145id_/https://joinkuliner.com/wp-content/uploads/2024/01/macam-macam-frozen-food-50x28.webp,
downloaded,wp-content/uploads/2024/01/macam-macam-frozen-food-550x310.webp,https://joinkuliner.com/wp-content/uploads/2024/01/macam-macam-frozen-food-550x310.webp,20240131150549,image/webp,40888,be679fe39e283c8564adae97f26d39af1e06be3eabe78e6c6cd4a2f4fa886dda,https://web.archive.org/web/20240131150549id_/https://joinkuliner.com/wp-content/uploads/2024/01/macam-macam-frozen-food-550x310.webp,
downloaded,wp-content/uploads/2024/01/macam-macam-frozen-food-650x366.webp,https://joinkuliner.com/wp-content/uploads/2024/01/macam-macam-frozen-food-650x366.webp,20240131150143,image/webp,51242,5b03bbf75f7c33fc3fd039cef83836ee94680ee9b279492bc41d12a77929442e,https://web.archive.org/web/20240131150143id_/https://joinkuliner.com/wp-content/uploads/2024/01/macam-macam-frozen-food-650x366.webp,
downloaded,wp-content/uploads/2024/01/macam-macam-frozen-food-768x433.webp,https://joinkuliner.com/wp-content/uploads/2024/01/macam-macam-frozen-food-768x433.webp,20240131150148,image/webp,64652,f5cd3a1049aa451d3bcd02c266be505ff1146ad7245ddf9dee4aa3c54ba36bff,https://web.archive.org/web/20240131150148id_/https://joinkuliner.com/wp-content/uploads/2024/01/macam-macam-frozen-food-768x433.webp,
downloaded,wp-content/uploads/2024/01/macam-macam-frozen-food-800x451.webp,https://joinkuliner.com/wp-content/uploads/2024/01/macam-macam-frozen-food-800x451.webp,20240131150157,image/webp,68162,f65fb11fc3c2eac4970251a6055a57eb9d5f80751ff88fa431a3caaa150f129a,https://web.archive.org/web/20240131150157id_/https://joinkuliner.com/wp-content/uploads/2024/01/macam-macam-frozen-food-800x451.webp,
downloaded,wp-content/uploads/2024/01/macam-macam-frozen-food.webp,https://joinkuliner.com/wp-content/uploads/2024/01/macam-macam-frozen-food.webp,20240131150601,image/webp,209532,3999b5595e315305ab12d2d4a758482d22acd5b0572a19b846237452018ab7fc,https://web.archive.org/web/20240131150601id_/https://joinkuliner.com/wp-content/uploads/2024/01/macam-macam-frozen-food.webp,
downloaded,wp-content/uploads/2024/01/makanan-continental-100x56.jpg,https://joinkuliner.com/wp-content/uploads/2024/01/makanan-continental-100x56.jpg,20241204035035,image/jpeg,3479,9c70fd2d1e4fec77984296dd287c3ccfea97a34682b5b4ebdbcda6f5139a1d59,https://web.archive.org/web/20241204035035id_/https://joinkuliner.com/wp-content/uploads/2024/01/makanan-continental-100x56.jpg,
downloaded,wp-content/uploads/2024/01/makanan-continental-150x84.jpg,https://joinkuliner.com/wp-content/uploads/2024/01/makanan-continental-150x84.jpg,20250811205323,image/jpeg,6469,aa8cf4c16a7489f2692fe508ed72158d88997c3723082f5c4679d3f8b1ada0b8,https://web.archive.org/web/20250811205323id_/https://joinkuliner.com/wp-content/uploads/2024/01/makanan-continental-150x84.jpg,
downloaded,wp-content/uploads/2024/01/makanan-continental-200x113.jpg,https://joinkuliner.com/wp-content/uploads/2024/01/makanan-continental-200x113.jpg,20241204035117,image/jpeg,10285,75116f1606650d9ea5b86c556f18fa8b6adc9232557c698565569fd43103ce4a,https://web.archive.org/web/20241204035117id_/https://joinkuliner.com/wp-content/uploads/2024/01/makanan-continental-200x113.jpg,
downloaded,wp-content/uploads/2024/01/makanan-continental-250x141.jpg,https://joinkuliner.com/wp-content/uploads/2024/01/makanan-continental-250x141.jpg,20241204041405,image/jpeg,14633,aae9a0b4fd28c010e02f90392b9c4ecb358c5d5d0bcb24c4f536f8ebe2158a18,https://web.archive.org/web/20241204041405id_/https://joinkuliner.com/wp-content/uploads/2024/01/makanan-continental-250x141.jpg,
downloaded,wp-content/uploads/2024/01/makanan-continental-300x169.jpg,https://joinkuliner.com/wp-content/uploads/2024/01/makanan-continental-300x169.jpg,20241204035706,image/jpeg,19744,79c65e6c4aa242352f451705b014f6fd2d9362970667cf47cb89221b7c42e447,https://web.archive.org/web/20241204035706id_/https://joinkuliner.com/wp-content/uploads/2024/01/makanan-continental-300x169.jpg,
downloaded,wp-content/uploads/2024/01/makanan-continental-350x197.jpg,https://joinkuliner.com/wp-content/uploads/2024/01/makanan-continental-350x197.jpg,20250809232533,image/jpeg,25455,e8cb2f4594d3de8447154cb3e775f8c9e607e930b29d35373adbd7239827f3f9,https://web.archive.org/web/20250809232533id_/https://joinkuliner.com/wp-content/uploads/2024/01/makanan-continental-350x197.jpg,
downloaded,wp-content/uploads/2024/01/makanan-continental-400x225.jpg,https://joinkuliner.com/wp-content/uploads/2024/01/makanan-continental-400x225.jpg,20241204043546,image/jpeg,31716,0640c1bb65448e70476c588947c37b8a9789e07975e4a8263ad660e97be9993e,https://web.archive.org/web/20241204043546id_/https://joinkuliner.com/wp-content/uploads/2024/01/makanan-continental-400x225.jpg,
downloaded,wp-content/uploads/2024/01/makanan-continental-450x253.jpg,https://joinkuliner.com/wp-content/uploads/2024/01/makanan-continental-450x253.jpg,20241204035653,image/jpeg,38097,98b6d9af707de7c52b273c2ab9aa195641245831f7da5878be2a56e7f1c147d3,https://web.archive.org/web/20241204035653id_/https://joinkuliner.com/wp-content/uploads/2024/01/makanan-continental-450x253.jpg,
downloaded,wp-content/uploads/2024/01/makanan-continental-500x281.jpg,https://joinkuliner.com/wp-content/uploads/2024/01/makanan-continental-500x281.jpg,20241204050853,image/jpeg,45565,fe33fd0bf2d0bcb45e04637498f3df3cc66bc2e1ac34b9624a6831e0b97de8af,https://web.archive.org/web/20241204050853id_/https://joinkuliner.com/wp-content/uploads/2024/01/makanan-continental-500x281.jpg,
downloaded,wp-content/uploads/2024/01/makanan-continental-50x28.jpg,https://joinkuliner.com/wp-content/uploads/2024/01/makanan-continental-50x28.jpg,20241204041103,image/jpeg,1515,253c86fffb1a94bfef142abcc0581ecf855e61c9c2d7bc658eaf69356e6359fa,https://web.archive.org/web/20241204041103id_/https://joinkuliner.com/wp-content/uploads/2024/01/makanan-continental-50x28.jpg,
downloaded,wp-content/uploads/2024/01/makanan-continental-550x309.jpg,https://joinkuliner.com/wp-content/uploads/2024/01/makanan-continental-550x309.jpg,20250403074138,image/jpeg,53172,3f65d37dd363c0ec891c1fb09bb437494310880e8a577d38e015823a1e7b2808,https://web.archive.org/web/20250403074138id_/https://joinkuliner.com/wp-content/uploads/2024/01/makanan-continental-550x309.jpg,
downloaded,wp-content/uploads/2024/01/makanan-continental-650x366.jpg,https://joinkuliner.com/wp-content/uploads/2024/01/makanan-continental-650x366.jpg,20241204043637,image/jpeg,69518,f41abafc628dfad52d9a6e7d63388fcbbcbdef2e7cf123509d606f8399192665,https://web.archive.org/web/20241204043637id_/https://joinkuliner.com/wp-content/uploads/2024/01/makanan-continental-650x366.jpg,
downloaded,wp-content/uploads/2024/01/makanan-continental-768x432.jpg,https://joinkuliner.com/wp-content/uploads/2024/01/makanan-continental-768x432.jpg,20241204034939,image/jpeg,91657,4c897ae36d8e57e3fd18b460353e5e08647259df002fef34531cc9776223b4f3,https://web.archive.org/web/20241204034939id_/https://joinkuliner.com/wp-content/uploads/2024/01/makanan-continental-768x432.jpg,
downloaded,wp-content/uploads/2024/01/makanan-continental-800x450.jpg,https://joinkuliner.com/wp-content/uploads/2024/01/makanan-continental-800x450.jpg,20250810174739,image/jpeg,97556,19540f42a888faebd649ed8ac78e989e46fbc28133762c0a5bef00c724db2bf4,https://web.archive.org/web/20250810174739id_/https://joinkuliner.com/wp-content/uploads/2024/01/makanan-continental-800x450.jpg,
downloaded,wp-content/uploads/2024/01/makanan-continental.jpg,https://joinkuliner.com/wp-content/uploads/2024/01/makanan-continental.jpg,20241204035020,image/jpeg,198764,9caf57595ab2f9382f6f6114092b3b55eb31fb40576e8553f38e4af0ada2649e,https://web.archive.org/web/20241204035020id_/https://joinkuliner.com/wp-content/uploads/2024/01/makanan-continental.jpg,
downloaded,wp-content/uploads/2024/01/makanan-fungsiona-100x66.jpeg,https://joinkuliner.com/wp-content/uploads/2024/01/makanan-fungsiona-100x66.jpeg,20240229105412,image/jpeg,4473,0be0fdde436dd8311d02c278c1ffd7ca1b3201ac74d077b5ab3c05af2f692505,https://web.archive.org/web/20240229105412id_/https://joinkuliner.com/wp-content/uploads/2024/01/makanan-fungsiona-100x66.jpeg,
downloaded,wp-content/uploads/2024/01/makanan-fungsiona-150x99.jpeg,https://joinkuliner.com/wp-content/uploads/2024/01/makanan-fungsiona-150x99.jpeg,20240401153448,image/jpeg,8263,6081c3ec6c9ebed98429408febd8e41f686a0bbe59d86cc7656e33784de8a727,https://web.archive.org/web/20240401153448id_/https://joinkuliner.com/wp-content/uploads/2024/01/makanan-fungsiona-150x99.jpeg,
downloaded,wp-content/uploads/2024/01/makanan-fungsiona-200x132.jpeg,https://joinkuliner.com/wp-content/uploads/2024/01/makanan-fungsiona-200x132.jpeg,20240401152930,image/jpeg,13042,d3653af7eda677c2a9fad13a37ce31c3ba1942af72989634b4e3d29e49d5f39c,https://web.archive.org/web/20240401152930id_/https://joinkuliner.com/wp-content/uploads/2024/01/makanan-fungsiona-200x132.jpeg,
downloaded,wp-content/uploads/2024/01/makanan-fungsiona-250x165.jpeg,https://joinkuliner.com/wp-content/uploads/2024/01/makanan-fungsiona-250x165.jpeg,20240401152926,image/jpeg,18934,28e52b57d48a2fbab95d60ef9f32106c0098c299fe2cccfb301643d8a093b8cc,https://web.archive.org/web/20240401152926id_/https://joinkuliner.com/wp-content/uploads/2024/01/makanan-fungsiona-250x165.jpeg,
downloaded,wp-content/uploads/2024/01/makanan-fungsiona-300x198.jpeg,https://joinkuliner.com/wp-content/uploads/2024/01/makanan-fungsiona-300x198.jpeg,20240401152908,image/jpeg,25669,6ddd272c3c12cc329587d9811da000999b9ddcf3c9c55cc1169c9a7fda43ed35,https://web.archive.org/web/20240401152908id_/https://joinkuliner.com/wp-content/uploads/2024/01/makanan-fungsiona-300x198.jpeg,
downloaded,wp-content/uploads/2024/01/makanan-fungsiona-350x231.jpeg,https://joinkuliner.com/wp-content/uploads/2024/01/makanan-fungsiona-350x231.jpeg,20240401152932,image/jpeg,32661,3d193bccdba39314cfd10737127fb41a8242d28bed200c8d7509125e289dab8d,https://web.archive.org/web/20240401152932id_/https://joinkuliner.com/wp-content/uploads/2024/01/makanan-fungsiona-350x231.jpeg,
downloaded,wp-content/uploads/2024/01/makanan-fungsiona-400x264.jpeg,https://joinkuliner.com/wp-content/uploads/2024/01/makanan-fungsiona-400x264.jpeg,20240401152910,image/jpeg,41099,d3564ece80dd36d849b5d0cecc22f04611f568c8d4b62167c15dfe6f5b31a5f2,https://web.archive.org/web/20240401152910id_/https://joinkuliner.com/wp-content/uploads/2024/01/makanan-fungsiona-400x264.jpeg,
downloaded,wp-content/uploads/2024/01/makanan-fungsiona-450x297.jpeg,https://joinkuliner.com/wp-content/uploads/2024/01/makanan-fungsiona-450x297.jpeg,20240401152921,image/jpeg,50193,5cbc8afaa90f0ca84fe184bbcf1a3f6e771948951cf960c0c387b384861bf30a,https://web.archive.org/web/20240401152921id_/https://joinkuliner.com/wp-content/uploads/2024/01/makanan-fungsiona-450x297.jpeg,
downloaded,wp-content/uploads/2024/01/makanan-fungsiona-500x330.jpeg,https://joinkuliner.com/wp-content/uploads/2024/01/makanan-fungsiona-500x330.jpeg,20240401152911,image/jpeg,59340,e462a283a3c46d514e89b705e8e9fa9c168238059d32821b269f4f4cabcb32b8,https://web.archive.org/web/20240401152911id_/https://joinkuliner.com/wp-content/uploads/2024/01/makanan-fungsiona-500x330.jpeg,
downloaded,wp-content/uploads/2024/01/makanan-fungsiona-50x33.jpeg,https://joinkuliner.com/wp-content/uploads/2024/01/makanan-fungsiona-50x33.jpeg,20240401152919,image/jpeg,1760,23fb1729f78ce547a689e5fe3d560d3471525211e4bb7046fa134d868ad0ad0f,https://web.archive.org/web/20240401152919id_/https://joinkuliner.com/wp-content/uploads/2024/01/makanan-fungsiona-50x33.jpeg,
downloaded,wp-content/uploads/2024/01/makanan-fungsiona-550x363.jpeg,https://joinkuliner.com/wp-content/uploads/2024/01/makanan-fungsiona-550x363.jpeg,20240401152923,image/jpeg,68462,8de840eca295e333c558e65917e18b217dff96f9fa6e7fda63250c046d9e15c2,https://web.archive.org/web/20240401152923id_/https://joinkuliner.com/wp-content/uploads/2024/01/makanan-fungsiona-550x363.jpeg,
downloaded,wp-content/uploads/2024/01/makanan-fungsiona-650x430.jpeg,https://joinkuliner.com/wp-content/uploads/2024/01/makanan-fungsiona-650x430.jpeg,20240401153901,image/jpeg,88786,348dc9399f334fdcdc7cda341bf527554d9a1947de859fab499c7aef35a6a06e,https://web.archive.org/web/20240401153901id_/https://joinkuliner.com/wp-content/uploads/2024/01/makanan-fungsiona-650x430.jpeg,
downloaded,wp-content/uploads/2024/01/makanan-fungsiona-768x508.jpeg,https://joinkuliner.com/wp-content/uploads/2024/01/makanan-fungsiona-768x508.jpeg,20240401153913,image/jpeg,113564,4ec647ef05ea33e3fc1fc3498acf3729fcd59d1030bf063d1004397b1b72e481,https://web.archive.org/web/20240401153913id_/https://joinkuliner.com/wp-content/uploads/2024/01/makanan-fungsiona-768x508.jpeg,
downloaded,wp-content/uploads/2024/01/makanan-fungsiona-800x529.jpeg,https://joinkuliner.com/wp-content/uploads/2024/01/makanan-fungsiona-800x529.jpeg,20240401152913,image/jpeg,121457,97fbf962dc5a21395c54df6e4e3a6a7d649342638205495d8ac3508376bb3923,https://web.archive.org/web/20240401152913id_/https://joinkuliner.com/wp-content/uploads/2024/01/makanan-fungsiona-800x529.jpeg,
downloaded,wp-content/uploads/2024/01/makanan-fungsiona.jpeg,https://joinkuliner.com/wp-content/uploads/2024/01/makanan-fungsiona.jpeg,20240401152918,image/jpeg,219500,8f3c2f39707b83ce2d919e323a6779d5f0593a81abffba64dda1bd8b64a21cb9,https://web.archive.org/web/20240401152918id_/https://joinkuliner.com/wp-content/uploads/2024/01/makanan-fungsiona.jpeg,
downloaded,wp-content/uploads/2024/01/markobar-100x67.jpg,https://joinkuliner.com/wp-content/uploads/2024/01/markobar-100x67.jpg,20240131150153,image/jpeg,3755,3f49aee58eb12080109c0810e35b6e77796893454c316124be8cde986036b1ea,https://web.archive.org/web/20240131150153id_/https://joinkuliner.com/wp-content/uploads/2024/01/markobar-100x67.jpg,
downloaded,wp-content/uploads/2024/01/markobar-150x100.jpg,https://joinkuliner.com/wp-content/uploads/2024/01/markobar-150x100.jpg,20240131150140,image/jpeg,6653,f7b06e540fdd5a3b358da23f60e2be47cd6dcc8d6c1956c10ea9b67ee5250422,https://web.archive.org/web/20240131150140id_/https://joinkuliner.com/wp-content/uploads/2024/01/markobar-150x100.jpg,
downloaded,wp-content/uploads/2024/01/markobar-200x133.jpg,https://joinkuliner.com/wp-content/uploads/2024/01/markobar-200x133.jpg,20240131150154,image/jpeg,10253,ca30f5107f43cf69998cbb0d700b6fb532f3b71cad19283fd90942559d25d84f,https://web.archive.org/web/20240131150154id_/https://joinkuliner.com/wp-content/uploads/2024/01/markobar-200x133.jpg,
downloaded,wp-content/uploads/2024/01/markobar-250x167.jpg,https://joinkuliner.com/wp-content/uploads/2024/01/markobar-250x167.jpg,20240131150141,image/jpeg,14607,eb5dfd21a8559bdfbf6ca94f343afb57eb57f04fca3e1ec17cfe940cc5de4990,https://web.archive.org/web/20240131150141id_/https://joinkuliner.com/wp-content/uploads/2024/01/markobar-250x167.jpg,
downloaded,wp-content/uploads/2024/01/markobar-300x200.jpg,https://joinkuliner.com/wp-content/uploads/2024/01/markobar-300x200.jpg,20240131150142,image/jpeg,19305,2a843c807d81489ef2562f4b0630b2bc40b6866d43013b54af129169940335a7,https://web.archive.org/web/20240131150142id_/https://joinkuliner.com/wp-content/uploads/2024/01/markobar-300x200.jpg,
downloaded,wp-content/uploads/2024/01/markobar-350x233.jpg,https://joinkuliner.com/wp-content/uploads/2024/01/markobar-350x233.jpg,20240131150319,image/jpeg,24601,b9410ca9fd5816e3eb1e51c9053f79fadce7c20c5543469c08520353e3acc460,https://web.archive.org/web/20240131150319id_/https://joinkuliner.com/wp-content/uploads/2024/01/markobar-350x233.jpg,
downloaded,wp-content/uploads/2024/01/markobar-400x267.jpg,https://joinkuliner.com/wp-content/uploads/2024/01/markobar-400x267.jpg,20240131150312,image/jpeg,30772,cc9188989cd7a92f60371875a4d6c20778db5e6dd52964da98b07db15dee5165,https://web.archive.org/web/20240131150312id_/https://joinkuliner.com/wp-content/uploads/2024/01/markobar-400x267.jpg,
downloaded,wp-content/uploads/2024/01/markobar-450x300.jpg,https://joinkuliner.com/wp-content/uploads/2024/01/markobar-450x300.jpg,20240131150148,image/jpeg,36634,d14c09a9a4a69c8e963479fc230943136f394bb18cd3d272a6d57f2acdcdf085,https://web.archive.org/web/20240131150148id_/https://joinkuliner.com/wp-content/uploads/2024/01/markobar-450x300.jpg,
downloaded,wp-content/uploads/2024/01/markobar-500x333.jpg,https://joinkuliner.com/wp-content/uploads/2024/01/markobar-500x333.jpg,20240131150510,image/jpeg,42759,866295476c7a854a6a01063f992d6b21be5179cb7eb5003f0b0f08f308145011,https://web.archive.org/web/20240131150510id_/https://joinkuliner.com/wp-content/uploads/2024/01/markobar-500x333.jpg,
downloaded,wp-content/uploads/2024/01/markobar-50x33.jpg,https://joinkuliner.com/wp-content/uploads/2024/01/markobar-50x33.jpg,20240131150151,image/jpeg,1617,f9270c3bba37d0b745106617094cf35fb2b8bcd433437aece434da29bc32a7d6,https://web.archive.org/web/20240131150151id_/https://joinkuliner.com/wp-content/uploads/2024/01/markobar-50x33.jpg,
downloaded,wp-content/uploads/2024/01/markobar-550x366.jpg,https://joinkuliner.com/wp-content/uploads/2024/01/markobar-550x366.jpg,20240131150149,image/jpeg,49227,6136bb27d6263f6c3d6223176d7db3609eb857c411839efbb643322b776cde05,https://web.archive.org/web/20240131150149id_/https://joinkuliner.com/wp-content/uploads/2024/01/markobar-550x366.jpg,
downloaded,wp-content/uploads/2024/01/markobar-650x433.jpg,https://joinkuliner.com/wp-content/uploads/2024/01/markobar-650x433.jpg,20240131150141,image/jpeg,63698,071e3db28b23a8bf10d3a1342f76cd4d41c5b48f2e609e9ca4f346cab32d9d85,https://web.archive.org/web/20240131150141id_/https://joinkuliner.com/wp-content/uploads/2024/01/markobar-650x433.jpg,
downloaded,wp-content/uploads/2024/01/markobar-768x512.jpg,https://joinkuliner.com/wp-content/uploads/2024/01/markobar-768x512.jpg,20240131150339,image/jpeg,80892,65788d2ad4e0aa3a4c04111f1685ed51052a74cf0bbdbb87428d32ecdbece293,https://web.archive.org/web/20240131150339id_/https://joinkuliner.com/wp-content/uploads/2024/01/markobar-768x512.jpg,
downloaded,wp-content/uploads/2024/01/markobar.jpg,https://joinkuliner.com/wp-content/uploads/2024/01/markobar.jpg,20240131150332,image/jpeg,103607,a88cf3865b7d0e63a7a22f3d25b930e2ac78cffe92b93e154255fb03efcb0608,https://web.archive.org/web/20240131150332id_/https://joinkuliner.com/wp-content/uploads/2024/01/markobar.jpg,
downloaded,wp-content/uploads/2024/01/mochi-100x67.jpg,https://joinkuliner.com/wp-content/uploads/2024/01/mochi-100x67.jpg,20240123084321,image/jpeg,3706,4b712496995b7860b89f58cdac586ab1b53d204ef331e1f7c3b4837763021729,https://web.archive.org/web/20240123084321id_/https://joinkuliner.com/wp-content/uploads/2024/01/mochi-100x67.jpg,
downloaded,wp-content/uploads/2024/01/mochi-150x100.jpg,https://joinkuliner.com/wp-content/uploads/2024/01/mochi-150x100.jpg,20240123084348,image/jpeg,6667,036c16977d4e1aa214bd1c31a3bd5a930661d484b43863d7ae3e8cfcaff09713,https://web.archive.org/web/20240123084348id_/https://joinkuliner.com/wp-content/uploads/2024/01/mochi-150x100.jpg,
downloaded,wp-content/uploads/2024/01/mochi-200x133.jpg,https://joinkuliner.com/wp-content/uploads/2024/01/mochi-200x133.jpg,20240123084322,image/jpeg,10417,d8751921f72fa237c6edcdc5d7fce73db168124411eb9b5875fac735cd4862ec,https://web.archive.org/web/20240123084322id_/https://joinkuliner.com/wp-content/uploads/2024/01/mochi-200x133.jpg,
downloaded,wp-content/uploads/2024/01/mochi-250x167.jpg,https://joinkuliner.com/wp-content/uploads/2024/01/mochi-250x167.jpg,20240123084350,image/jpeg,15148,d12e34a2b23c7ecbf3eb104f9adbb48e65bed970bf35b2e0620241ab49dd8e87,https://web.archive.org/web/20240123084350id_/https://joinkuliner.com/wp-content/uploads/2024/01/mochi-250x167.jpg,
downloaded,wp-content/uploads/2024/01/mochi-300x200.jpg,https://joinkuliner.com/wp-content/uploads/2024/01/mochi-300x200.jpg,20240123084324,image/jpeg,20005,d87146ef30e80345ed5351cc3115ff1082056304b8991bc150ec346a8dedd56a,https://web.archive.org/web/20240123084324id_/https://joinkuliner.com/wp-content/uploads/2024/01/mochi-300x200.jpg,
downloaded,wp-content/uploads/2024/01/mochi-350x233.jpg,https://joinkuliner.com/wp-content/uploads/2024/01/mochi-350x233.jpg,20240123084323,image/jpeg,25687,5a7c864a5a7e0b61a601e06ddea2ea5b717c7021bcc5f96c88878e3b62857413,https://web.archive.org/web/20240123084323id_/https://joinkuliner.com/wp-content/uploads/2024/01/mochi-350x233.jpg,
downloaded,wp-content/uploads/2024/01/mochi-400x267.jpg,https://joinkuliner.com/wp-content/uploads/2024/01/mochi-400x267.jpg,20240123084340,image/jpeg,32056,684a26bb8b6d54854e50d4f4ca7f3a2f4aef0ed443ef371e528ea516984dcd68,https://web.archive.org/web/20240123084340id_/https://joinkuliner.com/wp-content/uploads/2024/01/mochi-400x267.jpg,
downloaded,wp-content/uploads/2024/01/mochi-450x300.jpg,https://joinkuliner.com/wp-content/uploads/2024/01/mochi-450x300.jpg,20240123084345,image/jpeg,39322,da9992a81d90b52033424f3952b1e7779042480679fb83b113795ef4c6f7855a,https://web.archive.org/web/20240123084345id_/https://joinkuliner.com/wp-content/uploads/2024/01/mochi-450x300.jpg,
downloaded,wp-content/uploads/2024/01/mochi-500x333.jpg,https://joinkuliner.com/wp-content/uploads/2024/01/mochi-500x333.jpg,20240123084349,image/jpeg,46431,ff42111fb7eff5a4bbe34f19207f4fdf1087a4a350227e414094d2b97f6b4b90,https://web.archive.org/web/20240123084349id_/https://joinkuliner.com/wp-content/uploads/2024/01/mochi-500x333.jpg,
downloaded,wp-content/uploads/2024/01/mochi-50x33.jpg,https://joinkuliner.com/wp-content/uploads/2024/01/mochi-50x33.jpg,20240123084323,image/jpeg,1586,5fd718eb3d463f17e9bdb769f8008f5f3583cdeeb3e5dcb2678fb04aa2fb4293,https://web.archive.org/web/20240123084323id_/https://joinkuliner.com/wp-content/uploads/2024/01/mochi-50x33.jpg,
downloaded,wp-content/uploads/2024/01/mochi-550x367.jpg,https://joinkuliner.com/wp-content/uploads/2024/01/mochi-550x367.jpg,20240123084344,image/jpeg,53854,84549bfa6f8faf237189f45c3f9f5c5ef9e2f99dbe3109dde292a00736df8c7a,https://web.archive.org/web/20240123084344id_/https://joinkuliner.com/wp-content/uploads/2024/01/mochi-550x367.jpg,
downloaded,wp-content/uploads/2024/01/mochi-650x433.jpg,https://joinkuliner.com/wp-content/uploads/2024/01/mochi-650x433.jpg,20240123084315,image/jpeg,70460,1f8d1c87e1b1de6472a055b7b23c0e0aae739d9199cac7e2e536202fdd80a1e3,https://web.archive.org/web/20240123084315id_/https://joinkuliner.com/wp-content/uploads/2024/01/mochi-650x433.jpg,
downloaded,wp-content/uploads/2024/01/mochi.jpg,https://joinkuliner.com/wp-content/uploads/2024/01/mochi.jpg,20240123084346,image/jpeg,87481,db22ef343e2627c1199d7d3048f3924c32f8b093159574478350fd4a1b70bf05,https://web.archive.org/web/20240123084346id_/https://joinkuliner.com/wp-content/uploads/2024/01/mochi.jpg,
downloaded,wp-content/uploads/2024/01/warung-warisan-100x222.jpg,https://joinkuliner.com/wp-content/uploads/2024/01/warung-warisan-100x222.jpg,20241204035353,image/jpeg,7163,ef2ec34def293dd029e617663a91f3991309398f6fe2db3faa4e64599b1de4f0,https://web.archive.org/web/20241204035353id_/https://joinkuliner.com/wp-content/uploads/2024/01/warung-warisan-100x222.jpg,
downloaded,wp-content/uploads/2024/01/warung-warisan-150x333.jpg,https://joinkuliner.com/wp-content/uploads/2024/01/warung-warisan-150x333.jpg,20241204040447,image/jpeg,13272,b3ee355de82684947aba7cebe56cad29be369e4fc0948a5b923b9fa02fae3712,https://web.archive.org/web/20241204040447id_/https://joinkuliner.com/wp-content/uploads/2024/01/warung-warisan-150x333.jpg,
downloaded,wp-content/uploads/2024/01/warung-warisan-200x444.jpg,https://joinkuliner.com/wp-content/uploads/2024/01/warung-warisan-200x444.jpg,20241204035509,image/jpeg,20579,88d2c75fd378c3bf8f84b2630a021de78197764c0d26f3c3a82cdf25104c426a,https://web.archive.org/web/20241204035509id_/https://joinkuliner.com/wp-content/uploads/2024/01/warung-warisan-200x444.jpg,
downloaded,wp-content/uploads/2024/01/warung-warisan-250x555.jpg,https://joinkuliner.com/wp-content/uploads/2024/01/warung-warisan-250x555.jpg,20241204043203,image/jpeg,29391,397dbd561ac5c0ac348f0c9f9f837934d77f293b91b63cd2ed373f02cce0a148,https://web.archive.org/web/20241204043203id_/https://joinkuliner.com/wp-content/uploads/2024/01/warung-warisan-250x555.jpg,
downloaded,wp-content/uploads/2024/01/warung-warisan-300x666.jpg,https://joinkuliner.com/wp-content/uploads/2024/01/warung-warisan-300x666.jpg,20241204044226,image/jpeg,38662,0e01d39c2e7cb2cddbc563cf41e8e4cb6bcff09f8fc0dc27914725332d779089,https://web.archive.org/web/20241204044226id_/https://joinkuliner.com/wp-content/uploads/2024/01/warung-warisan-300x666.jpg,
downloaded,wp-content/uploads/2024/01/warung-warisan-50x111.jpg,https://joinkuliner.com/wp-content/uploads/2024/01/warung-warisan-50x111.jpg,20250810014912,image/jpeg,2670,35a0b85ffdba3de5b5786d65b488494ce6fa4ca959e04fab80451b9942612977,https://web.archive.org/web/20250810014912id_/https://joinkuliner.com/wp-content/uploads/2024/01/warung-warisan-50x111.jpg,
downloaded,wp-content/uploads/2024/01/warung-warisan.jpg,https://joinkuliner.com/wp-content/uploads/2024/01/warung-warisan.jpg,20241204035031,image/jpeg,41210,b099661bc0890ec19748ce1bd55ed2dcf41c630bb2160e4a74333514d287abc5,https://web.archive.org/web/20241204035031id_/https://joinkuliner.com/wp-content/uploads/2024/01/warung-warisan.jpg,
downloaded,wp-content/uploads/2024/02/Alasan-Mengapa-Anda-Harus-Membuka-Usaha-Kuliner-100x67.webp,https://joinkuliner.com/wp-content/uploads/2024/02/Alasan-Mengapa-Anda-Harus-Membuka-Usaha-Kuliner-100x67.webp,20240226043248,image/webp,2820,66f5a524be889394252de2a12dbaf8c1cfbb063bf68ddd1b8086a0c3d73da6ad,https://web.archive.org/web/20240226043248id_/https://joinkuliner.com/wp-content/uploads/2024/02/Alasan-Mengapa-Anda-Harus-Membuka-Usaha-Kuliner-100x67.webp,
downloaded,wp-content/uploads/2024/02/Alasan-Mengapa-Anda-Harus-Membuka-Usaha-Kuliner-1024x680.webp,https://joinkuliner.com/wp-content/uploads/2024/02/Alasan-Mengapa-Anda-Harus-Membuka-Usaha-Kuliner-1024x680.webp,20240226043218,image/webp,77964,3ba0f9efd6d361bcdd026eeef7fbe075137a6de7dbda8cffbbe440791895c6a9,https://web.archive.org/web/20240226043218id_/https://joinkuliner.com/wp-content/uploads/2024/02/Alasan-Mengapa-Anda-Harus-Membuka-Usaha-Kuliner-1024x680.webp,
downloaded,wp-content/uploads/2024/02/Alasan-Mengapa-Anda-Harus-Membuka-Usaha-Kuliner-150x100.webp,https://joinkuliner.com/wp-content/uploads/2024/02/Alasan-Mengapa-Anda-Harus-Membuka-Usaha-Kuliner-150x100.webp,20240226043207,image/webp,5358,0f5d843126510f51cf4649ec22617c18eee21aa3529ac404c803a6f6ac662f56,https://web.archive.org/web/20240226043207id_/https://joinkuliner.com/wp-content/uploads/2024/02/Alasan-Mengapa-Anda-Harus-Membuka-Usaha-Kuliner-150x100.webp,
downloaded,wp-content/uploads/2024/02/Alasan-Mengapa-Anda-Harus-Membuka-Usaha-Kuliner-200x133.webp,https://joinkuliner.com/wp-content/uploads/2024/02/Alasan-Mengapa-Anda-Harus-Membuka-Usaha-Kuliner-200x133.webp,20240226043234,image/webp,8188,9fb6bf2d113035e051cbbbd6916a1df955d6bc925296b20e14c856f7d34ae196,https://web.archive.org/web/20240226043234id_/https://joinkuliner.com/wp-content/uploads/2024/02/Alasan-Mengapa-Anda-Harus-Membuka-Usaha-Kuliner-200x133.webp,
downloaded,wp-content/uploads/2024/02/Alasan-Mengapa-Anda-Harus-Membuka-Usaha-Kuliner-250x167.webp,https://joinkuliner.com/wp-content/uploads/2024/02/Alasan-Mengapa-Anda-Harus-Membuka-Usaha-Kuliner-250x167.webp,20240226043216,image/webp,11726,34bdf20534c89027c12e8b0b8bf1ebcebdbe7e311bbfbb9384de590bd4938a39,https://web.archive.org/web/20240226043216id_/https://joinkuliner.com/wp-content/uploads/2024/02/Alasan-Mengapa-Anda-Harus-Membuka-Usaha-Kuliner-250x167.webp,
downloaded,wp-content/uploads/2024/02/Alasan-Mengapa-Anda-Harus-Membuka-Usaha-Kuliner-300x200.webp,https://joinkuliner.com/wp-content/uploads/2024/02/Alasan-Mengapa-Anda-Harus-Membuka-Usaha-Kuliner-300x200.webp,20240226043217,image/webp,15242,c924d6fb828866d670258e390a2ff5f6530be30dda46c7981001ba26259463f6,https://web.archive.org/web/20240226043217id_/https://joinkuliner.com/wp-content/uploads/2024/02/Alasan-Mengapa-Anda-Harus-Membuka-Usaha-Kuliner-300x200.webp,
downloaded,wp-content/uploads/2024/02/Alasan-Mengapa-Anda-Harus-Membuka-Usaha-Kuliner-350x233.webp,https://joinkuliner.com/wp-content/uploads/2024/02/Alasan-Mengapa-Anda-Harus-Membuka-Usaha-Kuliner-350x233.webp,20240226043215,image/webp,19072,0e5fba7824442fdf91b37142514eccff8ebaf1f3d8b20fb10b329985dea636d1,https://web.archive.org/web/20240226043215id_/https://joinkuliner.com/wp-content/uploads/2024/02/Alasan-Mengapa-Anda-Harus-Membuka-Usaha-Kuliner-350x233.webp,
downloaded,wp-content/uploads/2024/02/Alasan-Mengapa-Anda-Harus-Membuka-Usaha-Kuliner-370x247.webp,https://joinkuliner.com/wp-content/uploads/2024/02/Alasan-Mengapa-Anda-Harus-Membuka-Usaha-Kuliner-370x247.webp,20240226043257,image/webp,20756,2f8a675632da2c290b8468cd750028b13b65e801a4d430fdcba5bf7ac318a6ad,https://web.archive.org/web/20240226043257id_/https://joinkuliner.com/wp-content/uploads/2024/02/Alasan-Mengapa-Anda-Harus-Membuka-Usaha-Kuliner-370x247.webp,
downloaded,wp-content/uploads/2024/02/Alasan-Mengapa-Anda-Harus-Membuka-Usaha-Kuliner-400x267.webp,https://joinkuliner.com/wp-content/uploads/2024/02/Alasan-Mengapa-Anda-Harus-Membuka-Usaha-Kuliner-400x267.webp,20240226043240,image/webp,23034,52121faa6bb1125fc969e64d345b49c08d5767896b8cd75da52ca0dbfb4bcb3a,https://web.archive.org/web/20240226043240id_/https://joinkuliner.com/wp-content/uploads/2024/02/Alasan-Mengapa-Anda-Harus-Membuka-Usaha-Kuliner-400x267.webp,
downloaded,wp-content/uploads/2024/02/Alasan-Mengapa-Anda-Harus-Membuka-Usaha-Kuliner-450x300.webp,https://joinkuliner.com/wp-content/uploads/2024/02/Alasan-Mengapa-Anda-Harus-Membuka-Usaha-Kuliner-450x300.webp,20240226043208,image/webp,27806,a0f748ccc55aaa87ebe2cc466cafd3006275990139a887d3596256a9daf8101c,https://web.archive.org/web/20240226043208id_/https://joinkuliner.com/wp-content/uploads/2024/02/Alasan-Mengapa-Anda-Harus-Membuka-Usaha-Kuliner-450x300.webp,
downloaded,wp-content/uploads/2024/02/Alasan-Mengapa-Anda-Harus-Membuka-Usaha-Kuliner-500x333.webp,https://joinkuliner.com/wp-content/uploads/2024/02/Alasan-Mengapa-Anda-Harus-Membuka-Usaha-Kuliner-500x333.webp,20240226043211,image/webp,31744,2ddfbf2d525794c6e5cda417e28d94fd821373ec7251fb28bce6c75ca312f7d6,https://web.archive.org/web/20240226043211id_/https://joinkuliner.com/wp-content/uploads/2024/02/Alasan-Mengapa-Anda-Harus-Membuka-Usaha-Kuliner-500x333.webp,
downloaded,wp-content/uploads/2024/02/Alasan-Mengapa-Anda-Harus-Membuka-Usaha-Kuliner-50x33.webp,https://joinkuliner.com/wp-content/uploads/2024/02/Alasan-Mengapa-Anda-Harus-Membuka-Usaha-Kuliner-50x33.webp,20240226043241,image/webp,902,9ecaf5bb67983a565542c47f55e515c10104745112424e9c537dd7b5f56fdd94,https://web.archive.org/web/20240226043241id_/https://joinkuliner.com/wp-content/uploads/2024/02/Alasan-Mengapa-Anda-Harus-Membuka-Usaha-Kuliner-50x33.webp,
downloaded,wp-content/uploads/2024/02/Alasan-Mengapa-Anda-Harus-Membuka-Usaha-Kuliner-550x367.webp,https://joinkuliner.com/wp-content/uploads/2024/02/Alasan-Mengapa-Anda-Harus-Membuka-Usaha-Kuliner-550x367.webp,20240226043249,image/webp,36650,f239ccebaff7a21250d7970f9fb4e29f18be0e12a864c0058d4d5c598b29c041,https://web.archive.org/web/20240226043249id_/https://joinkuliner.com/wp-content/uploads/2024/02/Alasan-Mengapa-Anda-Harus-Membuka-Usaha-Kuliner-550x367.webp,
downloaded,wp-content/uploads/2024/02/Alasan-Mengapa-Anda-Harus-Membuka-Usaha-Kuliner-650x433.webp,https://joinkuliner.com/wp-content/uploads/2024/02/Alasan-Mengapa-Anda-Harus-Membuka-Usaha-Kuliner-650x433.webp,20240226043206,image/webp,45590,198cb7b5237b5124fa48a1d0fd623c1f1429ae2c3083fda70da1016613b8cb66,https://web.archive.org/web/20240226043206id_/https://joinkuliner.com/wp-content/uploads/2024/02/Alasan-Mengapa-Anda-Harus-Membuka-Usaha-Kuliner-650x433.webp,
downloaded,wp-content/uploads/2024/02/Alasan-Mengapa-Anda-Harus-Membuka-Usaha-Kuliner-768x512.webp,https://joinkuliner.com/wp-content/uploads/2024/02/Alasan-Mengapa-Anda-Harus-Membuka-Usaha-Kuliner-768x512.webp,20240226043233,image/webp,53878,1098d8acac644a8f52015ed02e5d248bb6a083ce8a4665320c1670d4802568d3,https://web.archive.org/web/20240226043233id_/https://joinkuliner.com/wp-content/uploads/2024/02/Alasan-Mengapa-Anda-Harus-Membuka-Usaha-Kuliner-768x512.webp,
downloaded,wp-content/uploads/2024/02/Alasan-Mengapa-Anda-Harus-Membuka-Usaha-Kuliner-800x533.webp,https://joinkuliner.com/wp-content/uploads/2024/02/Alasan-Mengapa-Anda-Harus-Membuka-Usaha-Kuliner-800x533.webp,20240226043212,image/webp,57040,2466e2126ce5d44835d4fd7c4c5657c40b34596f8d18dd1a76ff47a71df52464,https://web.archive.org/web/20240226043212id_/https://joinkuliner.com/wp-content/uploads/2024/02/Alasan-Mengapa-Anda-Harus-Membuka-Usaha-Kuliner-800x533.webp,
downloaded,wp-content/uploads/2024/02/Alasan-Mengapa-Anda-Harus-Membuka-Usaha-Kuliner.webp,https://joinkuliner.com/wp-content/uploads/2024/02/Alasan-Mengapa-Anda-Harus-Membuka-Usaha-Kuliner.webp,20240226043214,image/webp,115612,3c9d2be570d381c6ab9d2cf0f967de5fdfa82ff41568081f2f2937e1034832c4,https://web.archive.org/web/20240226043214id_/https://joinkuliner.com/wp-content/uploads/2024/02/Alasan-Mengapa-Anda-Harus-Membuka-Usaha-Kuliner.webp,
downloaded,wp-content/uploads/2024/02/Pameran-Franchise-250x250.png,https://joinkuliner.com/wp-content/uploads/2024/02/Pameran-Franchise-250x250.png,20240229105401,image/png,108196,a13e2b1b0b879d3051700572798dc5eb6fbc8c935047b5c88834b7a9b3f5904b,https://web.archive.org/web/20240229105401id_/https://joinkuliner.com/wp-content/uploads/2024/02/Pameran-Franchise-250x250.png,
downloaded,wp-content/uploads/2024/02/anggota-kpps-100x67.webp,https://joinkuliner.com/wp-content/uploads/2024/02/anggota-kpps-100x67.webp,20240203160934,image/webp,2852,e512e48d6b510f5cd66746236ba522229f7392b69c6c4e80ef11a1c4014b5886,https://web.archive.org/web/20240203160934id_/https://joinkuliner.com/wp-content/uploads/2024/02/anggota-kpps-100x67.webp,
downloaded,wp-content/uploads/2024/02/anggota-kpps-150x100.webp,https://joinkuliner.com/wp-content/uploads/2024/02/anggota-kpps-150x100.webp,20240203160923,image/webp,5444,b10a02a38ddad4a3ceeb9de2a958b7f8c4afbba5cf17b7d75b0429f2a03293f2,https://web.archive.org/web/20240203160923id_/https://joinkuliner.com/wp-content/uploads/2024/02/anggota-kpps-150x100.webp,
downloaded,wp-content/uploads/2024/02/anggota-kpps-200x133.webp,https://joinkuliner.com/wp-content/uploads/2024/02/anggota-kpps-200x133.webp,20240203162505,image/webp,8246,fde7b636dbf166f6a0e255ca910f03196cb7cad332b41426251249a4f6b37f12,https://web.archive.org/web/20240203162505id_/https://joinkuliner.com/wp-content/uploads/2024/02/anggota-kpps-200x133.webp,
downloaded,wp-content/uploads/2024/02/anggota-kpps-250x167.webp,https://joinkuliner.com/wp-content/uploads/2024/02/anggota-kpps-250x167.webp,20240203162507,image/webp,12002,d9258e071c1bd58b8f730be41ee9c4b828dfad314a8ba0d0aa0e37a93a976a6a,https://web.archive.org/web/20240203162507id_/https://joinkuliner.com/wp-content/uploads/2024/02/anggota-kpps-250x167.webp,
downloaded,wp-content/uploads/2024/02/anggota-kpps-300x200.webp,https://joinkuliner.com/wp-content/uploads/2024/02/anggota-kpps-300x200.webp,20240203160930,image/webp,16066,298bce3c7d08404801aca48d1261ec0792bb5e10dd6ed119d9a98bfe0332360a,https://web.archive.org/web/20240203160930id_/https://joinkuliner.com/wp-content/uploads/2024/02/anggota-kpps-300x200.webp,
downloaded,wp-content/uploads/2024/02/anggota-kpps-350x233.webp,https://joinkuliner.com/wp-content/uploads/2024/02/anggota-kpps-350x233.webp,20240203162450,image/webp,20402,0c5f4022d929297b495232f2cede5c06eaf7e9dbbe32035838ffc1e83032b086,https://web.archive.org/web/20240203162450id_/https://joinkuliner.com/wp-content/uploads/2024/02/anggota-kpps-350x233.webp,
downloaded,wp-content/uploads/2024/02/anggota-kpps-400x267.webp,https://joinkuliner.com/wp-content/uploads/2024/02/anggota-kpps-400x267.webp,20240203160922,image/webp,25132,a881b4a6cd14749c50685553b31a7b447a6be1cbfac1bcc0c11dac49793f4028,https://web.archive.org/web/20240203160922id_/https://joinkuliner.com/wp-content/uploads/2024/02/anggota-kpps-400x267.webp,
downloaded,wp-content/uploads/2024/02/anggota-kpps-450x300.webp,https://joinkuliner.com/wp-content/uploads/2024/02/anggota-kpps-450x300.webp,20240203162504,image/webp,30908,4beb6823e5708722a5ba0dbf5b18582ffffb1945bf2a1bbebe55b460f01212f4,https://web.archive.org/web/20240203162504id_/https://joinkuliner.com/wp-content/uploads/2024/02/anggota-kpps-450x300.webp,
downloaded,wp-content/uploads/2024/02/anggota-kpps-500x333.webp,https://joinkuliner.com/wp-content/uploads/2024/02/anggota-kpps-500x333.webp,20240203160939,image/webp,36182,701746af8559e08d59943694f37eb0ddc3dbd9869061ad38f86d5d940d382783,https://web.archive.org/web/20240203160939id_/https://joinkuliner.com/wp-content/uploads/2024/02/anggota-kpps-500x333.webp,
downloaded,wp-content/uploads/2024/02/anggota-kpps-50x33.webp,https://joinkuliner.com/wp-content/uploads/2024/02/anggota-kpps-50x33.webp,20240203162446,image/webp,1000,a2cc9d130492719dcca27292ea0cddb127aface407116fa68e1b9e9afeb59864,https://web.archive.org/web/20240203162446id_/https://joinkuliner.com/wp-content/uploads/2024/02/anggota-kpps-50x33.webp,
downloaded,wp-content/uploads/2024/02/anggota-kpps-550x367.webp,https://joinkuliner.com/wp-content/uploads/2024/02/anggota-kpps-550x367.webp,20240203160929,image/webp,41956,28e5c93770a2fd6ba0c19307db0289c9f99c48abbc25fa07023b7025178a1e04,https://web.archive.org/web/20240203160929id_/https://joinkuliner.com/wp-content/uploads/2024/02/anggota-kpps-550x367.webp,
downloaded,wp-content/uploads/2024/02/anggota-kpps-650x433.webp,https://joinkuliner.com/wp-content/uploads/2024/02/anggota-kpps-650x433.webp,20240203162448,image/webp,54112,f1a8e65c520da021981d778b1886e930cad2da87731b204fa9d8fa1b0e9278ba,https://web.archive.org/web/20240203162448id_/https://joinkuliner.com/wp-content/uploads/2024/02/anggota-kpps-650x433.webp,
downloaded,wp-content/uploads/2024/02/anggota-kpps.webp,https://joinkuliner.com/wp-content/uploads/2024/02/anggota-kpps.webp,20240203162508,image/webp,69110,d0c582d0e800a2d532de84479c0e6c1df1b5a9e280ae0a508ab144c2f0ce2346,https://web.archive.org/web/20240203162508id_/https://joinkuliner.com/wp-content/uploads/2024/02/anggota-kpps.webp,
downloaded,wp-content/uploads/2024/02/festival-kue-bulan-legenda-dan-simbol-keabadian-bagi-masyarakat-china_169-150x150.jpeg,https://joinkuliner.com/wp-content/uploads/2024/02/festival-kue-bulan-legenda-dan-simbol-keabadian-bagi-masyarakat-china_169-150x150.jpeg,20241204043524,image/jpeg,7520,b941c9225f6877f412b86b47c8c1d1387aa0d46d9d8d29ef3edba9b8d715aaa8,https://web.archive.org/web/20241204043524id_/https://joinkuliner.com/wp-content/uploads/2024/02/festival-kue-bulan-legenda-dan-simbol-keabadian-bagi-masyarakat-china_169-150x150.jpeg,
downloaded,wp-content/uploads/2024/02/festival-kue-bulan-legenda-dan-simbol-keabadian-bagi-masyarakat-china_169-300x169.jpeg,https://joinkuliner.com/wp-content/uploads/2024/02/festival-kue-bulan-legenda-dan-simbol-keabadian-bagi-masyarakat-china_169-300x169.jpeg,20241204035657,image/jpeg,14482,0a3413a9e9609f864a686e8b6b16dec805848fd58b7a30d5a2d7edbc308c7423,https://web.archive.org/web/20241204035657id_/https://joinkuliner.com/wp-content/uploads/2024/02/festival-kue-bulan-legenda-dan-simbol-keabadian-bagi-masyarakat-china_169-300x169.jpeg,
downloaded,wp-content/uploads/2024/02/festival-kue-bulan-legenda-dan-simbol-keabadian-bagi-masyarakat-china_169-400x240.jpeg,https://joinkuliner.com/wp-content/uploads/2024/02/festival-kue-bulan-legenda-dan-simbol-keabadian-bagi-masyarakat-china_169-400x240.jpeg,20241204035118,image/jpeg,22385,7cc3bbfda1975213a568e57d8bd727aab892eb96adcea7df03a574d6e768b064,https://web.archive.org/web/20241204035118id_/https://joinkuliner.com/wp-content/uploads/2024/02/festival-kue-bulan-legenda-dan-simbol-keabadian-bagi-masyarakat-china_169-400x240.jpeg,
downloaded,wp-content/uploads/2024/02/festival-kue-bulan-legenda-dan-simbol-keabadian-bagi-masyarakat-china_169-590x354.jpeg,https://joinkuliner.com/wp-content/uploads/2024/02/festival-kue-bulan-legenda-dan-simbol-keabadian-bagi-masyarakat-china_169-590x354.jpeg,20241204043648,image/jpeg,40152,caa8402543247d9e83b10518fd9ccf3f05820066088a9520c86a854ed409347b,https://web.archive.org/web/20241204043648id_/https://joinkuliner.com/wp-content/uploads/2024/02/festival-kue-bulan-legenda-dan-simbol-keabadian-bagi-masyarakat-china_169-590x354.jpeg,
downloaded,wp-content/uploads/2024/02/festival-kue-bulan-legenda-dan-simbol-keabadian-bagi-masyarakat-china_169-80x80.jpeg,https://joinkuliner.com/wp-content/uploads/2024/02/festival-kue-bulan-legenda-dan-simbol-keabadian-bagi-masyarakat-china_169-80x80.jpeg,20250811043628,image/jpeg,3105,d486792a8437fc9272abd0444d3e81ed0d63c7dd8d913f25a1a3b09aaead9ac8,https://web.archive.org/web/20250811043628id_/https://joinkuliner.com/wp-content/uploads/2024/02/festival-kue-bulan-legenda-dan-simbol-keabadian-bagi-masyarakat-china_169-80x80.jpeg,
downloaded,wp-content/uploads/2024/02/festival-kue-bulan-legenda-dan-simbol-keabadian-bagi-masyarakat-china_169.jpeg,https://joinkuliner.com/wp-content/uploads/2024/02/festival-kue-bulan-legenda-dan-simbol-keabadian-bagi-masyarakat-china_169.jpeg,20241204035230,image/jpeg,68122,3c9102a00d95bcb8e96044f65f4d85a2e3c2c9d7fe94a9730d7cbe201eba2565,https://web.archive.org/web/20241204035230id_/https://joinkuliner.com/wp-content/uploads/2024/02/festival-kue-bulan-legenda-dan-simbol-keabadian-bagi-masyarakat-china_169.jpeg,
downloaded,wp-content/uploads/2024/02/franchise-rocket-chiken-100x56.webp,https://joinkuliner.com/wp-content/uploads/2024/02/franchise-rocket-chiken-100x56.webp,20241204214714,image/webp,2520,b4865569f4b7e06167ea406a039a76fbb41b2e1bec4136c59e42e1ea5522d072,https://web.archive.org/web/20241204214714id_/https://joinkuliner.com/wp-content/uploads/2024/02/franchise-rocket-chiken-100x56.webp,
downloaded,wp-content/uploads/2024/02/franchise-rocket-chiken-150x84.webp,https://joinkuliner.com/wp-content/uploads/2024/02/franchise-rocket-chiken-150x84.webp,20241204052618,image/webp,4672,9362be640646e1ee7850b69483ca10625abecee192ceda3db39806476dd70f74,https://web.archive.org/web/20241204052618id_/https://joinkuliner.com/wp-content/uploads/2024/02/franchise-rocket-chiken-150x84.webp,
downloaded,wp-content/uploads/2024/02/franchise-rocket-chiken-200x113.webp,https://joinkuliner.com/wp-content/uploads/2024/02/franchise-rocket-chiken-200x113.webp,20241206125420,image/webp,7500,63fbda9dcecd4d0f8d80ed6febad5071d175a7ed35a1687d14408b69a3727a4d,https://web.archive.org/web/20241206125420id_/https://joinkuliner.com/wp-content/uploads/2024/02/franchise-rocket-chiken-200x113.webp,
downloaded,wp-content/uploads/2024/02/franchise-rocket-chiken-250x141.webp,https://joinkuliner.com/wp-content/uploads/2024/02/franchise-rocket-chiken-250x141.webp,20250809111332,image/webp,10530,3e960a8ef0ef9a4d778268c8feb802e1438546adb6a59e26817248acb554fa36,https://web.archive.org/web/20250809111332id_/https://joinkuliner.com/wp-content/uploads/2024/02/franchise-rocket-chiken-250x141.webp,
downloaded,wp-content/uploads/2024/02/franchise-rocket-chiken-300x169.webp,https://joinkuliner.com/wp-content/uploads/2024/02/franchise-rocket-chiken-300x169.webp,20250812063942,image/webp,14222,7ee9e2e6df51246218657f3611be168d7ba24cbde4b2c53ca8d77e343f7f6dfa,https://web.archive.org/web/20250812063942id_/https://joinkuliner.com/wp-content/uploads/2024/02/franchise-rocket-chiken-300x169.webp,
downloaded,wp-content/uploads/2024/02/franchise-rocket-chiken-350x197.webp,https://joinkuliner.com/wp-content/uploads/2024/02/franchise-rocket-chiken-350x197.webp,20241204043829,image/webp,18136,b11347c7a0f54d8fc104e8d186ba5eea0fe421c689352afb49d52335a617664e,https://web.archive.org/web/20241204043829id_/https://joinkuliner.com/wp-content/uploads/2024/02/franchise-rocket-chiken-350x197.webp,
downloaded,wp-content/uploads/2024/02/franchise-rocket-chiken-370x208.webp,https://joinkuliner.com/wp-content/uploads/2024/02/franchise-rocket-chiken-370x208.webp,20241204044017,image/webp,19158,a0a46ed65cbadda022f9da8041af9473b307e34abddc877da1fe28b55fa7d9a3,https://web.archive.org/web/20241204044017id_/https://joinkuliner.com/wp-content/uploads/2024/02/franchise-rocket-chiken-370x208.webp,
downloaded,wp-content/uploads/2024/02/franchise-rocket-chiken-400x225.webp,https://joinkuliner.com/wp-content/uploads/2024/02/franchise-rocket-chiken-400x225.webp,20250810071544,image/webp,22298,3b8368f6ba0e7eeda2b7d495f4d0f1fc31ebd3f2a1e113fcd011ddb42a321947,https://web.archive.org/web/20250810071544id_/https://joinkuliner.com/wp-content/uploads/2024/02/franchise-rocket-chiken-400x225.webp,
downloaded,wp-content/uploads/2024/02/franchise-rocket-chiken-450x253.webp,https://joinkuliner.com/wp-content/uploads/2024/02/franchise-rocket-chiken-450x253.webp,20241204044034,image/webp,26406,d23a6fd2e7d1825a4076c6218b94b87b4ea97734ec06efe4882f6c22c6b648be,https://web.archive.org/web/20241204044034id_/https://joinkuliner.com/wp-content/uploads/2024/02/franchise-rocket-chiken-450x253.webp,
downloaded,wp-content/uploads/2024/02/franchise-rocket-chiken-500x282.webp,https://joinkuliner.com/wp-content/uploads/2024/02/franchise-rocket-chiken-500x282.webp,20241204043643,image/webp,32882,27bd2bcb1bca54cb2a3c7e21322b7f829db02806f61827654b097053a7586c13,https://web.archive.org/web/20241204043643id_/https://joinkuliner.com/wp-content/uploads/2024/02/franchise-rocket-chiken-500x282.webp,
downloaded,wp-content/uploads/2024/02/franchise-rocket-chiken-50x28.webp,https://joinkuliner.com/wp-content/uploads/2024/02/franchise-rocket-chiken-50x28.webp,20250810082248,image/webp,890,ebf33bc0105c52c7f879f474859fe577c055ce3cd41fa305a81c75f5e5b21064,https://web.archive.org/web/20250810082248id_/https://joinkuliner.com/wp-content/uploads/2024/02/franchise-rocket-chiken-50x28.webp,
downloaded,wp-content/uploads/2024/02/franchise-rocket-chiken-550x310.webp,https://joinkuliner.com/wp-content/uploads/2024/02/franchise-rocket-chiken-550x310.webp,20241204044135,image/webp,35904,827d1efdd7a013fe020bfedc1c533cb883a1314679bec809aebc706751e81895,https://web.archive.org/web/20241204044135id_/https://joinkuliner.com/wp-content/uploads/2024/02/franchise-rocket-chiken-550x310.webp,
downloaded,wp-content/uploads/2024/02/franchise-rocket-chiken-650x366.webp,https://joinkuliner.com/wp-content/uploads/2024/02/franchise-rocket-chiken-650x366.webp,20241204060634,image/webp,44664,657df75606469988bb7be35c3ae310d6cb4c069e0ff57bad2467a74117a1ac89,https://web.archive.org/web/20241204060634id_/https://joinkuliner.com/wp-content/uploads/2024/02/franchise-rocket-chiken-650x366.webp,
downloaded,wp-content/uploads/2024/02/franchise-rocket-chiken-768x432.webp,https://joinkuliner.com/wp-content/uploads/2024/02/franchise-rocket-chiken-768x432.webp,20241204054305,image/webp,55742,ee5add400421b27dbdc5f4cb1f03f344caf2dab961f5866113abc6a33b7678fa,https://web.archive.org/web/20241204054305id_/https://joinkuliner.com/wp-content/uploads/2024/02/franchise-rocket-chiken-768x432.webp,
downloaded,wp-content/uploads/2024/02/franchise-rocket-chiken-800x450.webp,https://joinkuliner.com/wp-content/uploads/2024/02/franchise-rocket-chiken-800x450.webp,20241204060115,image/webp,59444,ced96040c35b0bb0afd5266a7e8d594a141fd0bbce3f2c69bc296419dbda538e,https://web.archive.org/web/20241204060115id_/https://joinkuliner.com/wp-content/uploads/2024/02/franchise-rocket-chiken-800x450.webp,
downloaded,wp-content/uploads/2024/02/franchise-rocket-chiken.webp,https://joinkuliner.com/wp-content/uploads/2024/02/franchise-rocket-chiken.webp,20241204044125,image/webp,125560,95101fa20eb3b705b4801eaa4d78fa866252fb3cb7388579b375820641d053f9,https://web.archive.org/web/20241204044125id_/https://joinkuliner.com/wp-content/uploads/2024/02/franchise-rocket-chiken.webp,
downloaded,wp-content/uploads/2024/02/usaha-kuliner-100x67.jpg,https://joinkuliner.com/wp-content/uploads/2024/02/usaha-kuliner-100x67.jpg,20241204040244,image/jpeg,4322,065e3cd77954aeb0cf5b417c494fb6c3a23e5448b9526461bd641de071a00436,https://web.archive.org/web/20241204040244id_/https://joinkuliner.com/wp-content/uploads/2024/02/usaha-kuliner-100x67.jpg,
downloaded,wp-content/uploads/2024/02/usaha-kuliner-150x100.jpg,https://joinkuliner.com/wp-content/uploads/2024/02/usaha-kuliner-150x100.jpg,20250810095220,image/jpeg,7975,1361c8e7d26e878a709e5f9515fced8e7908ea59fc44976cb3eef2e93c180b12,https://web.archive.org/web/20250810095220id_/https://joinkuliner.com/wp-content/uploads/2024/02/usaha-kuliner-150x100.jpg,
downloaded,wp-content/uploads/2024/02/usaha-kuliner-200x133.jpg,https://joinkuliner.com/wp-content/uploads/2024/02/usaha-kuliner-200x133.jpg,20241204040003,image/jpeg,12315,9eb2eebc76bc1331a9ef04f4063a78676bf86ce3cc6c9489cb09d2553cba3ee5,https://web.archive.org/web/20241204040003id_/https://joinkuliner.com/wp-content/uploads/2024/02/usaha-kuliner-200x133.jpg,
downloaded,wp-content/uploads/2024/02/usaha-kuliner-250x167.jpg,https://joinkuliner.com/wp-content/uploads/2024/02/usaha-kuliner-250x167.jpg,20241204041039,image/jpeg,17906,43e9c9777e305df2529b88a656a39a877dd62abb5582a9bd90f4165acbcdf2e5,https://web.archive.org/web/20241204041039id_/https://joinkuliner.com/wp-content/uploads/2024/02/usaha-kuliner-250x167.jpg,
downloaded,wp-content/uploads/2024/02/usaha-kuliner-300x200.jpg,https://joinkuliner.com/wp-content/uploads/2024/02/usaha-kuliner-300x200.jpg,20241204035643,image/jpeg,23803,38d015ee1ca9002f2066f6cc97ea86290a8c0172700a0e078169d6c36d38adb7,https://web.archive.org/web/20241204035643id_/https://joinkuliner.com/wp-content/uploads/2024/02/usaha-kuliner-300x200.jpg,
downloaded,wp-content/uploads/2024/02/usaha-kuliner-350x233.jpg,https://joinkuliner.com/wp-content/uploads/2024/02/usaha-kuliner-350x233.jpg,20241204040022,image/jpeg,30623,b61b9d2940d22cd73b786f0ce04743bf3defb1579b170c393daecd30f5b519fd,https://web.archive.org/web/20241204040022id_/https://joinkuliner.com/wp-content/uploads/2024/02/usaha-kuliner-350x233.jpg,
downloaded,wp-content/uploads/2024/02/usaha-kuliner-400x267.jpg,https://joinkuliner.com/wp-content/uploads/2024/02/usaha-kuliner-400x267.jpg,20241204040123,image/jpeg,37670,ad45364bcd0976b7fa3819b8aae1e3543f10bc2af44fcae5d89cbfd012b92355,https://web.archive.org/web/20241204040123id_/https://joinkuliner.com/wp-content/uploads/2024/02/usaha-kuliner-400x267.jpg,
downloaded,wp-content/uploads/2024/02/usaha-kuliner-450x300.jpg,https://joinkuliner.com/wp-content/uploads/2024/02/usaha-kuliner-450x300.jpg,20241204052505,image/jpeg,46122,b28eadb7f32eaae8723f2a726d860e5bac6ffa1a9fedb0125a3de2aa8151d732,https://web.archive.org/web/20241204052505id_/https://joinkuliner.com/wp-content/uploads/2024/02/usaha-kuliner-450x300.jpg,
downloaded,wp-content/uploads/2024/02/usaha-kuliner-500x333.jpg,https://joinkuliner.com/wp-content/uploads/2024/02/usaha-kuliner-500x333.jpg,20241204034919,image/jpeg,54349,0c113201d1529757a0e63d478f28506c72b09a4e335d9c44dfaafe7a233b286a,https://web.archive.org/web/20241204034919id_/https://joinkuliner.com/wp-content/uploads/2024/02/usaha-kuliner-500x333.jpg,
downloaded,wp-content/uploads/2024/02/usaha-kuliner-50x33.jpg,https://joinkuliner.com/wp-content/uploads/2024/02/usaha-kuliner-50x33.jpg,20250810061305,image/jpeg,1741,9a5f7a39bb81cdba16aa81e616b3282bf418cb9b279ae11a98b3b6469eb7ef74,https://web.archive.org/web/20250810061305id_/https://joinkuliner.com/wp-content/uploads/2024/02/usaha-kuliner-50x33.jpg,
downloaded,wp-content/uploads/2024/02/usaha-kuliner-550x367.jpg,https://joinkuliner.com/wp-content/uploads/2024/02/usaha-kuliner-550x367.jpg,20241204040337,image/jpeg,62238,59e55388447079897a0bba4d1eb8f3b467756b156609e04de56df156258dcfca,https://web.archive.org/web/20241204040337id_/https://joinkuliner.com/wp-content/uploads/2024/02/usaha-kuliner-550x367.jpg,
downloaded,wp-content/uploads/2024/02/usaha-kuliner-650x433.jpg,https://joinkuliner.com/wp-content/uploads/2024/02/usaha-kuliner-650x433.jpg,20250810191015,image/jpeg,57344,f007b3731fed4227e327b1017314bbc443e25948164681ce8cad87f9339783dd,https://web.archive.org/web/20250810191015id_/https://joinkuliner.com/wp-content/uploads/2024/02/usaha-kuliner-650x433.jpg,
downloaded,wp-content/uploads/2024/02/usaha-kuliner.jpg,https://joinkuliner.com/wp-content/uploads/2024/02/usaha-kuliner.jpg,20241204054117,image/jpeg,99581,5e25b80bd2ad9c19fd4e7fcf6edf3c47fe0c2bf3bed43e9d0cb2ea02501ee794,https://web.archive.org/web/20241204054117id_/https://joinkuliner.com/wp-content/uploads/2024/02/usaha-kuliner.jpg,
downloaded,wp-content/uploads/2024/03/2021-11-29-100x57.jpg,https://joinkuliner.com/wp-content/uploads/2024/03/2021-11-29-100x57.jpg,20240401154023,image/jpeg,3449,f30ee40fe61bced9b98e7a1d23dabf9541aaccb96f828c8d40113b1e1357c809,https://web.archive.org/web/20240401154023id_/https://joinkuliner.com/wp-content/uploads/2024/03/2021-11-29-100x57.jpg,
downloaded,wp-content/uploads/2024/03/2021-11-29-150x85.jpg,https://joinkuliner.com/wp-content/uploads/2024/03/2021-11-29-150x85.jpg,20240401154350,image/jpeg,6301,2b15863411fe4b155f7dfb09a6ae59eb8a9a233b40998870374cfbfcbad77b5f,https://web.archive.org/web/20240401154350id_/https://joinkuliner.com/wp-content/uploads/2024/03/2021-11-29-150x85.jpg,
downloaded,wp-content/uploads/2024/03/2021-11-29-200x113.jpg,https://joinkuliner.com/wp-content/uploads/2024/03/2021-11-29-200x113.jpg,20240401152956,image/jpeg,10065,f44701e5d068d5e3942e3f4913926846e7d99965e42ca08fbd969cdf440e9d05,https://web.archive.org/web/20240401152956id_/https://joinkuliner.com/wp-content/uploads/2024/03/2021-11-29-200x113.jpg,
downloaded,wp-content/uploads/2024/03/2021-11-29-250x142.jpg,https://joinkuliner.com/wp-content/uploads/2024/03/2021-11-29-250x142.jpg,20240401153050,image/jpeg,14604,a9e7cc1227a3f0eb2885a6d1f50f55b349bcb032c88548593398f208fc22abbc,https://web.archive.org/web/20240401153050id_/https://joinkuliner.com/wp-content/uploads/2024/03/2021-11-29-250x142.jpg,
downloaded,wp-content/uploads/2024/03/2021-11-29-300x170.jpg,https://joinkuliner.com/wp-content/uploads/2024/03/2021-11-29-300x170.jpg,20240401153549,image/jpeg,20136,523e465acd39978ecea539d8bdebea5fae894eebe4f8dee9a46deed7f6c78d48,https://web.archive.org/web/20240401153549id_/https://joinkuliner.com/wp-content/uploads/2024/03/2021-11-29-300x170.jpg,
downloaded,wp-content/uploads/2024/03/2021-11-29-350x198.jpg,https://joinkuliner.com/wp-content/uploads/2024/03/2021-11-29-350x198.jpg,20240401152958,image/jpeg,25961,6f339e47d5f1ad6136ecbf8245a8b5fb4c65e80a092c9e526b34ef19c648e8fd,https://web.archive.org/web/20240401152958id_/https://joinkuliner.com/wp-content/uploads/2024/03/2021-11-29-350x198.jpg,
downloaded,wp-content/uploads/2024/03/2021-11-29-400x227.jpg,https://joinkuliner.com/wp-content/uploads/2024/03/2021-11-29-400x227.jpg,20240401153036,image/jpeg,32851,6bf04915bf6831b528ce00d46694d134a89027b66c36899e8b39c849f1882076,https://web.archive.org/web/20240401153036id_/https://joinkuliner.com/wp-content/uploads/2024/03/2021-11-29-400x227.jpg,
downloaded,wp-content/uploads/2024/03/2021-11-29-450x255.jpg,https://joinkuliner.com/wp-content/uploads/2024/03/2021-11-29-450x255.jpg,20240401152940,image/jpeg,40041,79e746a35c91756936637fee6a699acc92c995164b3b107f4b4574238a6e4a30,https://web.archive.org/web/20240401152940id_/https://joinkuliner.com/wp-content/uploads/2024/03/2021-11-29-450x255.jpg,
downloaded,wp-content/uploads/2024/03/2021-11-29-500x283.jpg,https://joinkuliner.com/wp-content/uploads/2024/03/2021-11-29-500x283.jpg,20240401153040,image/jpeg,48153,56dfe1cbcf250193260b7223fb835e19329128bb6bf8374660d4da67ac019a27,https://web.archive.org/web/20240401153040id_/https://joinkuliner.com/wp-content/uploads/2024/03/2021-11-29-500x283.jpg,
downloaded,wp-content/uploads/2024/03/2021-11-29-50x28.jpg,https://joinkuliner.com/wp-content/uploads/2024/03/2021-11-29-50x28.jpg,20240401152956,image/jpeg,1472,9b50babba5e9473f3a7dd5d1439a6ae2c68f874d81515131ba0f8e22cff754fc,https://web.archive.org/web/20240401152956id_/https://joinkuliner.com/wp-content/uploads/2024/03/2021-11-29-50x28.jpg,
downloaded,wp-content/uploads/2024/03/2021-11-29-550x312.jpg,https://joinkuliner.com/wp-content/uploads/2024/03/2021-11-29-550x312.jpg,20240401152939,image/jpeg,56151,e54a25a873d3a1719c6898547fca8017c93435cc7e83e8721277f9511d162db6,https://web.archive.org/web/20240401152939id_/https://joinkuliner.com/wp-content/uploads/2024/03/2021-11-29-550x312.jpg,
downloaded,wp-content/uploads/2024/03/2021-11-29-650x368.jpg,https://joinkuliner.com/wp-content/uploads/2024/03/2021-11-29-650x368.jpg,20240401153013,image/jpeg,73862,49f768483ecd19d3bd4af78ea04510e37a7eeb48ca3d9f02cb8649829197ccfd,https://web.archive.org/web/20240401153013id_/https://joinkuliner.com/wp-content/uploads/2024/03/2021-11-29-650x368.jpg,
downloaded,wp-content/uploads/2024/03/2021-11-29-768x435.jpg,https://joinkuliner.com/wp-content/uploads/2024/03/2021-11-29-768x435.jpg,20240401153031,image/jpeg,97423,aa91eb0b2df3227fb75c932a7dfe4ffe664ac5ea73bfbd8ee70c8bb0e794a4e9,https://web.archive.org/web/20240401153031id_/https://joinkuliner.com/wp-content/uploads/2024/03/2021-11-29-768x435.jpg,
downloaded,wp-content/uploads/2024/03/2021-11-29-800x453.jpg,https://joinkuliner.com/wp-content/uploads/2024/03/2021-11-29-800x453.jpg,20240401154332,image/jpeg,103726,26e105ad1a6b2835d352d97c9e06503fc637f4759083ec313d220d874a1d7bc6,https://web.archive.org/web/20240401154332id_/https://joinkuliner.com/wp-content/uploads/2024/03/2021-11-29-800x453.jpg,
downloaded,wp-content/uploads/2024/03/2021-11-29.jpg,https://joinkuliner.com/wp-content/uploads/2024/03/2021-11-29.jpg,20240401152925,image/jpeg,228826,d1257e0daee09b241ce7af74e82122c786906f66d7e50e1462a01cb925c27675,https://web.archive.org/web/20240401152925id_/https://joinkuliner.com/wp-content/uploads/2024/03/2021-11-29.jpg,
downloaded,wp-content/uploads/2024/03/35-Cara-Memulai-Usaha-Kuliner-Bisnis-Sukses-untuk-Pemula-300x200.jpg,https://joinkuliner.com/wp-content/uploads/2024/03/35-Cara-Memulai-Usaha-Kuliner-Bisnis-Sukses-untuk-Pemula-300x200.jpg,20240401154149,image/jpeg,14234,fe07de02a9cefaad448d148ac07387c6434235ccf4ab60f7bda2b84c40cf81d3,https://web.archive.org/web/20240401154149id_/https://joinkuliner.com/wp-content/uploads/2024/03/35-Cara-Memulai-Usaha-Kuliner-Bisnis-Sukses-untuk-Pemula-300x200.jpg,
downloaded,wp-content/uploads/2024/03/35-Cara-Memulai-Usaha-Kuliner-Bisnis-Sukses-untuk-Pemula-400x240.jpg,https://joinkuliner.com/wp-content/uploads/2024/03/35-Cara-Memulai-Usaha-Kuliner-Bisnis-Sukses-untuk-Pemula-400x240.jpg,20241204043534,image/jpeg,19701,1665e99edd2e98927ffac5c5618fc3936572c7710ad8a147fec90ee802313202,https://web.archive.org/web/20241204043534id_/https://joinkuliner.com/wp-content/uploads/2024/03/35-Cara-Memulai-Usaha-Kuliner-Bisnis-Sukses-untuk-Pemula-400x240.jpg,
downloaded,wp-content/uploads/2024/03/35-Cara-Memulai-Usaha-Kuliner-Bisnis-Sukses-untuk-Pemula-590x354.jpg,https://joinkuliner.com/wp-content/uploads/2024/03/35-Cara-Memulai-Usaha-Kuliner-Bisnis-Sukses-untuk-Pemula-590x354.jpg,20250403074422,image/jpeg,34266,b25e19e59f153e84207f3fcd5a1b406342776a50a81a7d56f3727b49b64b480e,https://web.archive.org/web/20250403074422id_/https://joinkuliner.com/wp-content/uploads/2024/03/35-Cara-Memulai-Usaha-Kuliner-Bisnis-Sukses-untuk-Pemula-590x354.jpg,
downloaded,wp-content/uploads/2024/03/35-Cara-Memulai-Usaha-Kuliner-Bisnis-Sukses-untuk-Pemula-768x513.jpg,https://joinkuliner.com/wp-content/uploads/2024/03/35-Cara-Memulai-Usaha-Kuliner-Bisnis-Sukses-untuk-Pemula-768x513.jpg,20240401153020,image/jpeg,55176,30e07dc0472fe30ddf8e989885374a474dd30615046fddeba2f8821cbaa6f2d9,https://web.archive.org/web/20240401153020id_/https://joinkuliner.com/wp-content/uploads/2024/03/35-Cara-Memulai-Usaha-Kuliner-Bisnis-Sukses-untuk-Pemula-768x513.jpg,
downloaded,wp-content/uploads/2024/03/35-Cara-Memulai-Usaha-Kuliner-Bisnis-Sukses-untuk-Pemula.jpg,https://joinkuliner.com/wp-content/uploads/2024/03/35-Cara-Memulai-Usaha-Kuliner-Bisnis-Sukses-untuk-Pemula.jpg,20240401153051,image/jpeg,112126,464640b097953be0e03a4149059bc95ab80d65735e9d89acd9dab3ce09d94484,https://web.archive.org/web/20240401153051id_/https://joinkuliner.com/wp-content/uploads/2024/03/35-Cara-Memulai-Usaha-Kuliner-Bisnis-Sukses-untuk-Pemula.jpg,
downloaded,wp-content/uploads/2024/03/Join-Kuliner-small-new.webp,https://joinkuliner.com/wp-content/uploads/2024/03/Join-Kuliner-small-new.webp,20250403074040,image/webp,8290,49b38ddf7bd04ee2977751b2d24dc676f92a92748495001f33bfd03d18fcd0e0,https://web.archive.org/web/20250403074040id_/https://joinkuliner.com/wp-content/uploads/2024/03/Join-Kuliner-small-new.webp,
downloaded,wp-content/uploads/2024/03/Join-Kuliner-small.webp,https://joinkuliner.com/wp-content/uploads/2024/03/Join-Kuliner-small.webp,20250403074039,image/webp,8160,3ea4f46b48824c30a293ac659a95d12561fc019a0de7d1c99904020e870aa855,https://web.archive.org/web/20250403074039id_/https://joinkuliner.com/wp-content/uploads/2024/03/Join-Kuliner-small.webp,
downloaded,wp-content/uploads/2024/03/biaya-kemitraan-alfamart-300x259-1-100x86.png,https://joinkuliner.com/wp-content/uploads/2024/03/biaya-kemitraan-alfamart-300x259-1-100x86.png,20240401153003,image/png,8363,94f3396ebf768c8264b5c5700a8b2b9d86605b891a5366ee47fa7ebea0946b82,https://web.archive.org/web/20240401153003id_/https://joinkuliner.com/wp-content/uploads/2024/03/biaya-kemitraan-alfamart-300x259-1-100x86.png,
downloaded,wp-content/uploads/2024/03/biaya-kemitraan-alfamart-300x259-1-150x130.png,https://joinkuliner.com/wp-content/uploads/2024/03/biaya-kemitraan-alfamart-300x259-1-150x130.png,20240401152943,image/png,16741,00b7e215a93eafdb680339d8925e5087ecfd34d92ab2a5a4057bf9b020755ee5,https://web.archive.org/web/20240401152943id_/https://joinkuliner.com/wp-content/uploads/2024/03/biaya-kemitraan-alfamart-300x259-1-150x130.png,
downloaded,wp-content/uploads/2024/03/biaya-kemitraan-alfamart-300x259-1-200x173.png,https://joinkuliner.com/wp-content/uploads/2024/03/biaya-kemitraan-alfamart-300x259-1-200x173.png,20240401153048,image/png,26993,907687927ace1f7d4c2f74449d3c6ef54a009e354a9d27b886da74cedd480317,https://web.archive.org/web/20240401153048id_/https://joinkuliner.com/wp-content/uploads/2024/03/biaya-kemitraan-alfamart-300x259-1-200x173.png,
downloaded,wp-content/uploads/2024/03/biaya-kemitraan-alfamart-300x259-1-250x216.png,https://joinkuliner.com/wp-content/uploads/2024/03/biaya-kemitraan-alfamart-300x259-1-250x216.png,20240401154053,image/png,39875,6fc6e51fc7f77bde1b74fdd3d90e7c056534d79daa323c137cd13919924bd504,https://web.archive.org/web/20240401154053id_/https://joinkuliner.com/wp-content/uploads/2024/03/biaya-kemitraan-alfamart-300x259-1-250x216.png,
downloaded,wp-content/uploads/2024/03/biaya-kemitraan-alfamart-300x259-1-50x43.png,https://joinkuliner.com/wp-content/uploads/2024/03/biaya-kemitraan-alfamart-300x259-1-50x43.png,20240401153002,image/png,2672,6870e88abf40fe81ee4f9104e598a68045ebfc890994461bbc807e7aef5b3f01,https://web.archive.org/web/20240401153002id_/https://joinkuliner.com/wp-content/uploads/2024/03/biaya-kemitraan-alfamart-300x259-1-50x43.png,
downloaded,wp-content/uploads/2024/03/biaya-kemitraan-alfamart-300x259-1.png,https://joinkuliner.com/wp-content/uploads/2024/03/biaya-kemitraan-alfamart-300x259-1.png,20240401153948,image/png,52672,0adb590e30d6c992b07a4502f574c671d83c5912071060f3b2a1744f7b9bd937,https://web.archive.org/web/20240401153948id_/https://joinkuliner.com/wp-content/uploads/2024/03/biaya-kemitraan-alfamart-300x259-1.png,
downloaded,wp-content/uploads/2024/03/bisnis-kuliner-makanan-300x200.jpg,https://joinkuliner.com/wp-content/uploads/2024/03/bisnis-kuliner-makanan-300x200.jpg,20240401153734,image/jpeg,18740,3aaf87dc8ea26a4a117fb7aa4b3eb2f121acac08f941c4367bb3fc54d675fb81,https://web.archive.org/web/20240401153734id_/https://joinkuliner.com/wp-content/uploads/2024/03/bisnis-kuliner-makanan-300x200.jpg,
downloaded,wp-content/uploads/2024/03/bisnis-kuliner-makanan-768x512.jpg,https://joinkuliner.com/wp-content/uploads/2024/03/bisnis-kuliner-makanan-768x512.jpg,20240401153735,image/jpeg,75929,6a8e00f568060f23a1b596d193f29c395757e342b6c86c6b02168c1d1fea57a7,https://web.archive.org/web/20240401153735id_/https://joinkuliner.com/wp-content/uploads/2024/03/bisnis-kuliner-makanan-768x512.jpg,
downloaded,wp-content/uploads/2024/03/bisnis-kuliner-makanan.jpg,https://joinkuliner.com/wp-content/uploads/2024/03/bisnis-kuliner-makanan.jpg,20240401153728,image/jpeg,624481,3a8433063ad5c16780ad0aa09a6350210ae5e428cb279ca118c43cf58dfb9354,https://web.archive.org/web/20240401153728id_/https://joinkuliner.com/wp-content/uploads/2024/03/bisnis-kuliner-makanan.jpg,
downloaded,wp-content/uploads/2024/03/franchise-toko-roti-300x168.jpg,https://joinkuliner.com/wp-content/uploads/2024/03/franchise-toko-roti-300x168.jpg,20240401153058,image/jpeg,13401,2a7d1d5165acc68daa35d5eb8c881a98ccd56e4e8a1660073fdf7d6499013a76,https://web.archive.org/web/20240401153058id_/https://joinkuliner.com/wp-content/uploads/2024/03/franchise-toko-roti-300x168.jpg,
downloaded,wp-content/uploads/2024/03/franchise-toko-roti.jpg,https://joinkuliner.com/wp-content/uploads/2024/03/franchise-toko-roti.jpg,20240401153057,image/jpeg,48119,b445c04b142c14480eab407c3c9c58f8a009714c14b02ed9e58b9063de79b471,https://web.archive.org/web/20240401153057id_/https://joinkuliner.com/wp-content/uploads/2024/03/franchise-toko-roti.jpg,
downloaded,wp-content/uploads/2024/03/gohyong-mayestik-100x66.jpg,https://joinkuliner.com/wp-content/uploads/2024/03/gohyong-mayestik-100x66.jpg,20240401152902,image/jpeg,3150,ce07cc76ec2036c918dbf1a58198a0ded47f92f09a45eb5efa482806a7818253,https://web.archive.org/web/20240401152902id_/https://joinkuliner.com/wp-content/uploads/2024/03/gohyong-mayestik-100x66.jpg,
downloaded,wp-content/uploads/2024/03/gohyong-mayestik-150x98.jpg,https://joinkuliner.com/wp-content/uploads/2024/03/gohyong-mayestik-150x98.jpg,20240401152913,image/jpeg,5381,ff490fd6b5d1d92632c883ac4db751f228aa9d56900bd878488f6cb66f4c6655,https://web.archive.org/web/20240401152913id_/https://joinkuliner.com/wp-content/uploads/2024/03/gohyong-mayestik-150x98.jpg,
downloaded,wp-content/uploads/2024/03/gohyong-mayestik-200x131.jpg,https://joinkuliner.com/wp-content/uploads/2024/03/gohyong-mayestik-200x131.jpg,20240401152857,image/jpeg,8043,c53ae2c8fb99052f0881df1d1b1b33ee90c200b69484f0fabf8f3a24e7f7e992,https://web.archive.org/web/20240401152857id_/https://joinkuliner.com/wp-content/uploads/2024/03/gohyong-mayestik-200x131.jpg,
downloaded,wp-content/uploads/2024/03/gohyong-mayestik-250x164.jpg,https://joinkuliner.com/wp-content/uploads/2024/03/gohyong-mayestik-250x164.jpg,20240401152909,image/jpeg,11198,1aa4cb5019331ee683e3edf800880049aebe5636872a4c8d2de532e00c6e8185,https://web.archive.org/web/20240401152909id_/https://joinkuliner.com/wp-content/uploads/2024/03/gohyong-mayestik-250x164.jpg,
downloaded,wp-content/uploads/2024/03/gohyong-mayestik-300x197.jpg,https://joinkuliner.com/wp-content/uploads/2024/03/gohyong-mayestik-300x197.jpg,20240401152914,image/jpeg,14526,82bf085746163bd8b0283be4c7cadaecb4ed947687afbc772257936137692639,https://web.archive.org/web/20240401152914id_/https://joinkuliner.com/wp-content/uploads/2024/03/gohyong-mayestik-300x197.jpg,
downloaded,wp-content/uploads/2024/03/gohyong-mayestik-350x230.jpg,https://joinkuliner.com/wp-content/uploads/2024/03/gohyong-mayestik-350x230.jpg,20240401152859,image/jpeg,18195,5de55c4025026aa945ee266b1bf895677c727782c083accf93e41eecb241368e,https://web.archive.org/web/20240401152859id_/https://joinkuliner.com/wp-content/uploads/2024/03/gohyong-mayestik-350x230.jpg,
downloaded,wp-content/uploads/2024/03/gohyong-mayestik-400x262.jpg,https://joinkuliner.com/wp-content/uploads/2024/03/gohyong-mayestik-400x262.jpg,20240401153839,image/jpeg,22026,6bc216f1f8b0a0da9e3f6f047fb4e2f3a33101603137edb1b687c7e6def2a0f3,https://web.archive.org/web/20240401153839id_/https://joinkuliner.com/wp-content/uploads/2024/03/gohyong-mayestik-400x262.jpg,
downloaded,wp-content/uploads/2024/03/gohyong-mayestik-450x295.jpg,https://joinkuliner.com/wp-content/uploads/2024/03/gohyong-mayestik-450x295.jpg,20240401154305,image/jpeg,26484,0a535c4cb83a45a5a83e89e013adefda11d6c62d7432fcda37197412d6b531db,https://web.archive.org/web/20240401154305id_/https://joinkuliner.com/wp-content/uploads/2024/03/gohyong-mayestik-450x295.jpg,
downloaded,wp-content/uploads/2024/03/gohyong-mayestik-500x328.jpg,https://joinkuliner.com/wp-content/uploads/2024/03/gohyong-mayestik-500x328.jpg,20240401152902,image/jpeg,30907,5a21ea12bff699d46119db31733fc570b6d3a2332c78b27b42aebab7c4b7dc66,https://web.archive.org/web/20240401152902id_/https://joinkuliner.com/wp-content/uploads/2024/03/gohyong-mayestik-500x328.jpg,
downloaded,wp-content/uploads/2024/03/gohyong-mayestik-50x33.jpg,https://joinkuliner.com/wp-content/uploads/2024/03/gohyong-mayestik-50x33.jpg,20240401152910,image/jpeg,1511,a2c407a4eaf1f0ee7eafc3c6bc6f11ddab6f2a4a92f0ead6794b1a2a5f9c7052,https://web.archive.org/web/20240401152910id_/https://joinkuliner.com/wp-content/uploads/2024/03/gohyong-mayestik-50x33.jpg,
downloaded,wp-content/uploads/2024/03/gohyong-mayestik-550x361.jpg,https://joinkuliner.com/wp-content/uploads/2024/03/gohyong-mayestik-550x361.jpg,20240401152911,image/jpeg,35751,748c330c177e9a3eb8e7983a266bc0308184e1423d59a2e6c65138d96b5ed7f5,https://web.archive.org/web/20240401152911id_/https://joinkuliner.com/wp-content/uploads/2024/03/gohyong-mayestik-550x361.jpg,
downloaded,wp-content/uploads/2024/03/gohyong-mayestik-650x426.jpg,https://joinkuliner.com/wp-content/uploads/2024/03/gohyong-mayestik-650x426.jpg,20240401152859,image/jpeg,45529,3062df384e64dbf12dac82a06c220de274391beb708e079c272dc0fe9c8a27d3,https://web.archive.org/web/20240401152859id_/https://joinkuliner.com/wp-content/uploads/2024/03/gohyong-mayestik-650x426.jpg,
downloaded,wp-content/uploads/2024/03/gohyong-mayestik.jpg,https://joinkuliner.com/wp-content/uploads/2024/03/gohyong-mayestik.jpg,20240401152858,image/jpeg,53620,b33d84d2220a81854209898f53f310008b964a08cf70bc7a7b2aa5df38784dfd,https://web.archive.org/web/20240401152858id_/https://joinkuliner.com/wp-content/uploads/2024/03/gohyong-mayestik.jpg,
downloaded,wp-content/uploads/2024/03/mie_kuah_aceh.14955264962144.1424-m-150x150.jpg,https://joinkuliner.com/wp-content/uploads/2024/03/mie_kuah_aceh.14955264962144.1424-m-150x150.jpg,20241204055613,image/jpeg,8715,c244100c055f93396f05e9972ebb4439d439278f067b93a173265ec153b3378e,https://web.archive.org/web/20241204055613id_/https://joinkuliner.com/wp-content/uploads/2024/03/mie_kuah_aceh.14955264962144.1424-m-150x150.jpg,
downloaded,wp-content/uploads/2024/03/mie_kuah_aceh.14955264962144.1424-m-300x199.jpg,https://joinkuliner.com/wp-content/uploads/2024/03/mie_kuah_aceh.14955264962144.1424-m-300x199.jpg,20240401153534,image/jpeg,15033,66c6e20203fb4bcd0c4fc5a8a64311874bf22686ca33863abdf38bb65dc41d5e,https://web.archive.org/web/20240401153534id_/https://joinkuliner.com/wp-content/uploads/2024/03/mie_kuah_aceh.14955264962144.1424-m-300x199.jpg,
downloaded,wp-content/uploads/2024/03/mie_kuah_aceh.14955264962144.1424-m-400x240.jpg,https://joinkuliner.com/wp-content/uploads/2024/03/mie_kuah_aceh.14955264962144.1424-m-400x240.jpg,20241204041109,image/jpeg,22614,35b5967481b2afa29b5d3d6cfe43050a1aa91a14f99638c2c38909c0394f6720,https://web.archive.org/web/20241204041109id_/https://joinkuliner.com/wp-content/uploads/2024/03/mie_kuah_aceh.14955264962144.1424-m-400x240.jpg,
downloaded,wp-content/uploads/2024/03/mie_kuah_aceh.14955264962144.1424-m-590x354.jpg,https://joinkuliner.com/wp-content/uploads/2024/03/mie_kuah_aceh.14955264962144.1424-m-590x354.jpg,20241204035442,image/jpeg,40057,dd61efe8d8203ecda932ddf1e199e5544bfdd5712432fc0ac43c4a517e86f87f,https://web.archive.org/web/20241204035442id_/https://joinkuliner.com/wp-content/uploads/2024/03/mie_kuah_aceh.14955264962144.1424-m-590x354.jpg,
downloaded,wp-content/uploads/2024/03/mie_kuah_aceh.14955264962144.1424-m-80x80.jpg,https://joinkuliner.com/wp-content/uploads/2024/03/mie_kuah_aceh.14955264962144.1424-m-80x80.jpg,20241204051116,image/jpeg,3439,d6a5294baf6aea8f62ae04ae8560d4a5b1b92b981f54d0b9856ee27e89a1c892,https://web.archive.org/web/20241204051116id_/https://joinkuliner.com/wp-content/uploads/2024/03/mie_kuah_aceh.14955264962144.1424-m-80x80.jpg,
downloaded,wp-content/uploads/2024/03/mie_kuah_aceh.14955264962144.1424-m.jpg,https://joinkuliner.com/wp-content/uploads/2024/03/mie_kuah_aceh.14955264962144.1424-m.jpg,20240401153009,image/jpeg,334966,a52d44cfaef8d0f17d54fe5d5a1c13441021fe19d2b06254731976e7dec06fcb,https://web.archive.org/web/20240401153009id_/https://joinkuliner.com/wp-content/uploads/2024/03/mie_kuah_aceh.14955264962144.1424-m.jpg,
downloaded,wp-content/uploads/2024/03/resep-chicken-katsu-300x199.jpeg,https://joinkuliner.com/wp-content/uploads/2024/03/resep-chicken-katsu-300x199.jpeg,20240401153054,image/jpeg,15427,4b7975fdc9c561527b6a99b2960ffa3465d6e6a0fa0a0f604dec221d94697357,https://web.archive.org/web/20240401153054id_/https://joinkuliner.com/wp-content/uploads/2024/03/resep-chicken-katsu-300x199.jpeg,
downloaded,wp-content/uploads/2024/03/resep-chicken-katsu-400x240.jpeg,https://joinkuliner.com/wp-content/uploads/2024/03/resep-chicken-katsu-400x240.jpeg,20241204052351,image/jpeg,23188,381a313bec855d919be6c2e030bc9fb1ecc7674ad8e6ea3b75544aae33a353f8,https://web.archive.org/web/20241204052351id_/https://joinkuliner.com/wp-content/uploads/2024/03/resep-chicken-katsu-400x240.jpeg,
downloaded,wp-content/uploads/2024/03/resep-chicken-katsu-590x354.jpeg,https://joinkuliner.com/wp-content/uploads/2024/03/resep-chicken-katsu-590x354.jpeg,20241204054323,image/jpeg,43652,01dbe17e2a6428900ec3c2bbac38feff277029d02266e7f4f8d3c37ed814390a,https://web.archive.org/web/20241204054323id_/https://joinkuliner.com/wp-content/uploads/2024/03/resep-chicken-katsu-590x354.jpeg,
downloaded,wp-content/uploads/2024/03/resep-chicken-katsu.jpeg,https://joinkuliner.com/wp-content/uploads/2024/03/resep-chicken-katsu.jpeg,20240401153055,image/jpeg,89288,6cde5dd52521260f8d22cb492d3e876943dce0be2970a953330e8b42c9f0b866,https://web.archive.org/web/20240401153055id_/https://joinkuliner.com/wp-content/uploads/2024/03/resep-chicken-katsu.jpeg,
downloaded,wp-content/uploads/2024/03/tempat-makan-favorite-150x150.webp,https://joinkuliner.com/wp-content/uploads/2024/03/tempat-makan-favorite-150x150.webp,20250810045744,image/webp,7938,fa640745b01ef0c31c3881b84ee2f7e0d19238fcd1ad26ac919eefc6e23bd71f,https://web.archive.org/web/20250810045744id_/https://joinkuliner.com/wp-content/uploads/2024/03/tempat-makan-favorite-150x150.webp,
downloaded,wp-content/uploads/2024/03/tempat-makan-favorite-80x80.webp,https://joinkuliner.com/wp-content/uploads/2024/03/tempat-makan-favorite-80x80.webp,20241204041155,image/webp,2708,82c82dd3dbdc8b14a7a5e79767e4550aaad08ba9139b6fc65e36394728894233,https://web.archive.org/web/20241204041155id_/https://joinkuliner.com/wp-content/uploads/2024/03/tempat-makan-favorite-80x80.webp,
downloaded,wp-content/uploads/2024/03/teras-koering-100x56.jpg,https://joinkuliner.com/wp-content/uploads/2024/03/teras-koering-100x56.jpg,20241204035118,image/jpeg,3495,04ab3a617e8dfc45ad872c90b66f2856b007ac857f84bc4b5b389985a26fb667,https://web.archive.org/web/20241204035118id_/https://joinkuliner.com/wp-content/uploads/2024/03/teras-koering-100x56.jpg,
downloaded,wp-content/uploads/2024/03/teras-koering-150x84.jpg,https://joinkuliner.com/wp-content/uploads/2024/03/teras-koering-150x84.jpg,20250810130044,image/jpeg,6474,3401d0521fca65ce363eb92fbe1dd16c25caa07cf8f7de8ff01de076f64ab0d3,https://web.archive.org/web/20250810130044id_/https://joinkuliner.com/wp-content/uploads/2024/03/teras-koering-150x84.jpg,
downloaded,wp-content/uploads/2024/03/teras-koering-200x112.jpg,https://joinkuliner.com/wp-content/uploads/2024/03/teras-koering-200x112.jpg,20241204035757,image/jpeg,9768,ba4d303f3c4c745f6e929ed65c325c0a7551e26957bc24dbe9c0f29383407426,https://web.archive.org/web/20241204035757id_/https://joinkuliner.com/wp-content/uploads/2024/03/teras-koering-200x112.jpg,
downloaded,wp-content/uploads/2024/03/teras-koering-250x140.jpg,https://joinkuliner.com/wp-content/uploads/2024/03/teras-koering-250x140.jpg,20241204035826,image/jpeg,14265,7c37004b5d496833f5be3577abfc9260aeac99a255bc722e04fdcf5ecc081e73,https://web.archive.org/web/20241204035826id_/https://joinkuliner.com/wp-content/uploads/2024/03/teras-koering-250x140.jpg,
downloaded,wp-content/uploads/2024/03/teras-koering-300x168.jpg,https://joinkuliner.com/wp-content/uploads/2024/03/teras-koering-300x168.jpg,20241204035716,image/jpeg,19013,947c3d2af3954416385a4cfe6835626efef297333d1b05b9bef688b15b416c0d,https://web.archive.org/web/20241204035716id_/https://joinkuliner.com/wp-content/uploads/2024/03/teras-koering-300x168.jpg,
downloaded,wp-content/uploads/2024/03/teras-koering-350x197.jpg,https://joinkuliner.com/wp-content/uploads/2024/03/teras-koering-350x197.jpg,20241204035533,image/jpeg,25266,352d97426dc07fedc573717be7768f650d706a8b957101f64187d121c4f9d1b1,https://web.archive.org/web/20241204035533id_/https://joinkuliner.com/wp-content/uploads/2024/03/teras-koering-350x197.jpg,
downloaded,wp-content/uploads/2024/03/teras-koering-400x225.jpg,https://joinkuliner.com/wp-content/uploads/2024/03/teras-koering-400x225.jpg,20241204035821,image/jpeg,30720,0bed5d868aa1283477bb9f054d592b48aaeafeb983dc577a620b2d1269e70a51,https://web.archive.org/web/20241204035821id_/https://joinkuliner.com/wp-content/uploads/2024/03/teras-koering-400x225.jpg,
downloaded,wp-content/uploads/2024/03/teras-koering-450x253.jpg,https://joinkuliner.com/wp-content/uploads/2024/03/teras-koering-450x253.jpg,20241204043824,image/jpeg,37320,04786b68727f76ea9cbe159c5de239c09e059f320448d6c5232ba42635cd87ec,https://web.archive.org/web/20241204043824id_/https://joinkuliner.com/wp-content/uploads/2024/03/teras-koering-450x253.jpg,
downloaded,wp-content/uploads/2024/03/teras-koering-500x281.jpg,https://joinkuliner.com/wp-content/uploads/2024/03/teras-koering-500x281.jpg,20241204043051,image/jpeg,44424,a2691f264c6bc4af9c48dfe86316309da5e67027844285324c85ef6c0cce2d82,https://web.archive.org/web/20241204043051id_/https://joinkuliner.com/wp-content/uploads/2024/03/teras-koering-500x281.jpg,
downloaded,wp-content/uploads/2024/03/teras-koering-50x28.jpg,https://joinkuliner.com/wp-content/uploads/2024/03/teras-koering-50x28.jpg,20250810160121,image/jpeg,1623,6e11325c750268434e802b1be7b3e2d0758d934f1856fe4cdbb97d7933d1de01,https://web.archive.org/web/20250810160121id_/https://joinkuliner.com/wp-content/uploads/2024/03/teras-koering-50x28.jpg,
downloaded,wp-content/uploads/2024/03/teras-koering-550x309.jpg,https://joinkuliner.com/wp-content/uploads/2024/03/teras-koering-550x309.jpg,20241204035320,image/jpeg,51490,8b5dc59aa5f29cfff1fe4404c038677bfd8d7f126adc3e24b1531fb39114fa50,https://web.archive.org/web/20241204035320id_/https://joinkuliner.com/wp-content/uploads/2024/03/teras-koering-550x309.jpg,
downloaded,wp-content/uploads/2024/03/teras-koering-650x365.jpg,https://joinkuliner.com/wp-content/uploads/2024/03/teras-koering-650x365.jpg,20241204040617,image/jpeg,66925,16fe0fe22e918bea268935563670a2a0e79b668405c85fa5f5adff05cd206cb5,https://web.archive.org/web/20241204040617id_/https://joinkuliner.com/wp-content/uploads/2024/03/teras-koering-650x365.jpg,
downloaded,wp-content/uploads/2024/03/teras-koering.jpg,https://joinkuliner.com/wp-content/uploads/2024/03/teras-koering.jpg,20241204041529,image/jpeg,67934,193b7cbbce3e0271c0b7a819732a496c2e9c064b5744fb35a81760acffb66b86,https://web.archive.org/web/20241204041529id_/https://joinkuliner.com/wp-content/uploads/2024/03/teras-koering.jpg,
downloaded,wp-content/uploads/2024/03/tips-food-preparation-foto-resep-utama-100x71.webp,https://joinkuliner.com/wp-content/uploads/2024/03/tips-food-preparation-foto-resep-utama-100x71.webp,20240401153017,image/webp,2986,96731000e10bb43630e6809e550f11991e699466c8cc765e59059feb4e025993,https://web.archive.org/web/20240401153017id_/https://joinkuliner.com/wp-content/uploads/2024/03/tips-food-preparation-foto-resep-utama-100x71.webp,
downloaded,wp-content/uploads/2024/03/tips-food-preparation-foto-resep-utama-150x106.webp,https://joinkuliner.com/wp-content/uploads/2024/03/tips-food-preparation-foto-resep-utama-150x106.webp,20240401153746,image/webp,5822,79e9d465d3956d36c3c36faa5049cf334792399766b340b23b29dc2eb9061e81,https://web.archive.org/web/20240401153746id_/https://joinkuliner.com/wp-content/uploads/2024/03/tips-food-preparation-foto-resep-utama-150x106.webp,
downloaded,wp-content/uploads/2024/03/tips-food-preparation-foto-resep-utama-200x142.webp,https://joinkuliner.com/wp-content/uploads/2024/03/tips-food-preparation-foto-resep-utama-200x142.webp,20240401154007,image/webp,9462,a48ddb3f09d8d8910a500cf156c3e7684020872ead615365837407a10e681712,https://web.archive.org/web/20240401154007id_/https://joinkuliner.com/wp-content/uploads/2024/03/tips-food-preparation-foto-resep-utama-200x142.webp,
downloaded,wp-content/uploads/2024/03/tips-food-preparation-foto-resep-utama-250x177.webp,https://joinkuliner.com/wp-content/uploads/2024/03/tips-food-preparation-foto-resep-utama-250x177.webp,20240401154107,image/webp,13438,48e860643035e07d656883cdebbf3e69b4d8b459f6567ecad9f993ab378f4854,https://web.archive.org/web/20240401154107id_/https://joinkuliner.com/wp-content/uploads/2024/03/tips-food-preparation-foto-resep-utama-250x177.webp,
downloaded,wp-content/uploads/2024/03/tips-food-preparation-foto-resep-utama-300x213.webp,https://joinkuliner.com/wp-content/uploads/2024/03/tips-food-preparation-foto-resep-utama-300x213.webp,20240401154014,image/webp,17900,46bdb72ed5fddec72e585488ab0f3c1b759b50ca8f5246503655cb4b694c004f,https://web.archive.org/web/20240401154014id_/https://joinkuliner.com/wp-content/uploads/2024/03/tips-food-preparation-foto-resep-utama-300x213.webp,
downloaded,wp-content/uploads/2024/03/tips-food-preparation-foto-resep-utama-350x248.webp,https://joinkuliner.com/wp-content/uploads/2024/03/tips-food-preparation-foto-resep-utama-350x248.webp,20240401154115,image/webp,22654,34c37c70bd6ce04c6fd1271d6ba0953e0fd0975c998f43e7cf8ffe287a2e2785,https://web.archive.org/web/20240401154115id_/https://joinkuliner.com/wp-content/uploads/2024/03/tips-food-preparation-foto-resep-utama-350x248.webp,
downloaded,wp-content/uploads/2024/03/tips-food-preparation-foto-resep-utama-400x284.webp,https://joinkuliner.com/wp-content/uploads/2024/03/tips-food-preparation-foto-resep-utama-400x284.webp,20240401153623,image/webp,27892,d249e8ca04069413145f5f1d8d21e52bfd014b004575fee7810890bd794da27d,https://web.archive.org/web/20240401153623id_/https://joinkuliner.com/wp-content/uploads/2024/03/tips-food-preparation-foto-resep-utama-400x284.webp,
downloaded,wp-content/uploads/2024/03/tips-food-preparation-foto-resep-utama-450x319.webp,https://joinkuliner.com/wp-content/uploads/2024/03/tips-food-preparation-foto-resep-utama-450x319.webp,20240401153804,image/webp,32988,782d3c68d24216d10a7cc1b146b04e8496b0812f7b535be6ddc57efe84ba61b5,https://web.archive.org/web/20240401153804id_/https://joinkuliner.com/wp-content/uploads/2024/03/tips-food-preparation-foto-resep-utama-450x319.webp,
downloaded,wp-content/uploads/2024/03/tips-food-preparation-foto-resep-utama-500x354.webp,https://joinkuliner.com/wp-content/uploads/2024/03/tips-food-preparation-foto-resep-utama-500x354.webp,20240401152959,image/webp,38610,6df594740d16e74184c533f951e3f169548533ff7aa50fead83741018bf5c378,https://web.archive.org/web/20240401152959id_/https://joinkuliner.com/wp-content/uploads/2024/03/tips-food-preparation-foto-resep-utama-500x354.webp,
downloaded,wp-content/uploads/2024/03/tips-food-preparation-foto-resep-utama-50x35.webp,https://joinkuliner.com/wp-content/uploads/2024/03/tips-food-preparation-foto-resep-utama-50x35.webp,20240401153752,image/webp,1004,a1100291f60fb173c8b882d930a1bd2e87ed702188cfb67cafa773bc25ba7ea4,https://web.archive.org/web/20240401153752id_/https://joinkuliner.com/wp-content/uploads/2024/03/tips-food-preparation-foto-resep-utama-50x35.webp,
downloaded,wp-content/uploads/2024/03/tips-food-preparation-foto-resep-utama-550x390.webp,https://joinkuliner.com/wp-content/uploads/2024/03/tips-food-preparation-foto-resep-utama-550x390.webp,20240401153029,image/webp,44462,cc8613a5356d5257492adb5a54597c29318fa6c14149a815f3c04f0f24e745b6,https://web.archive.org/web/20240401153029id_/https://joinkuliner.com/wp-content/uploads/2024/03/tips-food-preparation-foto-resep-utama-550x390.webp,
downloaded,wp-content/uploads/2024/03/tips-food-preparation-foto-resep-utama-650x461.webp,https://joinkuliner.com/wp-content/uploads/2024/03/tips-food-preparation-foto-resep-utama-650x461.webp,20240401153027,image/webp,54504,c4079fc203e2fb09308c7a065742beabd1a61e559d30b51c88d7a55671aefd06,https://web.archive.org/web/20240401153027id_/https://joinkuliner.com/wp-content/uploads/2024/03/tips-food-preparation-foto-resep-utama-650x461.webp,
downloaded,wp-content/uploads/2024/03/tips-food-preparation-foto-resep-utama.webp,https://joinkuliner.com/wp-content/uploads/2024/03/tips-food-preparation-foto-resep-utama.webp,20240401154508,image/webp,47316,d46331675b6599d6d1f3cd13b4a7a3157548678108ab912f600ea4dc0bd6c797,https://web.archive.org/web/20240401154508id_/https://joinkuliner.com/wp-content/uploads/2024/03/tips-food-preparation-foto-resep-utama.webp,
downloaded,wp-content/uploads/2024/04/Franchise-Rumah-Makan-Padang-150x150.jpg,https://joinkuliner.com/wp-content/uploads/2024/04/Franchise-Rumah-Makan-Padang-150x150.jpg,20250810125313,image/jpeg,7569,2b1907ce4287164afa05a8021f7d19faa4ab161e9c80f63dc7bea88f9f824ca0,https://web.archive.org/web/20250810125313id_/https://joinkuliner.com/wp-content/uploads/2024/04/Franchise-Rumah-Makan-Padang-150x150.jpg,
downloaded,wp-content/uploads/2024/04/Franchise-Rumah-Makan-Padang-300x225.jpg,https://joinkuliner.com/wp-content/uploads/2024/04/Franchise-Rumah-Makan-Padang-300x225.jpg,20250810174356,image/jpeg,19083,b5d78036125071fb25529d87d3ff0ad9aaf073c0aaacb79fb8c0e1cb0a8a5c8e,https://web.archive.org/web/20250810174356id_/https://joinkuliner.com/wp-content/uploads/2024/04/Franchise-Rumah-Makan-Padang-300x225.jpg,
downloaded,wp-content/uploads/2024/04/Franchise-Rumah-Makan-Padang-400x240.jpg,https://joinkuliner.com/wp-content/uploads/2024/04/Franchise-Rumah-Makan-Padang-400x240.jpg,20241204043842,image/jpeg,25215,811223ec47904e7e2620ade71b2c84626f12de44e91e9f2bdc0d4dd5e11391de,https://web.archive.org/web/20241204043842id_/https://joinkuliner.com/wp-content/uploads/2024/04/Franchise-Rumah-Makan-Padang-400x240.jpg,
downloaded,wp-content/uploads/2024/04/Franchise-Rumah-Makan-Padang-80x80.jpg,https://joinkuliner.com/wp-content/uploads/2024/04/Franchise-Rumah-Makan-Padang-80x80.jpg,20241204120925,image/jpeg,2973,513f44a588ad026ff2b14e898faf432b1cb4c7b1fa5d8c420ad73568e87131e2,https://web.archive.org/web/20241204120925id_/https://joinkuliner.com/wp-content/uploads/2024/04/Franchise-Rumah-Makan-Padang-80x80.jpg,
downloaded,wp-content/uploads/2024/04/Franchise-Rumah-Makan-Padang.jpg,https://joinkuliner.com/wp-content/uploads/2024/04/Franchise-Rumah-Makan-Padang.jpg,20250810084216,image/jpeg,64166,630c89f468fa25603eab5360ee31d256ec1dece01373813c07dee37cde4d0be4,https://web.archive.org/web/20250810084216id_/https://joinkuliner.com/wp-content/uploads/2024/04/Franchise-Rumah-Makan-Padang.jpg,
downloaded,wp-content/uploads/2024/04/Kode-Makanan-yang-Mengandung-Babi-150x150.jpeg,https://joinkuliner.com/wp-content/uploads/2024/04/Kode-Makanan-yang-Mengandung-Babi-150x150.jpeg,20250810021042,image/jpeg,5925,a32a4a40ad1f4bedb4fb2a582422c884e0a6c2c13f2d68ead921d1edffc804bd,https://web.archive.org/web/20250810021042id_/https://joinkuliner.com/wp-content/uploads/2024/04/Kode-Makanan-yang-Mengandung-Babi-150x150.jpeg,
downloaded,wp-content/uploads/2024/04/Kode-Makanan-yang-Mengandung-Babi-300x200.jpeg,https://joinkuliner.com/wp-content/uploads/2024/04/Kode-Makanan-yang-Mengandung-Babi-300x200.jpeg,20241204043051,image/jpeg,11727,afd7433500e17c64f7aedc32b9ea3268289607f3416db70048cdb4b4888e76bf,https://web.archive.org/web/20241204043051id_/https://joinkuliner.com/wp-content/uploads/2024/04/Kode-Makanan-yang-Mengandung-Babi-300x200.jpeg,
downloaded,wp-content/uploads/2024/04/Kode-Makanan-yang-Mengandung-Babi-400x240.jpeg,https://joinkuliner.com/wp-content/uploads/2024/04/Kode-Makanan-yang-Mengandung-Babi-400x240.jpeg,20241204053150,image/jpeg,16103,4dcb313fe418f02e9a8609a49e72edfeb5d911d2ebd3aad7a075944d48b21b58,https://web.archive.org/web/20241204053150id_/https://joinkuliner.com/wp-content/uploads/2024/04/Kode-Makanan-yang-Mengandung-Babi-400x240.jpeg,
downloaded,wp-content/uploads/2024/04/Kode-Makanan-yang-Mengandung-Babi-590x354.jpeg,https://joinkuliner.com/wp-content/uploads/2024/04/Kode-Makanan-yang-Mengandung-Babi-590x354.jpeg,20250810222919,image/jpeg,29587,6a2d72935e248f02c23949c3925e2dcd9bea5278ee2ed272f6a757fe74321d7a,https://web.archive.org/web/20250810222919id_/https://joinkuliner.com/wp-content/uploads/2024/04/Kode-Makanan-yang-Mengandung-Babi-590x354.jpeg,
downloaded,wp-content/uploads/2024/04/Kode-Makanan-yang-Mengandung-Babi-80x80.jpeg,https://joinkuliner.com/wp-content/uploads/2024/04/Kode-Makanan-yang-Mengandung-Babi-80x80.jpeg,20250810144220,image/jpeg,2662,5fd0effb4cfac6045de3a267bfedf4d01deaf36ba5ce8d95b3fe41798a686106,https://web.archive.org/web/20250810144220id_/https://joinkuliner.com/wp-content/uploads/2024/04/Kode-Makanan-yang-Mengandung-Babi-80x80.jpeg,
downloaded,wp-content/uploads/2024/04/Kode-Makanan-yang-Mengandung-Babi.jpeg,https://joinkuliner.com/wp-content/uploads/2024/04/Kode-Makanan-yang-Mengandung-Babi.jpeg,20250810074523,image/jpeg,44170,b9380d3bbf3c88c4c1f1877eabddf74bc3a35fc9108d2022dfb90903d201e004,https://web.archive.org/web/20250810074523id_/https://joinkuliner.com/wp-content/uploads/2024/04/Kode-Makanan-yang-Mengandung-Babi.jpeg,
downloaded,wp-content/uploads/2024/04/analisis-swot-usaha-makanan-1000x600.jpg,https://joinkuliner.com/wp-content/uploads/2024/04/analisis-swot-usaha-makanan-1000x600.jpg,20250609032825,image/jpeg,83292,470162c9b4aac5ab3e578ae9902a7e0a3969ce023cfc21252302edd91883764a,https://web.archive.org/web/20250609032825id_/https://joinkuliner.com/wp-content/uploads/2024/04/analisis-swot-usaha-makanan-1000x600.jpg,
downloaded,wp-content/uploads/2024/04/analisis-swot-usaha-makanan-150x150.jpg,https://joinkuliner.com/wp-content/uploads/2024/04/analisis-swot-usaha-makanan-150x150.jpg,20241204041102,image/jpeg,6431,50b134cda6f39f6d8ce299f3b0621478579d0fd9a0fbd06a6b8baf9403a9c760,https://web.archive.org/web/20241204041102id_/https://joinkuliner.com/wp-content/uploads/2024/04/analisis-swot-usaha-makanan-150x150.jpg,
downloaded,wp-content/uploads/2024/04/analisis-swot-usaha-makanan-400x240.jpg,https://joinkuliner.com/wp-content/uploads/2024/04/analisis-swot-usaha-makanan-400x240.jpg,20250609032749,image/jpeg,19547,ebd9363567fc174af771e6b7419251e2f61fe78fa2e955ce4a16dcb913926b17,https://web.archive.org/web/20250609032749id_/https://joinkuliner.com/wp-content/uploads/2024/04/analisis-swot-usaha-makanan-400x240.jpg,
downloaded,wp-content/uploads/2024/04/analisis-swot-usaha-makanan-590x354.jpg,https://joinkuliner.com/wp-content/uploads/2024/04/analisis-swot-usaha-makanan-590x354.jpg,20250609083724,image/jpeg,35767,64315e2243bad40225638913276f13d276d8e840d941feb7578a0f168d1dba0c,https://web.archive.org/web/20250609083724id_/https://joinkuliner.com/wp-content/uploads/2024/04/analisis-swot-usaha-makanan-590x354.jpg,
downloaded,wp-content/uploads/2024/04/analisis-swot-usaha-makanan-80x80.jpg,https://joinkuliner.com/wp-content/uploads/2024/04/analisis-swot-usaha-makanan-80x80.jpg,20241204043319,image/jpeg,2769,765eb281b62d3029b3e9274ce021d5c319dc3f62be9ec746acb0654e5f850e6d,https://web.archive.org/web/20241204043319id_/https://joinkuliner.com/wp-content/uploads/2024/04/analisis-swot-usaha-makanan-80x80.jpg,
downloaded,wp-content/uploads/2024/04/jajanan-anak-sekolahan-150x150.webp,https://joinkuliner.com/wp-content/uploads/2024/04/jajanan-anak-sekolahan-150x150.webp,20241204163218,image/webp,7306,6dc645181d26823d9758697f5c4a0ad230ebe94197e8b115f7bca5fc17b9339c,https://web.archive.org/web/20241204163218id_/https://joinkuliner.com/wp-content/uploads/2024/04/jajanan-anak-sekolahan-150x150.webp,
downloaded,wp-content/uploads/2024/04/jajanan-anak-sekolahan-300x200.webp,https://joinkuliner.com/wp-content/uploads/2024/04/jajanan-anak-sekolahan-300x200.webp,20241204054647,image/webp,14696,ab4829dd748ce43525343c1a7bbd31d9489207c2a094c26b4ec64b5f0e31e2df,https://web.archive.org/web/20241204054647id_/https://joinkuliner.com/wp-content/uploads/2024/04/jajanan-anak-sekolahan-300x200.webp,
downloaded,wp-content/uploads/2024/04/jajanan-anak-sekolahan-400x240.webp,https://joinkuliner.com/wp-content/uploads/2024/04/jajanan-anak-sekolahan-400x240.webp,20241204043808,image/webp,19484,09295decc36ca098d97f391c178079d1bd4372598a38b0fadc2d41451940757a,https://web.archive.org/web/20241204043808id_/https://joinkuliner.com/wp-content/uploads/2024/04/jajanan-anak-sekolahan-400x240.webp,
downloaded,wp-content/uploads/2024/04/jajanan-anak-sekolahan-560x480.webp,https://joinkuliner.com/wp-content/uploads/2024/04/jajanan-anak-sekolahan-560x480.webp,20241204043121,image/webp,29956,6f81869cf541de5807c42fb10c4e35237096ad394e8b492a579c11b832698f1d,https://web.archive.org/web/20241204043121id_/https://joinkuliner.com/wp-content/uploads/2024/04/jajanan-anak-sekolahan-560x480.webp,
downloaded,wp-content/uploads/2024/04/jajanan-anak-sekolahan-590x354.webp,https://joinkuliner.com/wp-content/uploads/2024/04/jajanan-anak-sekolahan-590x354.webp,20241204061757,image/webp,30268,12c0be114c626f9d57b6c1fe3d984981f52818ec58f8d6cbeb614c2954321ae3,https://web.archive.org/web/20241204061757id_/https://joinkuliner.com/wp-content/uploads/2024/04/jajanan-anak-sekolahan-590x354.webp,
downloaded,wp-content/uploads/2024/04/jajanan-anak-sekolahan-80x80.webp,https://joinkuliner.com/wp-content/uploads/2024/04/jajanan-anak-sekolahan-80x80.webp,20241204052305,image/webp,3050,be5ed825a752f4b5fdcb181cdbf1c352e62545785b5908ffb9b1c47839f40e5c,https://web.archive.org/web/20241204052305id_/https://joinkuliner.com/wp-content/uploads/2024/04/jajanan-anak-sekolahan-80x80.webp,
downloaded,wp-content/uploads/2024/04/jajanan-anak-sekolahan.webp,https://joinkuliner.com/wp-content/uploads/2024/04/jajanan-anak-sekolahan.webp,20241204035839,image/webp,34056,7997a39f5c82b83e87d80b4d6ed4af01e06484fe4d3bc2654f6567ad94994404,https://web.archive.org/web/20241204035839id_/https://joinkuliner.com/wp-content/uploads/2024/04/jajanan-anak-sekolahan.webp,
downloaded,wp-content/uploads/2024/04/konbanwa-ramen-tebet-150x150.jpg,https://joinkuliner.com/wp-content/uploads/2024/04/konbanwa-ramen-tebet-150x150.jpg,20241204055116,image/jpeg,8318,fd5ff26d33d4d7652da18b59f80b0195bdf1a53566ef50c11c6530e7e0dea844,https://web.archive.org/web/20241204055116id_/https://joinkuliner.com/wp-content/uploads/2024/04/konbanwa-ramen-tebet-150x150.jpg,
downloaded,wp-content/uploads/2024/04/konbanwa-ramen-tebet-80x80.jpg,https://joinkuliner.com/wp-content/uploads/2024/04/konbanwa-ramen-tebet-80x80.jpg,20250810172438,image/jpeg,3178,772613f203063671c2f621292c362e60fb21d5753267214bca43469ea58f5277,https://web.archive.org/web/20250810172438id_/https://joinkuliner.com/wp-content/uploads/2024/04/konbanwa-ramen-tebet-80x80.jpg,
downloaded,wp-content/uploads/2024/04/konbanwa-ramen-tebet.jpg,https://joinkuliner.com/wp-content/uploads/2024/04/konbanwa-ramen-tebet.jpg,20241204044232,image/jpeg,12330,73f28a9f10789461068b945a825c50dd8ee380b56863170c379209bd09776fad,https://web.archive.org/web/20241204044232id_/https://joinkuliner.com/wp-content/uploads/2024/04/konbanwa-ramen-tebet.jpg,
downloaded,wp-content/uploads/2024/04/menu-makanan-lebaran-150x150.webp,https://joinkuliner.com/wp-content/uploads/2024/04/menu-makanan-lebaran-150x150.webp,20241204043623,image/webp,7058,6e84f9bc0b42631259f3db68d85fb5fb79e83844542050927021eb16639b5048,https://web.archive.org/web/20241204043623id_/https://joinkuliner.com/wp-content/uploads/2024/04/menu-makanan-lebaran-150x150.webp,
downloaded,wp-content/uploads/2024/04/menu-makanan-lebaran-300x200.webp,https://joinkuliner.com/wp-content/uploads/2024/04/menu-makanan-lebaran-300x200.webp,20250609032522,image/webp,13516,137901632ad5d3ef1f4e7f0de20481f47175dd5b7c84597c50825120b1ce9085,https://web.archive.org/web/20250609032522id_/https://joinkuliner.com/wp-content/uploads/2024/04/menu-makanan-lebaran-300x200.webp,
downloaded,wp-content/uploads/2024/04/menu-makanan-lebaran-400x240.webp,https://joinkuliner.com/wp-content/uploads/2024/04/menu-makanan-lebaran-400x240.webp,20241204040725,image/webp,20858,475cee38ee817a2aad5881720235a57913d9c53fd7ff0a9beb3dfb8ffd0e4aa2,https://web.archive.org/web/20241204040725id_/https://joinkuliner.com/wp-content/uploads/2024/04/menu-makanan-lebaran-400x240.webp,
downloaded,wp-content/uploads/2024/04/menu-makanan-lebaran-590x354.webp,https://joinkuliner.com/wp-content/uploads/2024/04/menu-makanan-lebaran-590x354.webp,20241204035258,image/webp,34046,be9736c4ba9bf669166601fd8365d8da67b1117bd97b082c95d19bcf79f5dd0a,https://web.archive.org/web/20241204035258id_/https://joinkuliner.com/wp-content/uploads/2024/04/menu-makanan-lebaran-590x354.webp,
downloaded,wp-content/uploads/2024/04/menu-makanan-lebaran-768x512.webp,https://joinkuliner.com/wp-content/uploads/2024/04/menu-makanan-lebaran-768x512.webp,20250609115734,image/webp,50244,d208c62d09aefdb1ac0a655caba8d456d73f9785e9cc97814d0b6eac801bec51,https://web.archive.org/web/20250609115734id_/https://joinkuliner.com/wp-content/uploads/2024/04/menu-makanan-lebaran-768x512.webp,
downloaded,wp-content/uploads/2024/04/menu-makanan-lebaran-80x80.webp,https://joinkuliner.com/wp-content/uploads/2024/04/menu-makanan-lebaran-80x80.webp,20241204053258,image/webp,2574,942f1b8e4242b2e00856c6c6af5e04014312191427a261d3ddb8ddae0a420d62,https://web.archive.org/web/20241204053258id_/https://joinkuliner.com/wp-content/uploads/2024/04/menu-makanan-lebaran-80x80.webp,
downloaded,wp-content/uploads/2024/04/menu-makanan-lebaran.webp,https://joinkuliner.com/wp-content/uploads/2024/04/menu-makanan-lebaran.webp,20250609081426,image/webp,91852,50b787af1857a186efbbe596003bd1618374cbbc011a8998a23609c1ba08d336,https://web.archive.org/web/20250609081426id_/https://joinkuliner.com/wp-content/uploads/2024/04/menu-makanan-lebaran.webp,
downloaded,wp-content/uploads/2024/04/olahan-tempe-150x150.jpg,https://joinkuliner.com/wp-content/uploads/2024/04/olahan-tempe-150x150.jpg,20250820171701,image/jpeg,7624,30d247d097b76e46164febc7fc2afed766f2810dbdcf25bbd2e9e38c165523cb,https://web.archive.org/web/20250820171701id_/https://joinkuliner.com/wp-content/uploads/2024/04/olahan-tempe-150x150.jpg,
downloaded,wp-content/uploads/2024/04/olahan-tempe-300x150.jpg,https://joinkuliner.com/wp-content/uploads/2024/04/olahan-tempe-300x150.jpg,20250609073259,image/jpeg,12702,7838d3d6ca8023735ca546d6b071e439aaa8c4f006d494b1859f80c52bbfa44c,https://web.archive.org/web/20250609073259id_/https://joinkuliner.com/wp-content/uploads/2024/04/olahan-tempe-300x150.jpg,
downloaded,wp-content/uploads/2024/04/olahan-tempe-400x240.jpg,https://joinkuliner.com/wp-content/uploads/2024/04/olahan-tempe-400x240.jpg,20241204035049,image/jpeg,23787,169e54878f8754629cfa0c77cb6bcd698d9b3f34453b0c2edf11c637182bfc1a,https://web.archive.org/web/20241204035049id_/https://joinkuliner.com/wp-content/uploads/2024/04/olahan-tempe-400x240.jpg,
downloaded,wp-content/uploads/2024/04/olahan-tempe-560x375.jpg,https://joinkuliner.com/wp-content/uploads/2024/04/olahan-tempe-560x375.jpg,20241204052452,image/jpeg,50537,82cb360ec39e78debd681715f55b2e6144f8c939a883c460d0573b72dd5e2ad8,https://web.archive.org/web/20241204052452id_/https://joinkuliner.com/wp-content/uploads/2024/04/olahan-tempe-560x375.jpg,
downloaded,wp-content/uploads/2024/04/olahan-tempe-590x354.jpg,https://joinkuliner.com/wp-content/uploads/2024/04/olahan-tempe-590x354.jpg,20241204035424,image/jpeg,45586,f5ffed69beda814406454138345a91d3a759c805ac31aa87462cb2f624b678e4,https://web.archive.org/web/20241204035424id_/https://joinkuliner.com/wp-content/uploads/2024/04/olahan-tempe-590x354.jpg,
downloaded,wp-content/uploads/2024/04/olahan-tempe-80x80.jpg,https://joinkuliner.com/wp-content/uploads/2024/04/olahan-tempe-80x80.jpg,20250820154642,image/jpeg,2859,ab477a14251f45b5143c0bbf86ace9f0bea2bd6fa902b4444704622b9987ed58,https://web.archive.org/web/20250820154642id_/https://joinkuliner.com/wp-content/uploads/2024/04/olahan-tempe-80x80.jpg,
downloaded,wp-content/uploads/2024/04/olahan-tempe.jpg,https://joinkuliner.com/wp-content/uploads/2024/04/olahan-tempe.jpg,20250609032546,image/jpeg,64507,d1f5b2f59f437bf9e981f2c1089c72c3b17d2b6b405d894b9ae758f30b48eef3,https://web.archive.org/web/20250609032546id_/https://joinkuliner.com/wp-content/uploads/2024/04/olahan-tempe.jpg,
downloaded,wp-content/uploads/2024/04/pexels-mzynasx-18396499-150x150.jpg,https://joinkuliner.com/wp-content/uploads/2024/04/pexels-mzynasx-18396499-150x150.jpg,20241204052242,image/jpeg,8519,7990b82d8ec47175b4947e07d76ea00b978f3f99b5cc2e8a21dc94024371b842,https://web.archive.org/web/20241204052242id_/https://joinkuliner.com/wp-content/uploads/2024/04/pexels-mzynasx-18396499-150x150.jpg,
downloaded,wp-content/uploads/2024/04/pexels-mzynasx-18396499-80x80.jpg,https://joinkuliner.com/wp-content/uploads/2024/04/pexels-mzynasx-18396499-80x80.jpg,20241204043140,image/jpeg,3095,a5cd094f0c73369f31d258e9be531c756469ce72b8fa6b505635f71971dbca90,https://web.archive.org/web/20241204043140id_/https://joinkuliner.com/wp-content/uploads/2024/04/pexels-mzynasx-18396499-80x80.jpg,
downloaded,wp-content/uploads/2024/04/resep-laksa-oncom-400x240.webp,https://joinkuliner.com/wp-content/uploads/2024/04/resep-laksa-oncom-400x240.webp,20241204040131,image/webp,23050,c52e765724d1692f6ccfb2ab880e7b1b596639143149444a51ff0bb079dc5593,https://web.archive.org/web/20241204040131id_/https://joinkuliner.com/wp-content/uploads/2024/04/resep-laksa-oncom-400x240.webp,
downloaded,wp-content/uploads/2024/04/resep-laksa-oncom-590x354.webp,https://joinkuliner.com/wp-content/uploads/2024/04/resep-laksa-oncom-590x354.webp,20241204035630,image/webp,39152,af997963fcb4f7bd71518e69d72fc1a5552bd92af68558378a869398cd909cf9,https://web.archive.org/web/20241204035630id_/https://joinkuliner.com/wp-content/uploads/2024/04/resep-laksa-oncom-590x354.webp,
downloaded,wp-content/uploads/2024/04/resep-makaroni-keju-400x240.jpeg,https://joinkuliner.com/wp-content/uploads/2024/04/resep-makaroni-keju-400x240.jpeg,20241204041508,image/jpeg,26289,b659ff4d8becea108f8d8799b93641404429e4a770d8371f13c9b10c7bec4db5,https://web.archive.org/web/20241204041508id_/https://joinkuliner.com/wp-content/uploads/2024/04/resep-makaroni-keju-400x240.jpeg,
downloaded,wp-content/uploads/2024/04/resep-makaroni-keju-590x354.jpeg,https://joinkuliner.com/wp-content/uploads/2024/04/resep-makaroni-keju-590x354.jpeg,20241204035003,image/jpeg,49892,9af5b1d4c35e9e55bfa2cf007493202e02e4d48ae282c9dc311a02c355866620,https://web.archive.org/web/20241204035003id_/https://joinkuliner.com/wp-content/uploads/2024/04/resep-makaroni-keju-590x354.jpeg,
downloaded,wp-content/uploads/2024/04/resep-makaroni-keju-80x80.jpeg,https://joinkuliner.com/wp-content/uploads/2024/04/resep-makaroni-keju-80x80.jpeg,20250609032810,image/jpeg,3089,83951465a808bd26e82b6cf0cfb8ffaa10e04f0f72974b42279297fb9f77b82e,https://web.archive.org/web/20250609032810id_/https://joinkuliner.com/wp-content/uploads/2024/04/resep-makaroni-keju-80x80.jpeg,
downloaded,wp-content/uploads/2024/04/rumah-goa-kafe-bernafas-alam-dan-etnik-di-pinggir-tldh-1000x600.webp,https://joinkuliner.com/wp-content/uploads/2024/04/rumah-goa-kafe-bernafas-alam-dan-etnik-di-pinggir-tldh-1000x600.webp,20241204035623,image/webp,173810,1ef87ae9a9a2ed513e75dd6a8c3e57a73361f154b4c58d2730dc37c0d73d4fc1,https://web.archive.org/web/20241204035623id_/https://joinkuliner.com/wp-content/uploads/2024/04/rumah-goa-kafe-bernafas-alam-dan-etnik-di-pinggir-tldh-1000x600.webp,
downloaded,wp-content/uploads/2024/04/rumah-goa-kafe-bernafas-alam-dan-etnik-di-pinggir-tldh-400x240.webp,https://joinkuliner.com/wp-content/uploads/2024/04/rumah-goa-kafe-bernafas-alam-dan-etnik-di-pinggir-tldh-400x240.webp,20241204040142,image/webp,40934,4100608caee7e63167c247570965a5a3006c9b64c8c21dd83545b518d717d26b,https://web.archive.org/web/20241204040142id_/https://joinkuliner.com/wp-content/uploads/2024/04/rumah-goa-kafe-bernafas-alam-dan-etnik-di-pinggir-tldh-400x240.webp,
downloaded,wp-content/uploads/2024/04/rumah-goa-kafe-bernafas-alam-dan-etnik-di-pinggir-tldh-590x354.webp,https://joinkuliner.com/wp-content/uploads/2024/04/rumah-goa-kafe-bernafas-alam-dan-etnik-di-pinggir-tldh-590x354.webp,20241204035045,image/webp,81598,f86cccae8490ab6562aa90e69eed42ccc5911866fc81bbbde954916f35102b76,https://web.archive.org/web/20241204035045id_/https://joinkuliner.com/wp-content/uploads/2024/04/rumah-goa-kafe-bernafas-alam-dan-etnik-di-pinggir-tldh-590x354.webp,
downloaded,wp-content/uploads/2024/04/sayur-lalapan-150x150.webp,https://joinkuliner.com/wp-content/uploads/2024/04/sayur-lalapan-150x150.webp,20241204053516,image/webp,9034,126f7cfa2265934bd585642c0cd8292c834e3a1807ad72e551f0874a146823c9,https://web.archive.org/web/20241204053516id_/https://joinkuliner.com/wp-content/uploads/2024/04/sayur-lalapan-150x150.webp,
downloaded,wp-content/uploads/2024/04/sayur-lalapan-300x166.webp,https://joinkuliner.com/wp-content/uploads/2024/04/sayur-lalapan-300x166.webp,20250609032505,image/webp,16760,0045c2996aa88d8312f05cee443bddea0156ba7e87fb7ff7c0ff60a4fa88af0d,https://web.archive.org/web/20250609032505id_/https://joinkuliner.com/wp-content/uploads/2024/04/sayur-lalapan-300x166.webp,
downloaded,wp-content/uploads/2024/04/sayur-lalapan-400x240.webp,https://joinkuliner.com/wp-content/uploads/2024/04/sayur-lalapan-400x240.webp,20241204044024,image/webp,26460,5c1bc67259422df4d51f1159d5597e31ebea6ac56cdf7f1c91350383567bf6ff,https://web.archive.org/web/20241204044024id_/https://joinkuliner.com/wp-content/uploads/2024/04/sayur-lalapan-400x240.webp,
downloaded,wp-content/uploads/2024/04/sayur-lalapan-80x80.webp,https://joinkuliner.com/wp-content/uploads/2024/04/sayur-lalapan-80x80.webp,20241204110510,image/webp,3256,f8e60ea1fc68bef31043b94c84ce2415a17d0220a02a3ccf3427ebaada111751,https://web.archive.org/web/20241204110510id_/https://joinkuliner.com/wp-content/uploads/2024/04/sayur-lalapan-80x80.webp,
downloaded,wp-content/uploads/2024/04/sayur-lalapan.webp,https://joinkuliner.com/wp-content/uploads/2024/04/sayur-lalapan.webp,20250609032555,image/webp,25174,270a68bc96d74567e6e702f98772f02216d8618a1e1d6c3455eec8613ad20784,https://web.archive.org/web/20250609032555id_/https://joinkuliner.com/wp-content/uploads/2024/04/sayur-lalapan.webp,
downloaded,wp-content/uploads/2024/05/10-Franchise-Terbaik-di-Dunia-150x150.webp,https://joinkuliner.com/wp-content/uploads/2024/05/10-Franchise-Terbaik-di-Dunia-150x150.webp,20241204043606,image/webp,7340,c469e61ed50bda36be6492e62a3028ecfeb94453529f83079b32b78fa597d7d5,https://web.archive.org/web/20241204043606id_/https://joinkuliner.com/wp-content/uploads/2024/05/10-Franchise-Terbaik-di-Dunia-150x150.webp,
downloaded,wp-content/uploads/2024/05/10-Franchise-Terbaik-di-Dunia-300x158.webp,https://joinkuliner.com/wp-content/uploads/2024/05/10-Franchise-Terbaik-di-Dunia-300x158.webp,20250810141614,image/webp,14762,8194a44a2b774f9e5740d384883dd9a592859e398eb247360ecd5abb40b9e408,https://web.archive.org/web/20250810141614id_/https://joinkuliner.com/wp-content/uploads/2024/05/10-Franchise-Terbaik-di-Dunia-300x158.webp,
downloaded,wp-content/uploads/2024/05/10-Franchise-Terbaik-di-Dunia-400x237.webp,https://joinkuliner.com/wp-content/uploads/2024/05/10-Franchise-Terbaik-di-Dunia-400x237.webp,20250812005653,image/webp,23938,725e45360929a7312edde4b4cd8d808bffa3d5b7539d0b2ff9f965ecc87f543b,https://web.archive.org/web/20250812005653id_/https://joinkuliner.com/wp-content/uploads/2024/05/10-Franchise-Terbaik-di-Dunia-400x237.webp,
downloaded,wp-content/uploads/2024/05/10-Franchise-Terbaik-di-Dunia-80x80.webp,https://joinkuliner.com/wp-content/uploads/2024/05/10-Franchise-Terbaik-di-Dunia-80x80.webp,20241204055540,image/webp,3068,90c81ca3d95449339c94f901b6b068b9224750981f040c22163cedcef3601cd2,https://web.archive.org/web/20241204055540id_/https://joinkuliner.com/wp-content/uploads/2024/05/10-Franchise-Terbaik-di-Dunia-80x80.webp,
downloaded,wp-content/uploads/2024/05/10-Franchise-Terbaik-di-Dunia.webp,https://joinkuliner.com/wp-content/uploads/2024/05/10-Franchise-Terbaik-di-Dunia.webp,20241204053004,image/webp,27934,af95751e7e2a36c00adcebaf3a7a5c461dbda48cdaec5d09bbb5eec6cff93e1a,https://web.archive.org/web/20241204053004id_/https://joinkuliner.com/wp-content/uploads/2024/05/10-Franchise-Terbaik-di-Dunia.webp,
downloaded,wp-content/uploads/2024/05/Franchise-Makanan-Korea-1000x600.jpg,https://joinkuliner.com/wp-content/uploads/2024/05/Franchise-Makanan-Korea-1000x600.jpg,20241204052804,image/jpeg,96053,20182a66d245afcc74e85f8090727c81c59514a771088494a27b794b2897d6c8,https://web.archive.org/web/20241204052804id_/https://joinkuliner.com/wp-content/uploads/2024/05/Franchise-Makanan-Korea-1000x600.jpg,
downloaded,wp-content/uploads/2024/05/Franchise-Makanan-Korea-1024x1536.jpg,https://joinkuliner.com/wp-content/uploads/2024/05/Franchise-Makanan-Korea-1024x1536.jpg,20241204044000,image/jpeg,181666,41fa2170a498cb962aa9ceead7a08eb790603a88d0dacfed5fa0c8a644e2f524,https://web.archive.org/web/20241204044000id_/https://joinkuliner.com/wp-content/uploads/2024/05/Franchise-Makanan-Korea-1024x1536.jpg,
downloaded,wp-content/uploads/2024/05/Franchise-Makanan-Korea-150x150.jpg,https://joinkuliner.com/wp-content/uploads/2024/05/Franchise-Makanan-Korea-150x150.jpg,20250810151418,image/jpeg,7594,ea260393e9e4c83022c8227690248abdb396a55521ad6d4afc4f2e376feb55e7,https://web.archive.org/web/20250810151418id_/https://joinkuliner.com/wp-content/uploads/2024/05/Franchise-Makanan-Korea-150x150.jpg,
downloaded,wp-content/uploads/2024/05/Franchise-Makanan-Korea-400x240.jpg,https://joinkuliner.com/wp-content/uploads/2024/05/Franchise-Makanan-Korea-400x240.jpg,20241204052851,image/jpeg,24297,d472ae6efd87647c7638d4bcd3e9b3e0c57a14598324e6cf59c51c9dcc56677d,https://web.archive.org/web/20241204052851id_/https://joinkuliner.com/wp-content/uploads/2024/05/Franchise-Makanan-Korea-400x240.jpg,
downloaded,wp-content/uploads/2024/05/Franchise-Makanan-Korea-590x354.jpg,https://joinkuliner.com/wp-content/uploads/2024/05/Franchise-Makanan-Korea-590x354.jpg,20241204040633,image/jpeg,44240,d001ea2b8457adfdf254c5b860e50bde0de87b84fa2852df099e0332467b9369,https://web.archive.org/web/20241204040633id_/https://joinkuliner.com/wp-content/uploads/2024/05/Franchise-Makanan-Korea-590x354.jpg,
downloaded,wp-content/uploads/2024/05/Franchise-Makanan-Korea-683x1024.jpg,https://joinkuliner.com/wp-content/uploads/2024/05/Franchise-Makanan-Korea-683x1024.jpg,20241204044135,image/jpeg,97477,a3ab0c59990ef47bc1b4bbe0a5755b87799d2e1a0b53438cbeb07099b5317ced,https://web.archive.org/web/20241204044135id_/https://joinkuliner.com/wp-content/uploads/2024/05/Franchise-Makanan-Korea-683x1024.jpg,
downloaded,wp-content/uploads/2024/05/Franchise-Makanan-Korea-768x1152.jpg,https://joinkuliner.com/wp-content/uploads/2024/05/Franchise-Makanan-Korea-768x1152.jpg,20241204043957,image/jpeg,116050,b691be091ae623cb71d635f77c47ba05cd943e627995ae8b37c4629ff5ec4a81,https://web.archive.org/web/20241204043957id_/https://joinkuliner.com/wp-content/uploads/2024/05/Franchise-Makanan-Korea-768x1152.jpg,
downloaded,wp-content/uploads/2024/05/Franchise-Makanan-Korea-80x80.jpg,https://joinkuliner.com/wp-content/uploads/2024/05/Franchise-Makanan-Korea-80x80.jpg,20250814112201,image/jpeg,3022,ce9a55503d7c82c03f0b0111e7346a04429926327179c762f71e5d345a573fa1,https://web.archive.org/web/20250814112201id_/https://joinkuliner.com/wp-content/uploads/2024/05/Franchise-Makanan-Korea-80x80.jpg,
downloaded,wp-content/uploads/2024/05/Franchise-Makanan-Korea.jpg,https://joinkuliner.com/wp-content/uploads/2024/05/Franchise-Makanan-Korea.jpg,20241204044135,image/jpeg,245187,71fca1898e487a0a75049384fe672e737a72759ee3e90e0ef1ececcc86e33511,https://web.archive.org/web/20241204044135id_/https://joinkuliner.com/wp-content/uploads/2024/05/Franchise-Makanan-Korea.jpg,
downloaded,wp-content/uploads/2024/05/es-teh-indonesia-150x150.webp,https://joinkuliner.com/wp-content/uploads/2024/05/es-teh-indonesia-150x150.webp,20241204041337,image/webp,1662,c357663879179594cd73f3d85b1f2e2c78c44b5be9a09e1bb06c3135ffaad844,https://web.archive.org/web/20241204041337id_/https://joinkuliner.com/wp-content/uploads/2024/05/es-teh-indonesia-150x150.webp,
downloaded,wp-content/uploads/2024/05/es-teh-indonesia-300x300.webp,https://joinkuliner.com/wp-content/uploads/2024/05/es-teh-indonesia-300x300.webp,20241204041055,image/webp,3858,ea361b6ab6ac3a5621312f10c2ebb7df95ab763e9e4d871c3bffd67fefebe608,https://web.archive.org/web/20241204041055id_/https://joinkuliner.com/wp-content/uploads/2024/05/es-teh-indonesia-300x300.webp,
downloaded,wp-content/uploads/2024/05/es-teh-indonesia-360x240.webp,https://joinkuliner.com/wp-content/uploads/2024/05/es-teh-indonesia-360x240.webp,20241204035536,image/webp,4248,2236fd38f9f2c9d3296ff0c67ad1300be7a047c1e30bd4834307c56949e9a5f0,https://web.archive.org/web/20241204035536id_/https://joinkuliner.com/wp-content/uploads/2024/05/es-teh-indonesia-360x240.webp,
downloaded,wp-content/uploads/2024/05/es-teh-indonesia-80x80.webp,https://joinkuliner.com/wp-content/uploads/2024/05/es-teh-indonesia-80x80.webp,20241204053725,image/webp,730,b2f25ee4be139807f41b0edcfe8af229187bb427ad49051b50f9d5909700c5da,https://web.archive.org/web/20241204053725id_/https://joinkuliner.com/wp-content/uploads/2024/05/es-teh-indonesia-80x80.webp,
downloaded,wp-content/uploads/2024/05/es-teh-indonesia.webp,https://joinkuliner.com/wp-content/uploads/2024/05/es-teh-indonesia.webp,20241204041136,image/webp,11544,2c9700817d5958698c72802b26749bf68ed2ee0d74d4f56978edda7ce00a7b80,https://web.archive.org/web/20241204041136id_/https://joinkuliner.com/wp-content/uploads/2024/05/es-teh-indonesia.webp,
downloaded,wp-content/uploads/2024/05/ketupat-sayur-betawi-bang-iis-1000x576.jpeg,https://joinkuliner.com/wp-content/uploads/2024/05/ketupat-sayur-betawi-bang-iis-1000x576.jpeg,20241204041209,image/jpeg,86645,f013921ecea3df9a497dc809a4d7716d19bf4e230c153fb82be7a1f6d2f41da8,https://web.archive.org/web/20241204041209id_/https://joinkuliner.com/wp-content/uploads/2024/05/ketupat-sayur-betawi-bang-iis-1000x576.jpeg,
downloaded,wp-content/uploads/2024/05/ketupat-sayur-betawi-bang-iis-150x150.jpeg,https://joinkuliner.com/wp-content/uploads/2024/05/ketupat-sayur-betawi-bang-iis-150x150.jpeg,20250810130122,image/jpeg,7629,3b3474bc35acdbaddea884c368e9a32ed29f673b41cc51bee4f42ffc177fd420,https://web.archive.org/web/20250810130122id_/https://joinkuliner.com/wp-content/uploads/2024/05/ketupat-sayur-betawi-bang-iis-150x150.jpeg,
downloaded,wp-content/uploads/2024/05/ketupat-sayur-betawi-bang-iis-400x240.jpeg,https://joinkuliner.com/wp-content/uploads/2024/05/ketupat-sayur-betawi-bang-iis-400x240.jpeg,20250810075638,image/jpeg,22973,0eff860f808bb1a869329b8ab1d534062ff9fe34b96e31e374bcb1d8a2188d8c,https://web.archive.org/web/20250810075638id_/https://joinkuliner.com/wp-content/uploads/2024/05/ketupat-sayur-betawi-bang-iis-400x240.jpeg,
downloaded,wp-content/uploads/2024/05/ketupat-sayur-betawi-bang-iis-590x354.jpeg,https://joinkuliner.com/wp-content/uploads/2024/05/ketupat-sayur-betawi-bang-iis-590x354.jpeg,20241204035142,image/jpeg,40968,f64043ecfc605e090bf55a98f067fc4ed5e839c7c3c2201b841ab43900767b2f,https://web.archive.org/web/20241204035142id_/https://joinkuliner.com/wp-content/uploads/2024/05/ketupat-sayur-betawi-bang-iis-590x354.jpeg,
downloaded,wp-content/uploads/2024/05/ketupat-sayur-betawi-bang-iis-80x80.jpeg,https://joinkuliner.com/wp-content/uploads/2024/05/ketupat-sayur-betawi-bang-iis-80x80.jpeg,20241204043314,image/jpeg,2893,7dfea748e7ffe470fca282c3cfb017491d9741797d9b7a5f636d8326d3cae304,https://web.archive.org/web/20241204043314id_/https://joinkuliner.com/wp-content/uploads/2024/05/ketupat-sayur-betawi-bang-iis-80x80.jpeg,
downloaded,wp-content/uploads/2024/05/kfc-1000x600.png,https://joinkuliner.com/wp-content/uploads/2024/05/kfc-1000x600.png,20241204043703,image/png,93246,e4a9cc3f15bafdd45f52ba197f35cb82b883a436a994c07955be7edf66b0fddf,https://web.archive.org/web/20241204043703id_/https://joinkuliner.com/wp-content/uploads/2024/05/kfc-1000x600.png,
downloaded,wp-content/uploads/2024/05/kfc-1024x1024.png,https://joinkuliner.com/wp-content/uploads/2024/05/kfc-1024x1024.png,20250810012418,image/png,158775,c149e44443c258c719e8015c1ca1c661e357793e04f7762414b175d7493ed491,https://web.archive.org/web/20250810012418id_/https://joinkuliner.com/wp-content/uploads/2024/05/kfc-1024x1024.png,
downloaded,wp-content/uploads/2024/05/kfc-150x150.png,https://joinkuliner.com/wp-content/uploads/2024/05/kfc-150x150.png,20250812150933,image/png,13762,2f25e1b519071ff023daafcfe2f8741d954a68ca3cdaa3273338e66209232b04,https://web.archive.org/web/20250812150933id_/https://joinkuliner.com/wp-content/uploads/2024/05/kfc-150x150.png,
downloaded,wp-content/uploads/2024/05/kfc-300x300.png,https://joinkuliner.com/wp-content/uploads/2024/05/kfc-300x300.png,20241204053443,image/png,30625,6615d69074f103a4db7e710a564c9050ee4ef09468704c87ae8cc523c56b8a88,https://web.archive.org/web/20241204053443id_/https://joinkuliner.com/wp-content/uploads/2024/05/kfc-300x300.png,
downloaded,wp-content/uploads/2024/05/kfc-400x240.png,https://joinkuliner.com/wp-content/uploads/2024/05/kfc-400x240.png,20241204043117,image/png,25942,bc3349e9c410522e764d1dbe4b539fcfd972448b675c9764e214ca7fe91929ac,https://web.archive.org/web/20241204043117id_/https://joinkuliner.com/wp-content/uploads/2024/05/kfc-400x240.png,
downloaded,wp-content/uploads/2024/05/kfc-590x354.png,https://joinkuliner.com/wp-content/uploads/2024/05/kfc-590x354.png,20241204041046,image/png,47825,72d7a8bbaf42349237a689ee1a11506fc8e86c52cf6978778982cc77a86b1353,https://web.archive.org/web/20241204041046id_/https://joinkuliner.com/wp-content/uploads/2024/05/kfc-590x354.png,
downloaded,wp-content/uploads/2024/05/kfc-768x768.png,https://joinkuliner.com/wp-content/uploads/2024/05/kfc-768x768.png,20241204040916,image/png,109346,280fc870676cb8d8a79a4043a7bbb85ced64a081d4e867005166bea624fe83f1,https://web.archive.org/web/20241204040916id_/https://joinkuliner.com/wp-content/uploads/2024/05/kfc-768x768.png,
downloaded,wp-content/uploads/2024/05/kfc-80x80.png,https://joinkuliner.com/wp-content/uploads/2024/05/kfc-80x80.png,20241204053206,image/png,6404,136b443f47aa6fd8aae1f9f2c4c602cb314433dfd0c8e1e72ed9ad79a44bcb46,https://web.archive.org/web/20241204053206id_/https://joinkuliner.com/wp-content/uploads/2024/05/kfc-80x80.png,
downloaded,wp-content/uploads/2024/05/kfc.png,https://joinkuliner.com/wp-content/uploads/2024/05/kfc.png,20241204043804,image/png,147400,ffa7fdab1225befc914fd94886fd0d73f4a395e7a431311291c977c94d075e29,https://web.archive.org/web/20241204043804id_/https://joinkuliner.com/wp-content/uploads/2024/05/kfc.png,
downloaded,wp-content/uploads/2024/06/Franchise-Takoyaki-150x150.jpg,https://joinkuliner.com/wp-content/uploads/2024/06/Franchise-Takoyaki-150x150.jpg,20250609032953,image/jpeg,7654,97f66d94d66c5748bb28e04f00520615edff81648507b0f4d74bbf8f1e1abf4e,https://web.archive.org/web/20250609032953id_/https://joinkuliner.com/wp-content/uploads/2024/06/Franchise-Takoyaki-150x150.jpg,
downloaded,wp-content/uploads/2024/06/Franchise-Takoyaki-300x169.jpg,https://joinkuliner.com/wp-content/uploads/2024/06/Franchise-Takoyaki-300x169.jpg,20241204051708,image/jpeg,13202,6e5e11d11ee52e0926639bed96c19b4f12a43634e4badfb8d28afc55280157c5,https://web.archive.org/web/20241204051708id_/https://joinkuliner.com/wp-content/uploads/2024/06/Franchise-Takoyaki-300x169.jpg,
downloaded,wp-content/uploads/2024/06/Franchise-Takoyaki-400x240.jpg,https://joinkuliner.com/wp-content/uploads/2024/06/Franchise-Takoyaki-400x240.jpg,20241204053436,image/jpeg,21057,e77e6f43f82d6f402ad27cd9c54be524a87310911ee3710992037d53ea5f90dc,https://web.archive.org/web/20241204053436id_/https://joinkuliner.com/wp-content/uploads/2024/06/Franchise-Takoyaki-400x240.jpg,
downloaded,wp-content/uploads/2024/06/Franchise-Takoyaki-80x80.jpg,https://joinkuliner.com/wp-content/uploads/2024/06/Franchise-Takoyaki-80x80.jpg,20250609113616,image/jpeg,3118,6191eaf0e4f740fd0c9851e20ce0dfe52984561f47010aee71ae9d526b1607c6,https://web.archive.org/web/20250609113616id_/https://joinkuliner.com/wp-content/uploads/2024/06/Franchise-Takoyaki-80x80.jpg,
downloaded,wp-content/uploads/2024/07/pinjam-modal-usaha-400x240.jpeg,https://joinkuliner.com/wp-content/uploads/2024/07/pinjam-modal-usaha-400x240.jpeg,20250810062122,image/jpeg,15234,353437949cb4381894f67c12bd4cb3fa1696f3ec7124fedccda4c73c91257256,https://web.archive.org/web/20250810062122id_/https://joinkuliner.com/wp-content/uploads/2024/07/pinjam-modal-usaha-400x240.jpeg,
downloaded,wp-content/uploads/2024/07/pinjam-modal-usaha-590x354.jpeg,https://joinkuliner.com/wp-content/uploads/2024/07/pinjam-modal-usaha-590x354.jpeg,20241204052638,image/jpeg,26564,5f8187a3dd859c28fc3de2e2589e77778cf36f5770b17ac9c98b50f855318aea,https://web.archive.org/web/20241204052638id_/https://joinkuliner.com/wp-content/uploads/2024/07/pinjam-modal-usaha-590x354.jpeg,
downloaded,wp-content/uploads/2024/09/WhatsApp-Image-2024-09-08-at-09.08.27-1000x600.jpg,https://joinkuliner.com/wp-content/uploads/2024/09/WhatsApp-Image-2024-09-08-at-09.08.27-1000x600.jpg,20250810155300,image/jpeg,141625,88016e9e5ad18d98307cd1e73ad466feeb83ab428d1d991b1a979cb91fec797d,https://web.archive.org/web/20250810155300id_/https://joinkuliner.com/wp-content/uploads/2024/09/WhatsApp-Image-2024-09-08-at-09.08.27-1000x600.jpg,
downloaded,wp-content/uploads/2024/09/WhatsApp-Image-2024-09-08-at-09.08.27-1024x768.jpg,https://joinkuliner.com/wp-content/uploads/2024/09/WhatsApp-Image-2024-09-08-at-09.08.27-1024x768.jpg,20250812020130,image/jpeg,155973,53937efd64fd576a66a34f861fe17fc1371a160ac4ca3037559442072f29555e,https://web.archive.org/web/20250812020130id_/https://joinkuliner.com/wp-content/uploads/2024/09/WhatsApp-Image-2024-09-08-at-09.08.27-1024x768.jpg,
downloaded,wp-content/uploads/2024/09/WhatsApp-Image-2024-09-08-at-09.08.27-150x150.jpg,https://joinkuliner.com/wp-content/uploads/2024/09/WhatsApp-Image-2024-09-08-at-09.08.27-150x150.jpg,20241204052906,image/jpeg,7396,56c9b47fe4c0843773dc713c654d33413ca00bca5efaf51c108e60fe681369d8,https://web.archive.org/web/20241204052906id_/https://joinkuliner.com/wp-content/uploads/2024/09/WhatsApp-Image-2024-09-08-at-09.08.27-150x150.jpg,
downloaded,wp-content/uploads/2024/09/WhatsApp-Image-2024-09-08-at-09.08.27-1536x1152.jpg,https://joinkuliner.com/wp-content/uploads/2024/09/WhatsApp-Image-2024-09-08-at-09.08.27-1536x1152.jpg,20241204185419,image/jpeg,298988,9d2e51911a4b15e38fb4082140304169acd4805f25216dcdc827b5f829a0d30c,https://web.archive.org/web/20241204185419id_/https://joinkuliner.com/wp-content/uploads/2024/09/WhatsApp-Image-2024-09-08-at-09.08.27-1536x1152.jpg,
downloaded,wp-content/uploads/2024/09/WhatsApp-Image-2024-09-08-at-09.08.27-300x225.jpg,https://joinkuliner.com/wp-content/uploads/2024/09/WhatsApp-Image-2024-09-08-at-09.08.27-300x225.jpg,20241204062847,image/jpeg,19227,0511a0d9c2ac073b004d1e611493c98af887389ab812d4f786aedad30c23a6b2,https://web.archive.org/web/20241204062847id_/https://joinkuliner.com/wp-content/uploads/2024/09/WhatsApp-Image-2024-09-08-at-09.08.27-300x225.jpg,
downloaded,wp-content/uploads/2024/09/WhatsApp-Image-2024-09-08-at-09.08.27-400x240.jpg,https://joinkuliner.com/wp-content/uploads/2024/09/WhatsApp-Image-2024-09-08-at-09.08.27-400x240.jpg,20241204053250,image/jpeg,29679,a27b9ce42d5086615ec784a9ff93d6c409fb8803e6fb0180fe9de5ed37cb5bc9,https://web.archive.org/web/20241204053250id_/https://joinkuliner.com/wp-content/uploads/2024/09/WhatsApp-Image-2024-09-08-at-09.08.27-400x240.jpg,
downloaded,wp-content/uploads/2024/09/WhatsApp-Image-2024-09-08-at-09.08.27-560x600.jpg,https://joinkuliner.com/wp-content/uploads/2024/09/WhatsApp-Image-2024-09-08-at-09.08.27-560x600.jpg,20250810115029,image/jpeg,76609,b9e0a5c52477ab5a24883df0fa2262e92aca4a8dc1fa522433b71059baeee93d,https://web.archive.org/web/20250810115029id_/https://joinkuliner.com/wp-content/uploads/2024/09/WhatsApp-Image-2024-09-08-at-09.08.27-560x600.jpg,
downloaded,wp-content/uploads/2024/09/WhatsApp-Image-2024-09-08-at-09.08.27-590x354.jpg,https://joinkuliner.com/wp-content/uploads/2024/09/WhatsApp-Image-2024-09-08-at-09.08.27-590x354.jpg,20250810140243,image/jpeg,57367,8ddb8aa05a35afcffefe6f3454036d9b303d3a67236aac1a2776da4ae44e47e4,https://web.archive.org/web/20250810140243id_/https://joinkuliner.com/wp-content/uploads/2024/09/WhatsApp-Image-2024-09-08-at-09.08.27-590x354.jpg,
downloaded,wp-content/uploads/2024/09/WhatsApp-Image-2024-09-08-at-09.08.27-768x576.jpg,https://joinkuliner.com/wp-content/uploads/2024/09/WhatsApp-Image-2024-09-08-at-09.08.27-768x576.jpg,20241204051228,image/jpeg,96197,46912b58812c8fa9aec41b6abe04124e228e51dc810fb0848727903c9a86c070,https://web.archive.org/web/20241204051228id_/https://joinkuliner.com/wp-content/uploads/2024/09/WhatsApp-Image-2024-09-08-at-09.08.27-768x576.jpg,
downloaded,wp-content/uploads/2024/09/WhatsApp-Image-2024-09-08-at-09.08.27-80x80.jpg,https://joinkuliner.com/wp-content/uploads/2024/09/WhatsApp-Image-2024-09-08-at-09.08.27-80x80.jpg,20250812170416,image/jpeg,2751,8f4dc51cfddfd48fd8599ddeb8bb20dacf8f7005e00de799f0d0f1026b205d6b,https://web.archive.org/web/20250812170416id_/https://joinkuliner.com/wp-content/uploads/2024/09/WhatsApp-Image-2024-09-08-at-09.08.27-80x80.jpg,
downloaded,wp-content/uploads/2024/09/WhatsApp-Image-2024-09-08-at-09.08.27.jpg,https://joinkuliner.com/wp-content/uploads/2024/09/WhatsApp-Image-2024-09-08-at-09.08.27.jpg,20241204053302,image/jpeg,300173,52395e18e53cd6110d3bcb59929d33c6e5e063d699eed6021759735e78c3873c,https://web.archive.org/web/20241204053302id_/https://joinkuliner.com/wp-content/uploads/2024/09/WhatsApp-Image-2024-09-08-at-09.08.27.jpg,
downloaded,wp-content/uploads/elementor/css/global.css,https://joinkuliner.com/wp-content/uploads/elementor/css/global.css,20241206125335,text/css,40376,58b812f2ee80d7718cd23b6a5c3dd505a19dda8ef81ef1961e5585b47b66344e,https://web.archive.org/web/20241206125335id_/https://joinkuliner.com/wp-content/uploads/elementor/css/global.css,
downloaded,wp-content/uploads/elementor/css/global__q_a47bf6a88c.css,https://joinkuliner.com/wp-content/uploads/elementor/css/global.css?ver=1698489296,20231123194001,text/css,9475,60e3083dd987ec50c560bf8219fd9dfb1a6f3b546c405be9218448f7e0bb9368,https://web.archive.org/web/20231123194001id_/https://joinkuliner.com/wp-content/uploads/elementor/css/global.css?ver=1698489296,
downloaded,wp-content/uploads/elementor/css/global__q_fbeeab0133.css,https://joinkuliner.com/wp-content/uploads/elementor/css/global.css?ver=1707326243,20240226043215,text/css,40376,f6b73024206144d6fd4f86b567444409c3a1c56603e406920432930e094bc4f0,https://web.archive.org/web/20240226043215id_/https://joinkuliner.com/wp-content/uploads/elementor/css/global.css?ver=1707326243,
downloaded,wp-content/uploads/elementor/css/post-126.css,https://joinkuliner.com/wp-content/uploads/elementor/css/post-126.css,20250609065429,text/css,106,b04704c2295cbf77527fad4a032fed3a255b005be2ef8ad59bcbc83f5601b633,https://web.archive.org/web/20250609065429id_/https://joinkuliner.com/wp-content/uploads/elementor/css/post-126.css,
downloaded,wp-content/uploads/elementor/css/post-1911.css,https://joinkuliner.com/wp-content/uploads/elementor/css/post-1911.css,20241204043759,text/css,11245,d5f41cda88abeee298d67d0678ba4da22320fdaff784d8581cc6f9080f0361ee,https://web.archive.org/web/20241204043759id_/https://joinkuliner.com/wp-content/uploads/elementor/css/post-1911.css,
downloaded,wp-content/uploads/elementor/css/post-331.css,https://joinkuliner.com/wp-content/uploads/elementor/css/post-331.css,20241204054204,text/css,1205,0a4e41a09670a8c8a052411d74046894ec5174ce36065f0d319c3b7215eba85e,https://web.archive.org/web/20241204054204id_/https://joinkuliner.com/wp-content/uploads/elementor/css/post-331.css,
downloaded,wp-content/uploads/elementor/css/post-331__q_3f91f554fc.css,https://joinkuliner.com/wp-content/uploads/elementor/css/post-331.css?ver=1698406879,20231123193958,text/css,1142,188112542b25798cf5334d1dbaf2e6a5ca848038ffb4ad4c834caf1bcecf4955,https://web.archive.org/web/20231123193958id_/https://joinkuliner.com/wp-content/uploads/elementor/css/post-331.css?ver=1698406879,
downloaded,wp-content/uploads/elementor/css/post-634__q_6e84a09504.css,https://joinkuliner.com/wp-content/uploads/elementor/css/post-634.css?ver=1700726395,20231123194003,text/css,12143,58693ae3b4c14f16e6c8622f4f21769de2a713ea192d6ba2f6ae9ed723db0839,https://web.archive.org/web/20231123194003id_/https://joinkuliner.com/wp-content/uploads/elementor/css/post-634.css?ver=1700726395,
downloaded,wp-content/uploads/elementor/google-fonts/css/roboto.css,https://joinkuliner.com/wp-content/uploads/elementor/google-fonts/css/roboto.css,20250609032801,text/css,107244,34040356a9efe9b6f28b920866b753a8454f2ecfde9c62018d6c79bf76389a3d,https://web.archive.org/web/20250609032801id_/https://joinkuliner.com/wp-content/uploads/elementor/google-fonts/css/roboto.css,
downloaded,wp-content/uploads/elementor/google-fonts/css/robotoslab.css,https://joinkuliner.com/wp-content/uploads/elementor/google-fonts/css/robotoslab.css,20250609040255,text/css,24885,299ba8cab78336bd29568b8eb13f39e0f4d6c1885cd788bfc6c710ebf7388162,https://web.archive.org/web/20250609040255id_/https://joinkuliner.com/wp-content/uploads/elementor/google-fonts/css/robotoslab.css,
downloaded,wp-content/uploads/elementor/thumbs/01gkv52d9vd4wy0sa4qatgf8b2-qfypwcqeccwjwjv913ky7uvftwhngn3w3wl1nh44vs.webp,https://joinkuliner.com/wp-content/uploads/elementor/thumbs/01gkv52d9vd4wy0sa4qatgf8b2-qfypwcqeccwjwjv913ky7uvftwhngn3w3wl1nh44vs.webp,20231211143235,image/webp,12448,3b6fe859a57da760c5953b32019d46e2351147b9b6a342e98c71d7ac604cbe76,https://web.archive.org/web/20231211143235id_/https://joinkuliner.com/wp-content/uploads/elementor/thumbs/01gkv52d9vd4wy0sa4qatgf8b2-qfypwcqeccwjwjv913ky7uvftwhngn3w3wl1nh44vs.webp,
downloaded,wp-content/uploads/elementor/thumbs/Alfamart-qgb0qurg0qzhu0hv0tzszbmnzfxl9uqbnyhdfx0czc.webp,https://joinkuliner.com/wp-content/uploads/elementor/thumbs/Alfamart-qgb0qurg0qzhu0hv0tzszbmnzfxl9uqbnyhdfx0czc.webp,20231211143250,image/webp,13320,7f6ed6f47b8c0cc75bfe5e5bb8d71cc8f9d3b2e53943ea092cd7e19b73774966,https://web.archive.org/web/20231211143250id_/https://joinkuliner.com/wp-content/uploads/elementor/thumbs/Alfamart-qgb0qurg0qzhu0hv0tzszbmnzfxl9uqbnyhdfx0czc.webp,
downloaded,wp-content/uploads/elementor/thumbs/Kopi-Janji-Jiwa-qltczjdd82u2859d2v795n2ua243z9m60ek5zvbkp4.webp,https://joinkuliner.com/wp-content/uploads/elementor/thumbs/Kopi-Janji-Jiwa-qltczjdd82u2859d2v795n2ua243z9m60ek5zvbkp4.webp,20241204052335,image/webp,33156,a8a18fbd066f3d7aac4bbc2c9673cafb346a4ab5d737042344036b243b34c814,https://web.archive.org/web/20241204052335id_/https://joinkuliner.com/wp-content/uploads/elementor/thumbs/Kopi-Janji-Jiwa-qltczjdd82u2859d2v795n2ua243z9m60ek5zvbkp4.webp,
downloaded,wp-content/uploads/elementor/thumbs/abuba-steak-qgn9qwl8js3ozvna1cd4z21sbcwdxdjvr42yv5fiyg.webp,https://joinkuliner.com/wp-content/uploads/elementor/thumbs/abuba-steak-qgn9qwl8js3ozvna1cd4z21sbcwdxdjvr42yv5fiyg.webp,20231211143236,image/webp,21408,d9b03f1e125aec6f9d54dbe831ee38ef56105b221c49ce95bc6040683479faf4,https://web.archive.org/web/20231211143236id_/https://joinkuliner.com/wp-content/uploads/elementor/thumbs/abuba-steak-qgn9qwl8js3ozvna1cd4z21sbcwdxdjvr42yv5fiyg.webp,
downloaded,wp-content/uploads/elementor/thumbs/chat-time-qgn80onvdfpu346mrv0cjc4prhsc2er8qy22e65wv4.webp,https://joinkuliner.com/wp-content/uploads/elementor/thumbs/chat-time-qgn80onvdfpu346mrv0cjc4prhsc2er8qy22e65wv4.webp,20231211143248,image/webp,22208,91de88b2d642ca52c29b3e0327fac6e87befc648f567b0929585f9742b9d4408,https://web.archive.org/web/20231211143248id_/https://joinkuliner.com/wp-content/uploads/elementor/thumbs/chat-time-qgn80onvdfpu346mrv0cjc4prhsc2er8qy22e65wv4.webp,
downloaded,wp-content/uploads/elementor/thumbs/dumdum-qgn7vo6ux8us5zgs1ozz8lo7pihv0ius24su91li1s.webp,https://joinkuliner.com/wp-content/uploads/elementor/thumbs/dumdum-qgn7vo6ux8us5zgs1ozz8lo7pihv0ius24su91li1s.webp,20231211143309,image/webp,20158,85e573613ac7a3399742ebd47924049d86b12e622d9a229daf1174809031f7ab,https://web.archive.org/web/20231211143309id_/https://joinkuliner.com/wp-content/uploads/elementor/thumbs/dumdum-qgn7vo6ux8us5zgs1ozz8lo7pihv0ius24su91li1s.webp,
downloaded,wp-content/uploads/elementor/thumbs/family-mart-qgb0u2dldddri1tx9pyx00gd1u3qkmhb3uq3gy8xq0.webp,https://joinkuliner.com/wp-content/uploads/elementor/thumbs/family-mart-qgb0u2dldddri1tx9pyx00gd1u3qkmhb3uq3gy8xq0.webp,20231211144821,image/webp,21460,4638a631aa321f1558f8ccad20326b3a75a813382faa888cdfb965262a827e3b,https://web.archive.org/web/20231211144821id_/https://joinkuliner.com/wp-content/uploads/elementor/thumbs/family-mart-qgb0u2dldddri1tx9pyx00gd1u3qkmhb3uq3gy8xq0.webp,
downloaded,wp-content/uploads/elementor/thumbs/franchise-kharisma-1-1024x576-1006797488-qfypnplvxwnidmqnbots0p2la1if0c86cpto3ovw5k.webp,https://joinkuliner.com/wp-content/uploads/elementor/thumbs/franchise-kharisma-1-1024x576-1006797488-qfypnplvxwnidmqnbots0p2la1if0c86cpto3ovw5k.webp,20231211143310,image/webp,40214,5f18d3683c55a690f626ca0cb502002017f55cc014b1cd8460caed4ce9f6db4f,https://web.archive.org/web/20231211143310id_/https://joinkuliner.com/wp-content/uploads/elementor/thumbs/franchise-kharisma-1-1024x576-1006797488-qfypnplvxwnidmqnbots0p2la1if0c86cpto3ovw5k.webp,
downloaded,wp-content/uploads/elementor/thumbs/indomaret-qgb0rwd21tztyfapr3z7z7tttj7j59b0wpr4xsf24o.webp,https://joinkuliner.com/wp-content/uploads/elementor/thumbs/indomaret-qgb0rwd21tztyfapr3z7z7tttj7j59b0wpr4xsf24o.webp,20231211143251,image/webp,39758,737ef6178589fb84678b3cad400233c0d671dcffb332cc83aa0b725066ccf792,https://web.archive.org/web/20231211143251id_/https://joinkuliner.com/wp-content/uploads/elementor/thumbs/indomaret-qgb0rwd21tztyfapr3z7z7tttj7j59b0wpr4xsf24o.webp,
downloaded,wp-content/uploads/elementor/thumbs/steak-21-qgn9qvngsnn9wa040noumpz1snga16vl6kltoofd6w.webp,https://joinkuliner.com/wp-content/uploads/elementor/thumbs/steak-21-qgn9qvngsnn9wa040noumpz1snga16vl6kltoofd6w.webp,20231211143249,image/webp,39240,2b04f6e44977c5fc99c0a6634aa02edf80597b39431494c0a334187bd8408574,https://web.archive.org/web/20231211143249id_/https://joinkuliner.com/wp-content/uploads/elementor/thumbs/steak-21-qgn9qvngsnn9wa040noumpz1snga16vl6kltoofd6w.webp,
downloaded,wp-content/uploads/elementor/thumbs/waroeng-steak-qgn9qxj2qm4zbhlwvurrjjt8wqrr52nm38qgcfe4s8.webp,https://joinkuliner.com/wp-content/uploads/elementor/thumbs/waroeng-steak-qgn9qxj2qm4zbhlwvurrjjt8wqrr52nm38qgcfe4s8.webp,20231211143247,image/webp,20038,ab699ac0f9b8028132fe6c4a6effc06065e785a212f796fba68cddd4152c88f8,https://web.archive.org/web/20231211143247id_/https://joinkuliner.com/wp-content/uploads/elementor/thumbs/waroeng-steak-qgn9qxj2qm4zbhlwvurrjjt8wqrr52nm38qgcfe4s8.webp,
downloaded,wp-content/uploads/elementor/thumbs/warteg-putri-bahari-qepiwgtaubzin14bjel0sxdl1oadt07fzkject6wso.jpg,https://joinkuliner.com/wp-content/uploads/elementor/thumbs/warteg-putri-bahari-qepiwgtaubzin14bjel0sxdl1oadt07fzkject6wso.jpg,20250810091318,image/jpeg,43902,7ed21a944c310c8097b0c84766e4c5dc24290ba3959c55069713d34902961f04,https://web.archive.org/web/20250810091318id_/https://joinkuliner.com/wp-content/uploads/elementor/thumbs/warteg-putri-bahari-qepiwgtaubzin14bjel0sxdl1oadt07fzkject6wso.jpg,
downloaded,wp-content/uploads/elementor/thumbs/xiboba-qgn7vp4p42w2hlfew7elt3foawd887yie9gbqbk3vk.webp,https://joinkuliner.com/wp-content/uploads/elementor/thumbs/xiboba-qgn7vp4p42w2hlfew7elt3foawd887yie9gbqbk3vk.webp,20231211143237,image/webp,16856,29e967652aecea7094bfb0402fb5d762933522db05215d621a15f745f7f8f2d2,https://web.archive.org/web/20231211143237id_/https://joinkuliner.com/wp-content/uploads/elementor/thumbs/xiboba-qgn7vp4p42w2hlfew7elt3foawd887yie9gbqbk3vk.webp,
downloaded,wp-includes/css/buttons.min__q_a8982f8e66.css,https://joinkuliner.com/wp-includes/css/buttons.min.css?ver=6.4.3,20240401154408,text/css,5925,be47f84097fc1dcfe4a183ec10218db49578053af37a7d4bcf83d946fdeabc82,https://web.archive.org/web/20240401154408id_/https://joinkuliner.com/wp-includes/css/buttons.min.css?ver=6.4.3,
downloaded,wp-includes/css/dashicons.min__q_9ba3bf7c84.css,https://joinkuliner.com/wp-includes/css/dashicons.min.css?ver=6.3.2,20231123193958,text/css,59016,c21e5a2b32c47bc5f9d9efc97bc0e29fd081946d1d3ebffc5621cfafb1d3960e,https://web.archive.org/web/20231123193958id_/https://joinkuliner.com/wp-includes/css/dashicons.min.css?ver=6.3.2,
downloaded,wp-includes/css/dist/block-library/style.min.css,https://joinkuliner.com/wp-includes/css/dist/block-library/style.min.css,20241204043031,text/css,112419,885c89e82436cfa3d0a0a5a9b2f6be6e1503457c810cc88ed2c09b4570ae9fd6,https://web.archive.org/web/20241204043031id_/https://joinkuliner.com/wp-includes/css/dist/block-library/style.min.css,
downloaded,wp-includes/css/dist/block-library/style.min__q_3f6afc87ec.css,https://joinkuliner.com/wp-includes/css/dist/block-library/style.min.css?ver=6.8.1,20250609115049,text/css,116363,597ddfdee7171750c16ec5aafd392cf992e9c53386d6bb6061d48e30334f09e9,https://web.archive.org/web/20250609115049id_/https://joinkuliner.com/wp-includes/css/dist/block-library/style.min.css?ver=6.8.1,
downloaded,wp-includes/css/dist/block-library/style.min__q_9ba3bf7c84.css,https://joinkuliner.com/wp-includes/css/dist/block-library/style.min.css?ver=6.3.2,20231123193958,text/css,110035,698b89c0da3d319754d6a837b5e6d4e6a42dc402d9ffd7559b8c4cb29c644340,https://web.archive.org/web/20231123193958id_/https://joinkuliner.com/wp-includes/css/dist/block-library/style.min.css?ver=6.3.2,
downloaded,wp-includes/css/dist/block-library/style.min__q_a8982f8e66.css,https://joinkuliner.com/wp-includes/css/dist/block-library/style.min.css?ver=6.4.3,20240131150133,text/css,110147,0085adfd2d08a45f62a06d8f3f969ddc4a94ebe8d226511db90aa038f11ed180,https://web.archive.org/web/20240131150133id_/https://joinkuliner.com/wp-includes/css/dist/block-library/style.min.css?ver=6.4.3,
downloaded,wp-includes/fonts/dashicons__q_a76198cdf9.eot,https://joinkuliner.com/wp-includes/fonts/dashicons.eot?99ac726223c749443b642ce33df8b800,20231123210513,application/vnd.ms-fontobject,56564,c04a6545ea1a3860f6c8eb4b9eed8191d857dbf2716b812c816cae8e40bbea7a,https://web.archive.org/web/20231123210513id_/https://joinkuliner.com/wp-includes/fonts/dashicons.eot?99ac726223c749443b642ce33df8b800,
downloaded,wp-includes/fonts/dashicons__q_a76198cdf9.ttf,https://joinkuliner.com/wp-includes/fonts/dashicons.ttf?99ac726223c749443b642ce33df8b800,20231123194000,font/ttf,56392,cacd900a2587c234c53e9d0108fc51ff6c61420c4f89a1731014b673a7b9a1a8,https://web.archive.org/web/20231123194000id_/https://joinkuliner.com/wp-includes/fonts/dashicons.ttf?99ac726223c749443b642ce33df8b800,
downloaded,wp-includes/js/comment-reply.min.js,https://joinkuliner.com/wp-includes/js/comment-reply.min.js,20241204035452,text/javascript,2981,e174a58a503ab84b3d1b9de12fd3895788204485170f1289e445f7b5b98ec789,https://web.archive.org/web/20241204035452id_/https://joinkuliner.com/wp-includes/js/comment-reply.min.js,
downloaded,wp-includes/js/comment-reply.min__q_3f6afc87ec.js,https://joinkuliner.com/wp-includes/js/comment-reply.min.js?ver=6.8.1,20250609032521,text/javascript,3026,9d4687a19cab8f7442a3bda40c45be4d10e42488e091ddd706c3caed83c3ee1f,https://web.archive.org/web/20250609032521id_/https://joinkuliner.com/wp-includes/js/comment-reply.min.js?ver=6.8.1,
downloaded,wp-includes/js/comment-reply.min__q_9ba3bf7c84.js,https://joinkuliner.com/wp-includes/js/comment-reply.min.js?ver=6.3.2,20231123151039,application/javascript,2981,e174a58a503ab84b3d1b9de12fd3895788204485170f1289e445f7b5b98ec789,https://web.archive.org/web/20231123151039id_/https://joinkuliner.com/wp-includes/js/comment-reply.min.js?ver=6.3.2,
downloaded,wp-includes/js/dist/hooks.min.js,https://joinkuliner.com/wp-includes/js/dist/hooks.min.js,20241204043004,text/javascript,4307,2cb546fbdda7995d374fffa4b2f6530bbcf57d014639ddf76de45df43d593045,https://web.archive.org/web/20241204043004id_/https://joinkuliner.com/wp-includes/js/dist/hooks.min.js,
downloaded,wp-includes/js/dist/hooks.min__q_e88bbfe553.js,https://joinkuliner.com/wp-includes/js/dist/hooks.min.js?ver=2810c76e705dd1a53b18,20250810193518,application/javascript,4776,9a1e0d38b691f1d22a92cff65ec0439b428170ac39a4493c7ecb06d5585f56a3,https://web.archive.org/web/20250810193518id_/https://joinkuliner.com/wp-includes/js/dist/hooks.min.js?ver=2810c76e705dd1a53b18,
downloaded,wp-includes/js/dist/hooks.min__q_f57f717cc4.js,https://joinkuliner.com/wp-includes/js/dist/hooks.min.js?ver=c6aec9a8d4e5a5d543a1,20240226043212,application/javascript,4627,7868467c94a5aa0b3f11ef542f45287967f9627b3b5acdc86e47f8f77a126596,https://web.archive.org/web/20240226043212id_/https://joinkuliner.com/wp-includes/js/dist/hooks.min.js?ver=c6aec9a8d4e5a5d543a1,
downloaded,wp-includes/js/dist/i18n.min.js,https://joinkuliner.com/wp-includes/js/dist/i18n.min.js,20241204190530,text/javascript,9141,f313d12ea6124bd28fc4a6b7163d253bb83d5aeab5edce594880c5c3df475cbc,https://web.archive.org/web/20241204190530id_/https://joinkuliner.com/wp-includes/js/dist/i18n.min.js,
downloaded,wp-includes/js/dist/i18n.min__q_7535f82799.js,https://joinkuliner.com/wp-includes/js/dist/i18n.min.js?ver=7701b0c3857f914212ef,20240226043212,application/javascript,9445,698e93fe491cc7bbf07a470579a33dbd0db53c19142b7be41ebfd39a23aef11f,https://web.archive.org/web/20240226043212id_/https://joinkuliner.com/wp-includes/js/dist/i18n.min.js?ver=7701b0c3857f914212ef,
downloaded,wp-includes/js/dist/vendor/regenerator-runtime.min__q_31365527ca.js,https://joinkuliner.com/wp-includes/js/dist/vendor/regenerator-runtime.min.js?ver=0.14.0,20240226043211,application/javascript,6625,1d52e1ac7d3bc25a8b0ffc257153f9dd50249f96fe9a4df5e0d771241a69062c,https://web.archive.org/web/20240226043211id_/https://joinkuliner.com/wp-includes/js/dist/vendor/regenerator-runtime.min.js?ver=0.14.0,
downloaded,wp-includes/js/dist/vendor/wp-polyfill-inert.min__q_fbf6d0e5ff.js,https://joinkuliner.com/wp-includes/js/dist/vendor/wp-polyfill-inert.min.js?ver=3.1.2,20240226043213,application/javascript,8171,c1a9a3e223bad631dff12d33b5499eb145cb08d8621c20d9d73870e78d97afe4,https://web.archive.org/web/20240226043213id_/https://joinkuliner.com/wp-includes/js/dist/vendor/wp-polyfill-inert.min.js?ver=3.1.2,
downloaded,wp-includes/js/dist/vendor/wp-polyfill.min__q_004f979ac5.js,https://joinkuliner.com/wp-includes/js/dist/vendor/wp-polyfill.min.js?ver=3.15.0,20240226043211,application/javascript,115127,da9ed5720b674f0d297fe621ac2d8d518c4e622bef1e9b0d4ae489dee9aa43f8,https://web.archive.org/web/20240226043211id_/https://joinkuliner.com/wp-includes/js/dist/vendor/wp-polyfill.min.js?ver=3.15.0,
downloaded,wp-includes/js/jquery/jquery-migrate.min.js,https://joinkuliner.com/wp-includes/js/jquery/jquery-migrate.min.js,20241204043210,text/javascript,13577,5274f11e6fb32ae0cf2dfb9f8043272865c397a7c4223b4cfa7d50ea52fbde89,https://web.archive.org/web/20241204043210id_/https://joinkuliner.com/wp-includes/js/jquery/jquery-migrate.min.js,
downloaded,wp-includes/js/jquery/jquery.min.js,https://joinkuliner.com/wp-includes/js/jquery/jquery.min.js,20241204040115,text/javascript,87553,cb6f2d32c49d1c2b25e9ffc9aaafa3f83075346c01bcd4ae6eb187392a4292cf,https://web.archive.org/web/20241204040115id_/https://joinkuliner.com/wp-includes/js/jquery/jquery.min.js,
downloaded,wp-includes/js/jquery/jquery.min__q_392e354f30.js,https://joinkuliner.com/wp-includes/js/jquery/jquery.min.js?ver=3.7.0,20231123193958,application/javascript,87553,cb6f2d32c49d1c2b25e9ffc9aaafa3f83075346c01bcd4ae6eb187392a4292cf,https://web.archive.org/web/20231123193958id_/https://joinkuliner.com/wp-includes/js/jquery/jquery.min.js?ver=3.7.0,
downloaded,wp-includes/js/jquery/ui/core.min.js,https://joinkuliner.com/wp-includes/js/jquery/ui/core.min.js,20241204040637,text/javascript,21464,7e84c9f8d71bc6eb2dac2fce59a6caea62da51ffa8cf56b41806f59386ab1322,https://web.archive.org/web/20241204040637id_/https://joinkuliner.com/wp-includes/js/jquery/ui/core.min.js,
downloaded,wp-includes/js/jquery/ui/core.min__q_f28e234608.js,https://joinkuliner.com/wp-includes/js/jquery/ui/core.min.js?ver=1.13.2,20240229105354,application/javascript,21438,ca7dce2391845e8aec7da135f33fabd10f74eed28a532ac66fd01f761fcfb42f,https://web.archive.org/web/20240229105354id_/https://joinkuliner.com/wp-includes/js/jquery/ui/core.min.js?ver=1.13.2,
downloaded,wp-includes/js/jquery/ui/effect-slide.min__q_f28e234608.js,https://joinkuliner.com/wp-includes/js/jquery/ui/effect-slide.min.js?ver=1.13.2,20240229105351,application/javascript,901,050911cb6d3880ea373bc5f7a22b4c50a4e1a1cf6ba38c885eee7a3bac854414,https://web.archive.org/web/20240229105351id_/https://joinkuliner.com/wp-includes/js/jquery/ui/effect-slide.min.js?ver=1.13.2,
downloaded,wp-includes/js/jquery/ui/effect.min__q_f28e234608.js,https://joinkuliner.com/wp-includes/js/jquery/ui/effect.min.js?ver=1.13.2,20240229105351,application/javascript,17334,e01066b294dfd407a252a6a27d433b576931311f83b52352633bd6a1a3ae16cf,https://web.archive.org/web/20240229105351id_/https://joinkuliner.com/wp-includes/js/jquery/ui/effect.min.js?ver=1.13.2,
downloaded,wp-includes/js/thickbox/loadingAnimation.gif,https://joinkuliner.com/wp-includes/js/thickbox/loadingAnimation.gif,20240229105402,image/gif,15238,6a486bb6036ea984d293ab009566e99e522abc19f8833c5fd49630be7eba0135,https://web.archive.org/web/20240229105402id_/https://joinkuliner.com/wp-includes/js/thickbox/loadingAnimation.gif,
downloaded,wp-includes/js/thickbox/thickbox__q_1caa352a41.js,https://joinkuliner.com/wp-includes/js/thickbox/thickbox.js?ver=3.1-20121105,20240229105352,application/javascript,13242,c0e09e793fb79507dc97ed702a4c2c9c00ab4d1677bd45bcd112e203c96dd661,https://web.archive.org/web/20240229105352id_/https://joinkuliner.com/wp-includes/js/thickbox/thickbox.js?ver=3.1-20121105,
downloaded,wp-includes/js/thickbox/thickbox__q_9ba3bf7c84.css,https://joinkuliner.com/wp-includes/js/thickbox/thickbox.css?ver=6.3.2,20231123193958,text/css,2659,b390a3efe231d9f38b3a706a5765a2a2f0817e761f60a27556171e9a276980e3,https://web.archive.org/web/20231123193958id_/https://joinkuliner.com/wp-includes/js/thickbox/thickbox.css?ver=6.3.2,
downloaded,wp-includes/js/underscore.min__q_cf5af1e61b.js,https://joinkuliner.com/wp-includes/js/underscore.min.js?ver=1.13.4,20231123151039,application/javascript,18833,726b820e44f6ab90ad991d30a4bf26d3a5d71493cbcd1fb1efd0d14e89b9df2a,https://web.archive.org/web/20231123151039id_/https://joinkuliner.com/wp-includes/js/underscore.min.js?ver=1.13.4,
downloaded,wp-includes/js/wp-util.min__q_9ba3bf7c84.js,https://joinkuliner.com/wp-includes/js/wp-util.min.js?ver=6.3.2,20231123151041,application/javascript,1426,3bc6467a95cec8fa516c6f5f69e1301e37e16f9bb1046fe7756729249f901b95,https://web.archive.org/web/20231123151041id_/https://joinkuliner.com/wp-includes/js/wp-util.min.js?ver=6.3.2,
downloaded,wp-includes/js/zxcvbn-async.min__q_c98a578262.js,https://joinkuliner.com/wp-includes/js/zxcvbn-async.min.js?ver=1.0,20240401154949,application/javascript,351,e93e18f2f34a865e27d2d839eaccca6bec750d357f1c937980026d6d25507c2c,https://web.archive.org/web/20240401154949id_/https://joinkuliner.com/wp-includes/js/zxcvbn-async.min.js?ver=1.0,
downloaded,wp-json.json,https://joinkuliner.com/wp-json/,20241204052611,application/json,228364,c877b9579b4919ee41945d893f4bc9408881485a0773bc0c39942c1e94476327,https://web.archive.org/web/20241204052611id_/https://joinkuliner.com/wp-json/,
downloaded,wp-json/oembed/1.0/embed__q_307428112c.json,https://joinkuliner.com/wp-json/oembed/1.0/embed?url=https%3A%2F%2Fjoinkuliner.com%2F,20231123194001,application/json,2087,d44889aa74cf0e3aefa6e1bd71e6fe8b8b501c54e386d09489210a6fef7a4cd7,https://web.archive.org/web/20231123194001id_/https://joinkuliner.com/wp-json/oembed/1.0/embed?url=https%3A%2F%2Fjoinkuliner.com%2F,
downloaded,wp-json/oembed/1.0/embed__q_b6510f4fe9.xml,https://joinkuliner.com/wp-json/oembed/1.0/embed?url=https%3A%2F%2Fjoinkuliner.com%2F&format=xml,20231123193958,text/xml,2246,479f51b538602e9fa581ab9643328f9db3432854e21eabb962b753b497d333a7,https://web.archive.org/web/20231123193958id_/https://joinkuliner.com/wp-json/oembed/1.0/embed?url=https%3A%2F%2Fjoinkuliner.com%2F&format=xml,
downloaded,wp-json/wp/v2/pages/634.json,https://joinkuliner.com/wp-json/wp/v2/pages/634,20231123194000,application/json,89344,c447ef1544f9e4da50c8380b5484bfc420f642e31d6215bc6504b7a583b64f03,https://web.archive.org/web/20231123194000id_/https://joinkuliner.com/wp-json/wp/v2/pages/634,
failed,_queries/login__q_f2e13ef4a3.html,https://joinkuliner.com/login/?redirect_to=https%3A%2F%2Fjoinkuliner.com%2Fkuliner%2Fviral-warteg-kharisma-bahari-perpaduan-kuliner-dan-politik%2F,20250906232340,text/html,0,,https://web.archive.org/web/20250906232340id_/https://joinkuliner.com/login/?redirect_to=https%3A%2F%2Fjoinkuliner.com%2Fkuliner%2Fviral-warteg-kharisma-bahari-perpaduan-kuliner-dan-politik%2F,curl exit=unknown http=unknown
failed,page/20/index.html,https://joinkuliner.com/page/20/,20240911173358,text/html,0,,https://web.archive.org/web/20240911173358id_/https://joinkuliner.com/page/20/,curl exit=unknown http=unknown
failed,wp-content/plugins/elementor/assets/lib/eicons/css/elementor-icons.min__q_116cf96f00.css,https://joinkuliner.com/wp-content/plugins/elementor/assets/lib/eicons/css/elementor-icons.min.css?ver=5.29.0,20240229105350,text/css,0,,https://web.archive.org/web/20240229105350id_/https://joinkuliner.com/wp-content/plugins/elementor/assets/lib/eicons/css/elementor-icons.min.css?ver=5.29.0,identical-digest representative could not be downloaded
failed,wp-content/plugins/elementor/assets/lib/eicons/css/elementor-icons.min__q_7853e2a7c7.css,https://joinkuliner.com/wp-content/plugins/elementor/assets/lib/eicons/css/elementor-icons.min.css?ver=5.27.0,20240302040811,text/css,0,,https://web.archive.org/web/20240302040811id_/https://joinkuliner.com/wp-content/plugins/elementor/assets/lib/eicons/css/elementor-icons.min.css?ver=5.27.0,curl exit=unknown http=unknown
failed,wp-content/themes/flatnews/assets/css/min/ie-8.min__q_9be4512521.css,https://joinkuliner.com/wp-content/themes/flatnews/assets/css/min/ie-8.min.css?ver=5.6,20231123194001,text/css,0,,https://web.archive.org/web/20231123194001id_/https://joinkuliner.com/wp-content/themes/flatnews/assets/css/min/ie-8.min.css?ver=5.6,curl exit=0 http=200
failed,wp-content/themes/flatnews/assets/css/min/ie-9.min__q_9be4512521.css,https://joinkuliner.com/wp-content/themes/flatnews/assets/css/min/ie-9.min.css?ver=5.6,20231123194002,text/css,0,,https://web.archive.org/web/20231123194002id_/https://joinkuliner.com/wp-content/themes/flatnews/assets/css/min/ie-9.min.css?ver=5.6,identical-digest representative could not be downloaded
failed,wp-content/themes/zox-news/js/mvpcustom.js,https://joinkuliner.com/wp-content/themes/zox-news/js/mvpcustom.js,20241204035924,text/javascript,0,,https://web.archive.org/web/20241204035924id_/https://joinkuliner.com/wp-content/themes/zox-news/js/mvpcustom.js,identical-digest representative could not be downloaded
failed,wp-content/themes/zox-news/js/mvpcustom__q_3f6afc87ec.js,https://joinkuliner.com/wp-content/themes/zox-news/js/mvpcustom.js?ver=6.8.1,20250904180356,application/javascript,0,,https://web.archive.org/web/20250904180356id_/https://joinkuliner.com/wp-content/themes/zox-news/js/mvpcustom.js?ver=6.8.1,identical-digest representative could not be downloaded
failed,wp-content/themes/zox-news/js/mvpcustom__q_40bced49b0.js,https://joinkuliner.com/wp-content/themes/zox-news/js/mvpcustom.js?ver=6.7.2,20250403074548,text/javascript,0,,https://web.archive.org/web/20250403074548id_/https://joinkuliner.com/wp-content/themes/zox-news/js/mvpcustom.js?ver=6.7.2,identical-digest representative could not be downloaded
failed,wp-content/themes/zox-news/js/mvpcustom__q_a8982f8e66.js,https://joinkuliner.com/wp-content/themes/zox-news/js/mvpcustom.js?ver=6.4.3,20240401152917,application/javascript,0,,https://web.archive.org/web/20240401152917id_/https://joinkuliner.com/wp-content/themes/zox-news/js/mvpcustom.js?ver=6.4.3,identical-digest representative could not be downloaded
failed,wp-content/themes/zox-news/js/mvpcustom__q_f0c832bf2c.js,https://joinkuliner.com/wp-content/themes/zox-news/js/mvpcustom.js?ver=6.6.1,20241204043312,text/javascript,0,,https://web.archive.org/web/20241204043312id_/https://joinkuliner.com/wp-content/themes/zox-news/js/mvpcustom.js?ver=6.6.1,identical-digest representative could not be downloaded
failed,wp-content/uploads/2016/12/food5.jpg-768x512.webp,https://joinkuliner.com/wp-content/uploads/2016/12/food5.jpg-768x512.webp,20231228083118,image/webp,0,,https://web.archive.org/web/20231228083118id_/https://joinkuliner.com/wp-content/uploads/2016/12/food5.jpg-768x512.webp,curl exit=unknown http=unknown
failed,wp-content/uploads/2023/10/warteg-bahari-550x412.jpg,https://joinkuliner.com/wp-content/uploads/2023/10/warteg-bahari-550x412.jpg,20231211145413,image/jpeg,0,,https://web.archive.org/web/20231211145413id_/https://joinkuliner.com/wp-content/uploads/2023/10/warteg-bahari-550x412.jpg,curl exit=unknown http=unknown
failed,wp-content/uploads/2023/11/gulai-kepala-ikan.jpg,https://joinkuliner.com/wp-content/uploads/2023/11/gulai-kepala-ikan.jpg,20231211144827,image/jpeg,0,,https://web.archive.org/web/20231211144827id_/https://joinkuliner.com/wp-content/uploads/2023/11/gulai-kepala-ikan.jpg,curl exit=unknown http=unknown
failed,wp-content/uploads/2023/11/makanan-laut-768x431.webp,https://joinkuliner.com/wp-content/uploads/2023/11/makanan-laut-768x431.webp,20240302040805,image/webp,0,,https://web.archive.org/web/20240302040805id_/https://joinkuliner.com/wp-content/uploads/2023/11/makanan-laut-768x431.webp,curl exit=unknown http=unknown
failed,wp-content/uploads/2023/12/wisata-kuliner-jakarta-2-200x114.jpg,https://joinkuliner.com/wp-content/uploads/2023/12/wisata-kuliner-jakarta-2-200x114.jpg,20240203160925,image/jpeg,0,,https://web.archive.org/web/20240203160925id_/https://joinkuliner.com/wp-content/uploads/2023/12/wisata-kuliner-jakarta-2-200x114.jpg,curl exit=unknown http=unknown
failed,wp-content/uploads/2023/12/wisata-kuliner-jakarta-2-300x170.jpg,https://joinkuliner.com/wp-content/uploads/2023/12/wisata-kuliner-jakarta-2-300x170.jpg,20240203160936,image/jpeg,0,,https://web.archive.org/web/20240203160936id_/https://joinkuliner.com/wp-content/uploads/2023/12/wisata-kuliner-jakarta-2-300x170.jpg,curl exit=unknown http=unknown
failed,wp-content/uploads/2024/01/Asinan_Betawi_2-1-1600x1251.webp,https://joinkuliner.com/wp-content/uploads/2024/01/Asinan_Betawi_2-1-1600x1251.webp,20250609032602,image/webp,0,,https://web.archive.org/web/20250609032602id_/https://joinkuliner.com/wp-content/uploads/2024/01/Asinan_Betawi_2-1-1600x1251.webp,curl exit=unknown http=unknown
failed,wp-content/uploads/2024/01/KULINER_PADANG_PANJANG-550x437.jpg,https://joinkuliner.com/wp-content/uploads/2024/01/KULINER_PADANG_PANJANG-550x437.jpg,20241204035220,image/jpeg,0,,https://web.archive.org/web/20241204035220id_/https://joinkuliner.com/wp-content/uploads/2024/01/KULINER_PADANG_PANJANG-550x437.jpg,curl exit=unknown http=unknown
failed,wp-content/uploads/2024/01/humus-timur-tengah-150x112.jpg,https://joinkuliner.com/wp-content/uploads/2024/01/humus-timur-tengah-150x112.jpg,20240124064444,image/jpeg,0,,https://web.archive.org/web/20240124064444id_/https://joinkuliner.com/wp-content/uploads/2024/01/humus-timur-tengah-150x112.jpg,curl exit=unknown http=unknown
failed,wp-content/uploads/2024/01/kuliner-palangkaraya-550x367.jpg,https://joinkuliner.com/wp-content/uploads/2024/01/kuliner-palangkaraya-550x367.jpg,20241204043406,image/jpeg,0,,https://web.archive.org/web/20241204043406id_/https://joinkuliner.com/wp-content/uploads/2024/01/kuliner-palangkaraya-550x367.jpg,curl exit=unknown http=unknown
failed,wp-content/uploads/2024/04/resep-makaroni-keju-150x150.jpeg,https://joinkuliner.com/wp-content/uploads/2024/04/resep-makaroni-keju-150x150.jpeg,20250609060853,image/jpeg,0,,https://web.archive.org/web/20250609060853id_/https://joinkuliner.com/wp-content/uploads/2024/04/resep-makaroni-keju-150x150.jpeg,curl exit=unknown http=unknown
failed,wp-content/uploads/2024/05/Franchise-Makanan-Korea-200x300.jpg,https://joinkuliner.com/wp-content/uploads/2024/05/Franchise-Makanan-Korea-200x300.jpg,20241204194540,image/jpeg,0,,https://web.archive.org/web/20241204194540id_/https://joinkuliner.com/wp-content/uploads/2024/05/Franchise-Makanan-Korea-200x300.jpg,curl exit=unknown http=unknown
failed,wp-content/uploads/2024/06/Franchise-Takoyaki.jpg,https://joinkuliner.com/wp-content/uploads/2024/06/Franchise-Takoyaki.jpg,20241206125518,image/jpeg,0,,https://web.archive.org/web/20241206125518id_/https://joinkuliner.com/wp-content/uploads/2024/06/Franchise-Takoyaki.jpg,curl exit=unknown http=unknown
failed,wp-content/uploads/2025/01/logo-bisnis-naik-kelas-1-1-560x600.webp,https://joinkuliner.com/wp-content/uploads/2025/01/logo-bisnis-naik-kelas-1-1-560x600.webp,20250609032820,image/webp,0,,https://web.archive.org/web/20250609032820id_/https://joinkuliner.com/wp-content/uploads/2025/01/logo-bisnis-naik-kelas-1-1-560x600.webp,curl exit=unknown http=unknown
